Reaction,Dataset,Reference,MACE-OMOL-0-100M,MACE-OMOL-0-4M,wB97M-V,revDSD-PBEP86-D4,wB97M-V_Error,wB97M-V_AbsError,revDSD-PBEP86-D4_Error,revDSD-PBEP86-D4_AbsError,MACE-OMOL-0-100M_Error,MACE-OMOL-0-100M_AbsError,MACE-OMOL-0-4M_Error,MACE-OMOL-0-4M_AbsError
BH28_BHDIV_1,BH28,56.95506721802172,55.97486420458976,53.988749560724216,56.86413080407168,58.05775279076267,-0.09093641395003971,0.09093641395003971,1.1026855727409526,1.1026855727409526,-0.9802030134319608,0.9802030134319608,-2.966317657297502,2.966317657297502
BH28_BHDIV_2,BH28,50.09560239717492,50.648119939678146,51.109007889580354,50.716834266458974,49.119833017656255,0.6212318692840526,0.6212318692840526,-0.9757693795186668,0.9757693795186668,0.5525175425032245,0.5525175425032245,1.0134054924054325,1.0134054924054325
BH28_BHDIV_3,BH28,65.55927318575337,64.39802547884271,64.95965781974616,63.82705380218044,66.06178492556535,-1.7322193835729323,1.7322193835729323,0.5025117398119789,0.5025117398119789,-1.1612477069106575,1.1612477069106575,-0.5996153660072139,0.5996153660072139
BH28_BHPERI_4,BH28,35.014340274654955,36.77350071022147,36.52795844169048,36.69054973135369,40.663668832162806,1.6762094566987358,1.6762094566987358,5.64932855750785,5.64932855750785,1.759160435566514,1.759160435566514,1.5136181670355242,1.5136181670355242
BH28_BHPERI_5,BH28,30.99904394721036,30.95850419404574,32.27903850993987,30.477148647446292,32.78078851955002,-0.5218952997640685,0.5218952997640685,1.7817445723396617,1.7817445723396617,-0.04053975316461944,0.04053975316461944,1.279994562729513,1.279994562729513
BH28_BHPERI_6,BH28,39.86615693177946,38.30046291800069,38.68264835560431,39.48993939968487,39.60976326560543,-0.37621753209458575,0.37621753209458575,-0.25639366617402715,0.25639366617402715,-1.5656940137787672,1.5656940137787672,-1.18350857617515,1.18350857617515
BH28_BHPERI_7,BH28,28.48948358568012,26.751237589116943,27.158556139031187,26.576102969945712,27.955733205639937,-1.9133806157344075,1.9133806157344075,-0.5337503800401819,0.5337503800401819,-1.738245996563176,1.738245996563176,-1.330927446648932,1.330927446648932
BH28_BHPERI_8,BH28,37.11759076176924,38.8746978154487,39.33926877688527,38.33297934906968,36.02840333195978,1.2153885873004384,1.2153885873004384,-1.0891874298094635,1.0891874298094635,1.757107053679455,1.757107053679455,2.2216780151160265,2.2216780151160265
BH28_BHPERI_9,BH28,22.442638513665234,22.031013846035314,22.597458382597853,22.574181442194345,24.86624034205793,0.13154292852911098,0.13154292852911098,2.423601828392698,2.423601828392698,-0.4116246676299191,0.4116246676299191,0.1548198689326199,0.1548198689326199
BH28_CADBH_10,BH28,27.5573615601177,27.983794475227864,29.636877675370854,27.89880283090504,27.712710101567843,0.3414412707873389,0.3414412707873389,0.15534854145014165,0.15534854145014165,0.426432915110162,0.426432915110162,2.0795161152531527,2.0795161152531527
BH28_CADBH_11,BH28,20.100382218070973,20.698295662559115,22.51004673677838,20.83236794076061,19.7029928802818,0.731985722689636,0.731985722689636,-0.3973893377891713,0.3973893377891713,0.5979134444881424,0.5979134444881424,2.409664518707409,2.409664518707409
BH28_CADBH_12,BH28,13.886233080120101,15.334270587967922,16.411865341491396,15.532499165234295,19.578669170911382,1.6462660851141937,1.6462660851141937,5.692436090791281,5.692436090791281,1.44803750784782,1.44803750784782,2.5256322613712943,2.5256322613712943
BH28_CADBH_13,BH28,11.63957910791783,13.987397251155,14.675529042755263,14.350360485203048,23.376470371390543,2.710781377285217,2.710781377285217,11.736891263472712,11.736891263472712,2.34781814323717,2.34781814323717,3.035949934837433,3.035949934837433
BH28_CADBH_14,BH28,6.668260174062819,7.306884397988463,8.639336456189545,7.666197715052473,12.593227570523966,0.9979375409896534,0.9979375409896534,5.924967396461147,5.924967396461147,0.6386242239256434,0.6386242239256434,1.9710762821267256,1.9710762821267256
BH28_CADBH_15,BH28,4.947418980516489,5.90679762631544,6.760350013986741,6.534567523606747,5.378836140259453,1.587148543090258,1.587148543090258,0.43141715974296346,0.43141715974296346,0.9593786457989504,0.9593786457989504,1.8129310334702522,1.8129310334702522
BH28_CADBH_16,BH28,13.264818605581645,12.818236225212187,12.993007648910103,13.051730632666064,11.418019220581105,-0.2130879729155808,0.2130879729155808,-1.8467993850005406,1.8467993850005406,-0.44658238036945797,0.44658238036945797,-0.2718109566715423,0.2718109566715423
BH28_CADBH_17,BH28,6.21414913795087,5.818830691831086,6.480559131022923,6.04798437820592,4.987112821460633,-0.16616475974494982,0.16616475974494982,-1.2270363164902376,1.2270363164902376,-0.3953184461197843,0.3953184461197843,0.2664099930720525,0.2664099930720525
BH28_CADBH_18,BH28,0.7170174254399184,-0.3972426275896015,-0.03256981597458414,0.1653372629932537,-0.4258490253490634,-0.5516801624466647,0.5516801624466647,-1.1428664507889819,1.1428664507889819,-1.11426005302952,1.11426005302952,-0.7495872414145026,0.7495872414145026
BH28_CRBH_19,BH28,46.15200781227431,45.89318735151099,44.32246499731958,46.343961140616535,46.80301832502158,0.19195332834222256,0.19195332834222256,0.6510105127472698,0.6510105127472698,-0.25882046076332443,0.25882046076332443,-1.8295428149547348,1.8295428149547348
BH28_CRBH_20,BH28,49.88049716954295,50.180555822556684,49.42872944675503,50.2376782605027,50.54144600600003,0.3571810909597488,0.3571810909597488,0.6609488364570808,0.6609488364570808,0.30005865301373547,0.30005865301373547,-0.45176772278792043,0.45176772278792043
BH28_CRBH_21,BH28,42.94933060615216,43.68739539205479,43.35798950650113,43.13554630161521,43.69765420880637,0.18621569546304784,0.18621569546304784,0.7483236026542102,0.7483236026542102,0.7380647859026297,0.7380647859026297,0.4086589003489678,0.4086589003489678
BH28_CRBH_22,BH28,44.88527702733047,48.184945093707874,49.031777538283905,47.43116447710047,47.77818370464063,2.5458874497699995,2.5458874497699995,2.8929066773101653,2.8929066773101653,3.299668066377407,3.299668066377407,4.146500510953437,4.146500510953437
BH28_CRBH_23,BH28,50.884320937649356,52.02017643327661,53.685992887449835,51.74303646565741,52.28158620955046,0.8587155280080552,0.8587155280080552,1.3972652719011052,1.3972652719011052,1.1358554956272542,1.1358554956272542,2.801671949800479,2.801671949800479
BH28_CRBH_24,BH28,42.710324797672186,43.040812863633555,44.29054322722291,42.60602061211368,44.039342699542175,-0.10430418555850451,0.10430418555850451,1.3290179018699888,1.3290179018699888,0.3304880659613687,0.3304880659613687,1.580218429550726,1.580218429550726
BH28_PXBH_25,BH28,48.44646294617259,46.90085394518386,46.1495637706107,48.229959062682624,47.04399600104476,-0.2165038834899633,0.2165038834899633,-1.402466945127827,1.402466945127827,-1.5456090009887262,1.5456090009887262,-2.29689917556189,2.29689917556189
BH28_PXBH_26,BH28,26.6730400687418,23.1929477500084,22.731047167330196,25.418868132905757,25.221898401586525,-1.254171935836041,1.254171935836041,-1.451141667155273,1.451141667155273,-3.480092318733398,3.480092318733398,-3.941992901411602,3.941992901411602
BH28_PXBH_27,BH28,14.459847020472036,9.280248963109033,18.905048000574595,12.289895037312052,13.19273053056958,-2.1699519831599847,2.1699519831599847,-1.267116489902456,1.267116489902456,-5.179598057363004,5.179598057363004,4.445200980102559,4.445200980102559
BH28_PXBH_28,BH28,14.388145277928045,8.100448112030898,19.313132774685688,11.915989940390316,12.84393846822186,-2.4721553375377283,2.4721553375377283,-1.5442068097061856,1.5442068097061856,-6.287697165897146,6.287697165897146,4.924987496757643,4.924987496757643
