Reaction,Dataset,Reference,MACE-OMOL-0-100M,MACE-OMOL-0-4M,wB97M-V
BH28_BHDIV_1,BH28,56.95506721802172,55.97486420458976,53.988749560724216,56.86413080407168
BH28_BHDIV_2,BH28,50.09560239717492,50.648119939678146,51.109007889580354,50.716834266458974
BH28_BHDIV_3,BH28,65.55927318575337,64.39802547884271,64.95965781974616,63.82705380218044
BH28_BHPERI_4,BH28,35.014340274654955,36.77350071022147,36.52795844169048,36.69054973135369
BH28_BHPERI_5,BH28,30.99904394721036,30.95850419404574,32.27903850993987,30.477148647446292
BH28_BHPERI_6,BH28,39.86615693177946,38.30046291800069,38.68264835560431,39.48993939968487
BH28_BHPERI_7,BH28,28.48948358568012,26.751237589116943,27.158556139031187,26.576102969945712
BH28_BHPERI_8,BH28,37.11759076176924,38.8746978154487,39.33926877688527,38.33297934906968
BH28_BHPERI_9,BH28,22.442638513665234,22.031013846035314,22.597458382597853,22.574181442194345
BH28_CADBH_10,BH28,27.5573615601177,27.983794475227864,29.636877675370854,27.89880283090504
BH28_CADBH_11,BH28,20.100382218070973,20.698295662559115,22.51004673677838,20.83236794076061
BH28_CADBH_12,BH28,13.886233080120101,15.334270587967922,16.411865341491396,15.532499165234295
BH28_CADBH_13,BH28,11.63957910791783,13.987397251155,14.675529042755263,14.350360485203048
BH28_CADBH_14,BH28,6.668260174062819,7.306884397988463,8.639336456189545,7.666197715052473
BH28_CADBH_15,BH28,4.947418980516489,5.90679762631544,6.760350013986741,6.534567523606747
BH28_CADBH_16,BH28,13.264818605581645,12.818236225212187,12.993007648910103,13.051730632666064
BH28_CADBH_17,BH28,6.21414913795087,5.818830691831086,6.480559131022923,6.04798437820592
BH28_CADBH_18,BH28,0.7170174254399184,-0.3972426275896015,-0.03256981597458414,0.1653372629932537
BH28_CRBH_19,BH28,46.15200781227431,45.89318735151099,44.32246499731958,46.343961140616535
BH28_CRBH_20,BH28,49.88049716954295,50.180555822556684,49.42872944675503,50.2376782605027
BH28_CRBH_21,BH28,42.94933060615216,43.68739539205479,43.35798950650113,43.13554630161521
BH28_CRBH_22,BH28,44.88527702733047,48.184945093707874,49.031777538283905,47.43116447710047
BH28_CRBH_23,BH28,50.884320937649356,52.02017643327661,53.685992887449835,51.74303646565741
BH28_CRBH_24,BH28,42.710324797672186,43.040812863633555,44.29054322722291,42.60602061211368
BH28_PXBH_25,BH28,48.44646294617259,46.90085394518386,46.1495637706107,48.229959062682624
BH28_PXBH_26,BH28,26.6730400687418,23.1929477500084,22.731047167330196,25.418868132905757
BH28_PXBH_27,BH28,14.459847020472036,9.280248963109033,18.905048000574595,12.289895037312052
BH28_PXBH_28,BH28,14.388145277928045,8.100448112030898,19.313132774685688,11.915989940390316
BH76_3,BH46,42.100031673542496,43.28322543191385,32.488580925938074,37.342640132030425
BH76_7,BH46,30.50002331305889,32.68119226179144,23.483548082857663,28.24913860922289
BH76_8,BH46,56.90004279476982,58.42717211230814,57.719795863576714,52.76099538668453
BH76_9,BH46,1.5000011568309202,8.76375943284741,-2.298770131835842,-0.4977852562571784
BH76_10,BH46,104.8000792760636,107.03195243887912,117.07303677837326,101.83145080456572
BH76_13,BH46,-0.6000007137361577,-3.8239759797175883,-2.5237514139867083,-1.0805197330599894
BH76_15,BH46,13.400009874182606,10.904981367762314,17.4442954637038,12.445815328361196
BH76_17,BH46,2.5000021372213586,2.476999766111527,14.311567609102879,2.877951971965673
BH76_21,BH46,-12.300008984005967,-14.202724375303326,-15.653110009574682,-12.533766303274666
BH76_22,BH46,19.80001476816057,19.860639797458383,25.434428012304767,20.18435108056157
BH76_27,BH46,11.000008274256924,9.879600983120143,15.014795670352738,10.573961344338386
BH76_28,BH46,47.70003603421189,46.9937992028424,52.939088711930914,47.12074677266841
BH76_31,BH46,3.2000021332342437,5.104154475164793,-3.8622125811954597,3.3612912071049137
BH76_32,BH46,22.80001708182241,24.750600607293247,25.31614899879365,22.8620540489482
BH76_35,BH46,6.400004893977961,9.054435575285806,9.200915804207229,6.051155183602156
BH76_36,BH46,33.00002482277077,34.0475062987765,34.36860667207927,33.66816271148443
BH76_39,BH46,6.100004537109882,7.101040963769691,4.151132653116421,4.873631020007609
BH76_40,BH46,8.000005960595084,11.127384065096416,13.728334077905535,5.975475658484788
BH76_41,BH46,5.20000409401512,6.771783777813567,13.792089582361369,3.4007113522721326
BH76_42,BH46,21.600016281859567,23.777832449804812,20.759180203899714,19.277367335545524
BH76_43,BH46,11.900008717351687,17.782316249487234,19.025769587863007,10.431514246452588
BH76_44,BH46,15.000011568309203,19.779562046575595,12.533104372072845,14.423764535453426
BH76_47,BH46,9.700007564507882,11.427122621543118,0.4024511616242668,8.853194134174096
BH76_49,BH46,3.400002580316121,2.187539262704061,4.892589008119634,2.410249770904295
BH76_50,BH46,13.700010231050685,12.178007925537617,11.490591581866912,11.728336746220046
BH76_51,BH46,1.800001513698999,4.753427905079722,10.591154528034796,0.9425539940694144
BH76_52,BH46,6.800005160632242,10.77701680347697,13.675690737060501,6.036648921560808
BH76_53,BH46,3.5000024901023226,2.5568862333364017,4.251529098003065,2.358557360208688
BH76_54,BH46,20.400015481896727,20.114943019038463,19.299425562245155,18.33180732007471
BH76_55,BH46,1.6000010666171218,0.7023420230247979,6.7482860425090605,-2.1231516363338336
BH76_56,BH46,33.80002535607933,34.71895039035724,19.823358788643315,29.181932760187788
BH76_57,BH46,14.400010854573045,9.316035478864595,19.407721596903357,11.707560472291132
BH76_58,BH46,8.900007031199321,11.011322139470353,17.915255509606183,6.798336487436589
BH76_59,BH46,2.900002403875639,6.381597778144186,-1.3697036618094096,3.339371610922215
BH76_60,BH46,24.70001850530761,28.946996675058397,25.88652799851724,23.85886853622202
BH76_65,BH46,10.400007560520766,3.4066996653142616,-2.5582367097594463,7.628605755948749
BH76_66,BH46,9.900007384080284,11.125575224317268,-0.9661665880665835,7.813476698612351
BH76_67,BH46,8.900007031199321,13.51617612553085,20.679529639450376,7.647621301091554
BH76_68,BH46,22.000016548513848,25.218461722538745,20.98456992441787,20.872337658714947
BH76_69,BH46,9.800007474294082,13.382304939285081,17.67585336544872,9.096762501283644
BH76_70,BH46,19.400014501506288,22.535336625484884,16.392753023502628,18.232634593309115
BH76_71,BH46,11.300008631125003,11.561622814401193,10.170988713910475,10.710394893452024
BH76_72,BH46,17.800013434889166,19.129210937251866,18.620882604405285,17.36555787803796
BH76_73,BH46,13.900010678132563,14.174794008115047,12.571052206224854,13.295361123209068
BH76_74,BH46,16.9000129917944,19.193128220175463,19.43280546980608,15.861679842179246
BH76_75,BH46,39.700030073616816,38.21346247143436,38.53455775470356,39.44944364053168
BH9_1,BH876,11.740000076561127,10.79588715308804,11.961222090482394,11.014517548305118
BH9_2,BH876,9.010000000000014,10.080430030069232,11.045865187209241,10.25597807198742
BH9_3,BH876,38.50999977168731,38.40543689266524,39.82394650103705,38.27488220016119
BH9_4,BH876,6.559999999999983,7.781089893606802,8.563013020980856,7.9355993294546945
BH9_5,BH876,17.100000261177325,16.79383461677153,16.542577149949842,17.189316445662246
BH9_6,BH876,15.179999999999978,16.305383973504636,16.59351273124545,16.336308179043964
BH9_7,BH876,10.800000000000004,10.126983766752488,10.542411892592204,10.0992294056565
BH9_8,BH876,20.54000029537003,23.13329778632971,19.845334780270285,22.11455710782443
BH9_9,BH876,8.559999999999999,7.557526815577916,7.539163634666494,7.519742337652926
BH9_10,BH876,10.839999999999982,11.598929465876108,11.387390277928912,11.557317886951516
BH9_11,BH876,6.919999999999971,6.33819377442405,9.094118584154446,6.155443555860623
BH9_12,BH876,26.64999980338274,27.326444775477768,28.320983345913678,26.478034659821
BH9_13,BH876,7.939999999999999,8.025822960399273,8.220186632375553,7.950193442767258
BH9_14,BH876,24.569999797301328,25.73610881304075,26.35192894330078,25.146870888318745
BH9_15,BH876,13.670000217963238,15.238089732703662,15.79252511778761,14.155142350607788
BH9_16,BH876,20.449999749052974,20.924620740985077,23.955226311777295,21.049408658634963
BH9_17,BH876,-0.7899999148204667,-1.8579524984942883,-2.5566011828599815,-2.190909921092836
BH9_18,BH876,15.790000187959137,17.13573745704782,16.711417555302983,17.40610816774777
BH9_19,BH876,7.640000000000009,8.895970936161284,9.404057800943475,7.752598804282472
BH9_20,BH876,31.530000000000012,32.07142996734542,34.56544969407111,31.21960637372185
BH9_21,BH876,10.880000000000022,10.455046846135083,12.718590291946926,10.615634562308156
BH9_22,BH876,8.299999999999986,9.492329122565426,12.203686255238821,9.865239531430367
BH9_23,BH876,3.370000097342364,3.1410705208286456,7.0496667585076045,2.837083848715507
BH9_24,BH876,36.53000030290157,36.40175614138307,34.98810278858488,36.44689997626489
BH9_25,BH876,14.829999798992652,16.23449866288157,17.94047494422949,15.771169256134469
BH9_26,BH876,20.63999999999998,21.457374346568702,24.62311970224346,21.19607418892683
BH9_27,BH876,7.960000000000019,8.276658384942067,9.25803872580876,8.15642568642285
BH9_28,BH876,23.9499997291174,24.754041823787226,26.283966387409556,24.23733669377703
BH9_29,BH876,9.349999722633012,8.563047734582668,10.406990589130398,8.462339818111312
BH9_30,BH876,11.720000094603888,12.785016637245342,16.82984414520582,12.173445970703307
BH9_31,BH876,17.039999999999978,17.235024690079694,17.32399036349552,17.275647128312283
BH9_32,BH876,15.200000092711072,16.615794937346294,17.29680169849076,16.644466723856706
BH9_33,BH876,16.960000000000022,15.871475299806223,17.12932088012284,15.97346965095664
BH9_34,BH876,3.8700002737828463,4.17295381019271,4.370967959061625,4.37478539822254
BH9_35,BH876,7.760000000000004,7.47770699217209,9.241241721889601,7.619863105761325
BH9_36,BH876,19.980000173057828,20.57364019029455,21.4443523826365,20.052832750458403
BH9_37,BH876,4.249999930970413,3.704417586288347,7.988471306730086,3.740859765266594
BH9_38,BH876,36.12000004526867,35.68042716234214,34.61068958514835,36.122617136275295
BH9_39,BH876,5.779999805718245,6.73257776439605,8.542760571400473,6.388867667578389
BH9_40,BH876,30.879999752395914,32.623600300892996,34.56098450996934,32.097418521080655
BH9_41,BH876,5.420000130487919,7.2301838777779786,6.816522787035151,6.201834578279336
BH9_42,BH876,25.969999789327094,27.215136382796985,28.016200652671383,26.228995853342205
BH9_43,BH876,16.3800002832072,17.000574960892862,17.865676622110712,17.219844216795572
BH9_44,BH876,9.260000000000016,9.968957860877744,10.834189797777139,10.029724573739731
BH9_45,BH876,12.960000230971735,12.871197809193704,14.483213422411847,12.58174649339515
BH9_46,BH876,9.630000097543851,10.65160613252792,12.783213476558247,10.78255415315269
BH9_47,BH876,7.109999999999975,7.211520084983215,8.14954142106026,6.981056202137179
BH9_48,BH876,24.940000091019748,26.480510122918055,27.224629067736455,25.613017681666328
BH9_49,BH876,6.750000185663349,7.191701570326529,9.193792511708146,6.887090799913686
BH9_50,BH876,21.04999983527966,21.875161324044218,24.10454383218003,21.240176119516267
BH9_51,BH876,18.760000000000023,16.886992126284067,20.1963786553141,16.94314956181587
BH9_52,BH876,2.3999997173972605,2.7561414597935903,3.060039695062507,2.993099960450321
BH9_53,BH876,9.779999999999976,10.70707617151701,11.899241220874096,10.547390585162669
BH9_54,BH876,18.83000000000003,20.1892472460041,20.4327992152875,19.4179226178417
BH9_55,BH876,22.45999981828405,21.524721209566447,23.153318853477092,22.05604937949662
BH9_56,BH876,9.640000000000024,10.308511604365885,10.785031648642692,10.120552616865965
BH9_57,BH876,7.919999999999978,8.625310391666897,10.912793143831857,8.796973615112016
BH9_58,BH876,18.080000004591575,18.190115833439034,20.41602205236459,17.9845755174053
BH9_59,BH876,14.29000000000002,14.064152567126955,16.120362844357473,14.117598521483592
BH9_60,BH876,6.030000207693223,6.612599078897201,9.17938367779344,6.566806575833498
BH9_61,BH876,24.18000014913514,21.947474407012606,24.008519033094124,22.914684272551245
BH9_62,BH876,7.640000000000009,8.720394590251757,7.348719181192027,8.174360032743794
BH9_63,BH876,11.469999999999992,11.365358640984311,11.752034617663837,11.229806385238664
BH9_64,BH876,10.550000000000002,11.682614897275688,14.708882388318527,11.778207622419696
BH9_65,BH876,20.070000091865406,18.37568010734832,21.726112925740242,18.818510947233182
BH9_66,BH876,3.029999776559805,2.912117666278724,3.8880327269482313,2.949784738465547
BH9_67,BH876,13.01999999999999,12.012201935893108,11.3829428737876,11.863222856963
BH9_68,BH876,8.080000000000014,8.654886086241778,8.122142819152641,8.501608105933116
BH9_69,BH876,9.680000000000001,9.069413031881583,9.90621103356155,9.709640964442736
BH9_70,BH876,27.800000020943006,28.97665599034328,29.916230953427167,28.853930671560963
BH9_71,BH876,7.820000000000003,8.783764290004191,10.71812131702572,8.946814970903079
BH9_72,BH876,18.490000000000002,19.042861571518102,21.122254230409908,18.71207712008597
BH9_73,BH876,6.150000099436665,5.772524193049451,5.31338952256651,5.1812000823515785
BH9_74,BH876,31.910000078212736,31.409111958962658,31.93676168207422,31.415313400934185
BH9_75,BH876,6.290000000000024,5.917422525786399,6.212149264470714,5.6065028487256185
BH9_76,BH876,30.93000000000003,30.784798803313915,31.820597011544045,30.686298182649622
BH9_77,BH876,5.3000002387444765,4.5138271662526845,5.023314471622321,4.30944208369258
BH9_78,BH876,27.450000000000024,27.3204974161897,27.53701779789044,26.796628373421004
BH9_79,BH876,5.709999868867904,5.251371418091232,5.898014825024349,4.562178615188392
BH9_80,BH876,24.840000181233542,24.73667753215541,25.30593608241042,24.006033313079374
BH9_81,BH876,7.580000000000011,8.206232374222195,7.599979791377748,8.022545536190963
BH9_82,BH876,20.850000015707256,20.887284167858457,20.714691370548252,20.43779575657194
BH9_83,BH876,13.309999915223441,13.187130099309117,12.76279466893789,13.34596455404049
BH9_84,BH876,13.519999725774463,13.59278060368007,13.585404383868584,14.00362259526259
BH9_85,BH876,5.45000010342378,5.223350553807685,5.5471501415272035,4.765599616399443
BH9_86,BH876,25.56000015920367,25.559147897724937,26.615616282359046,25.50032814974619
BH9_87,BH876,6.100000144543563,6.246458591657939,6.68199364531046,5.6295711011324086
BH9_88,BH876,22.210000043818546,22.11639943211506,22.923524782576706,22.177165359599744
BH9_89,BH876,10.669999999999998,10.80820629987708,11.298747636781764,9.686986240900511
BH9_90,BH876,31.780000195490672,31.702943082379218,30.380900098030533,31.128851874805697
BH9_91,BH876,0.010000000000000012,-3.476979491914338,-2.2445959540331013,-3.3258783373559444
BH9_92,BH876,19.71999999999999,19.703353870274544,23.687521425250182,19.76176128882088
BH9_93,BH876,7.4700001636334745,7.436141498180224,6.736763982787163,7.083960853270324
BH9_94,BH876,21.310000228233257,20.847477590074796,20.87118138379064,20.589554467544637
BH9_95,BH876,0.37000029371841997,-4.916544396337487,-2.828712268507471,-4.752114123982507
BH9_96,BH876,22.45999981828405,22.248371924852137,21.672753461692054,21.50642556553845
BH9_97,BH876,8.099999999999973,9.979103794748408,13.650618425715649,6.636931261559709
BH9_98,BH876,43.7700000465173,48.34318239830456,52.78112609595245,44.720373749883294
BH9_99,BH876,8.849999999999977,10.978967829031525,14.614284171348594,7.468701093486534
BH9_100,BH876,43.49000029911594,48.22719844866304,52.649964243213084,44.38599396872088
BH9_101,BH876,11.449999999999973,13.756158084575562,18.941671017545396,10.15392062141737
BH9_102,BH876,47.83000014889394,52.95769768879295,58.886448817444915,49.16700107628269
BH9_103,BH876,10.150000255941574,12.159253519720787,15.738402419883233,8.517439291491756
BH9_104,BH876,47.06000021603071,51.96744256237743,56.25402873417447,48.09085125647069
BH9_105,BH876,26.56999987555378,27.74970057216375,28.64966343483282,27.418651218403955
BH9_106,BH876,93.72000000000003,95.90969705390634,96.2468537503936,95.01885723915956
BH9_107,BH876,26.76999969512618,28.35448559662161,30.83202895315354,28.332677753256483
BH9_108,BH876,62.04999987068128,64.63629309463224,67.03131935721105,64.14921647590961
BH9_109,BH876,19.07000000000002,24.86961161342303,26.497049734211835,20.23450847767097
BH9_110,BH876,39.400000223803445,47.31380895471295,47.93734800870709,42.55159370353012
BH9_111,BH876,12.199999999999978,14.059613180636244,17.0032338598485,12.394364822559988
BH9_112,BH876,36.76999999999998,39.49604327456027,42.509424031386054,37.401330904847946
BH9_113,BH876,17.83000023012607,18.03409850400914,21.727942444435783,18.07229632182018
BH9_114,BH876,47.85000013085117,50.34193091125611,53.750940804102044,50.09084656562593
BH9_115,BH876,19.749999753040086,19.28380898818589,22.22334867123114,19.48082761881946
BH9_116,BH876,50.91999987132546,53.951897604664936,56.72826625389291,53.30307810549499
BH9_117,BH876,23.079999886467974,22.58927326567672,26.812001762129807,22.712075331352
BH9_118,BH876,45.70000018791942,48.22919428065081,52.360736564796014,47.829960490319486
BH9_119,BH876,24.510000000000005,24.532809421403822,27.382504002820426,24.25595232715577
BH9_120,BH876,44.87000030918447,47.65540398237528,50.996151113047766,47.047752109650624
BH9_121,BH876,24.90000000000002,25.859590776631933,27.140327022948945,24.592317297369878
BH9_122,BH876,60.92000026258773,63.699332700346275,64.5775191190119,62.32528212741271
BH9_123,BH876,21.970000000000006,23.245626962492615,24.799820764485705,21.994409500359374
BH9_124,BH876,60.48000003201897,63.60874617664892,64.47699186514477,62.13818245924928
BH9_125,BH876,25.289999999999978,25.984310069862353,29.70189595933059,24.995603642780047
BH9_126,BH876,60.67999985159137,63.21384501155064,67.07767385241561,62.25495513258857
BH9_127,BH876,23.42999999999998,26.230075986154738,29.332217309610257,24.29664600269084
BH9_128,BH876,53.320000216232195,56.222718557443024,59.76072712011431,54.875713797701295
BH9_129,BH876,15.270000000000008,17.834914731334344,21.71366744679612,15.817899196431442
BH9_130,BH876,59.45999969718076,62.10659283979515,65.82582998329158,60.70211447768658
BH9_131,BH876,19.860000281314388,22.143677171953794,25.201113744901704,20.359510561090616
BH9_132,BH876,70.39999999999966,73.06494043190361,76.28169079135135,71.9084700809076
BH9_133,BH876,22.040000000000013,25.82689864296701,29.44405757343962,24.40520551831607
BH9_134,BH876,59.32999981445871,63.60787943485844,67.31399707989307,61.902316645456864
BH9_135,BH876,19.099999711920304,22.24582560037646,25.212560817606434,21.049373016102805
BH9_136,BH876,56.89000013314696,61.32599333309953,64.2459511335502,59.9166385296548
BH9_137,BH876,12.399999999999991,13.267105253887106,15.685762006172002,12.856747500309138
BH9_138,BH876,62.13999978948887,64.08645727035801,65.95666661142603,63.46637516167198
BH9_139,BH876,8.83000000000002,9.849819146140506,12.636050723176387,8.638510530200234
BH9_140,BH876,68.84999999999967,73.48136823609205,75.34677823962873,70.4769364200129
BH9_141,BH876,24.810000208297684,26.0631977238556,28.84262615996041,25.302737401818234
BH9_142,BH876,57.02000001586903,59.1806193144569,61.358839135689024,58.378805579690926
BH9_143,BH876,26.619999830446883,27.15840380834774,29.85013176264734,26.552373071690912
BH9_144,BH876,73.9499999999998,76.0850049957208,78.55995511309379,75.13221196429433
BH9_145,BH876,23.550000089972595,24.882681317793967,27.18455008370136,23.54573045275154
BH9_146,BH876,54.519999761176095,58.002308655741345,60.36803945962128,56.25074255221381
BH9_147,BH876,27.830000000000034,29.026276087684025,31.43470640203562,27.924152519379984
BH9_148,BH876,47.790000184979455,50.80212889549942,53.10380713104224,49.48124583545063
BH9_149,BH876,29.600000000000005,31.152889068926292,33.376487833039484,29.46351458446759
BH9_150,BH876,50.219999875312574,53.70121061357851,55.980329506652524,51.77294664196653
BH9_151,BH876,21.689999885420825,25.800141562907083,31.19964789397219,24.06331036987197
BH9_152,BH876,38.31999994309353,41.30877973029545,45.896700540078236,39.73094508091143
BH9_153,BH876,1.6499997664912747,7.280129878769332,8.533795866820897,2.97607719722557
BH9_154,BH876,35.569999913935085,40.196189190007,40.40882497715174,35.64616638636784
BH9_155,BH876,7.9799999999999764,13.155067140538875,13.195639794882148,9.062514728461531
BH9_156,BH876,55.019999937616575,56.916835701207994,58.78704146060168,54.34939982723939
BH9_157,BH876,15.119999999999981,19.632217431995596,20.82223977952919,15.838969207499243
BH9_158,BH876,36.68000016758087,36.963647408819604,41.41254089501556,35.525828329793974
BH9_159,BH876,6.609999999999971,13.16035779110506,13.008462759813577,7.92185831525687
BH9_160,BH876,54.79000014510831,59.97856069939028,57.2692011679616,53.493708957631625
BH9_161,BH876,11.620000184817686,16.73342227850391,23.007229619266127,13.002350908104404
BH9_162,BH876,53.25000027938185,58.26632409699302,57.682062188377074,54.827858168178246
BH9_163,BH876,18.27999982416398,17.804563674142337,17.55071395760587,17.59148601256856
BH9_164,BH876,30.480000113251105,31.427974158438314,30.526614315150834,31.41779331847385
BH9_165,BH876,16.5300001478865,15.963492078144826,15.737024560480505,15.821658166431698
BH9_166,BH876,29.810000090174082,30.19626857916034,29.427085357366217,30.52257217579155
BH9_167,BH876,15.489999999999979,15.085599664105802,14.47213267378609,14.973012094619564
BH9_168,BH876,33.649999763511595,34.51234812926625,33.22484067824576,34.57543580112841
BH9_169,BH876,16.99999972388165,16.739076876721057,16.160405253630604,16.581297290358005
BH9_170,BH876,34.42999968735344,35.99172448960136,34.613901657675534,35.6290819389578
BH9_171,BH876,22.73000000000002,23.179466089203977,27.925554163751293,24.1313293848602
BH9_172,BH876,36.08999999999998,36.73331711880233,41.304013480555,37.47122862045776
BH9_173,BH876,37.42000012750824,41.47464871898482,46.84287124577319,39.26171112906816
BH9_174,BH876,39.32000029597449,43.87587280166097,48.61253799354022,40.95033378993516
BH9_175,BH876,14.25999999999999,14.546605241015095,23.026507383940807,13.978349149015587
BH9_176,BH876,27.770000048007144,28.49209695063791,36.7944774874655,28.10076957878183
BH9_177,BH876,28.060000000000016,31.118570255805917,36.775617809950575,29.10138758932811
BH9_178,BH876,31.780000195490672,34.119478256272615,40.559260186618744,32.284075983193055
BH9_179,BH876,8.580000000000018,10.14600399050466,14.857577004110876,8.637316065849856
BH9_180,BH876,47.74000023008636,49.29268672338409,52.80554933829406,48.83031927656131
BH9_181,BH876,16.35000031027134,18.167809890612993,21.00662017177793,16.871662176523426
BH9_182,BH876,48.75999993741509,51.81002824223457,54.39278250132051,50.28163341663741
BH9_183,BH876,16.640000048651324,16.479876445215833,19.766301012890423,16.84522413560688
BH9_184,BH876,53.179999715022035,54.336021478149775,56.745764659774395,54.20196101701773
BH9_185,BH876,16.97999999999998,15.342939593641837,18.66152209640613,16.64724238650332
BH9_186,BH876,59.45999969718076,59.62886662657492,61.28401880798883,60.746174867174375
BH9_187,BH876,26.479999956746198,26.271007189848213,31.450631851989424,26.362022841734035
BH9_188,BH876,51.36000010189422,53.30956354778883,57.5178258024853,53.15259618801547
BH9_189,BH876,-1.3400000461540498,0.23090925394831693,1.7477653818669088,-2.4520129109545823
BH9_190,BH876,88.5100000000001,91.42228836273067,94.87523480649473,88.9395001482514
BH9_191,BH876,1.9800000962952138,3.054874449647229,5.490536222863699,0.3681992788032782
BH9_192,BH876,86.4400000000002,90.6378915719785,94.88521351442607,88.1825350305043
BH9_193,BH876,13.94999999999999,15.353625279346945,18.589087267123833,13.031974249912876
BH9_194,BH876,47.20000008973139,50.77738680773703,54.621758702564385,49.23616849629947
BH9_195,BH876,18.440000307331374,18.967152790400696,23.791995330607847,18.258201086324167
BH9_196,BH876,35.47999999512751,38.39093751342972,43.88069343348256,37.039309582370606
BH9_197,BH876,-1.9500001233593534,-2.201401006903395,2.0945299080312085,-3.966054027523602
BH9_198,BH876,24.260000076964097,26.29580999884549,31.164422120104824,24.10756447149582
BH9_199,BH876,12.390000117680911,10.945484351544863,15.005127097708991,11.72460344136052
BH9_200,BH876,36.11000005429005,37.693009560339554,42.47742569542058,38.8248766839016
BH9_201,BH876,10.450000000000026,9.554706295314922,9.27721022971574,8.002365458979082
BH9_202,BH876,35.89000025276041,38.26580974602847,39.13355083321087,37.16954534593308
BH9_203,BH876,-0.11999989174344192,-0.8900112626677077,-2.5410288244584196,-1.9267496422913817
BH9_204,BH876,26.38000004696,27.124374523527937,26.16944428121318,26.80119796016227
BH9_205,BH876,12.649999883125036,13.013240403553084,15.620712915709149,13.231737372858149
BH9_206,BH876,52.780000075877226,56.546501096004604,58.65149245501539,56.22589254947966
BH9_207,BH876,11.599999999999998,11.842548735177731,13.011438761453533,12.042815754672862
BH9_208,BH876,91.8199999969409,96.46543762463268,97.88952662046574,96.30539266235223
BH9_209,BH876,8.099999999999973,9.615942667584097,11.859853697632563,8.735217521268522
BH9_210,BH876,84.95999999999995,91.46218739823493,95.24152927334238,90.13638184965588
BH9_211,BH876,15.429999885219337,16.375998645331897,18.196665367485895,16.33522578795958
BH9_212,BH876,68.28999999999974,71.50370824204639,72.78645533215807,71.49090714181328
BH9_213,BH876,15.299999999999976,15.771204089711597,17.782755522126568,16.051167434778495
BH9_214,BH876,67.99000000000005,70.66766885965833,72.37622472027876,71.02764538605724
BH9_215,BH876,5.930000297907021,6.509218638540182,8.882577766775853,5.958272423524825
BH9_216,BH876,86.94000000000008,91.73942195291816,94.73984717664652,91.48661193175138
BH9_217,BH876,0.41000025763290066,1.333872267089761,1.2417637394859597,-0.264706965038066
BH9_218,BH876,56.59999976725751,55.9721493551169,55.346069305855465,54.97948874173026
BH9_219,BH876,3.8700002737828463,6.050955566119367,6.497397083862885,3.867389959830401
BH9_220,BH876,58.42000000789479,58.89718386155232,58.84570866104253,57.306696544357145
BH9_221,BH876,16.869999841159586,18.518387951523664,16.457920945942124,17.196300375094044
BH9_222,BH876,41.500000211842114,42.75699336294078,40.47953852478165,41.32187700405636
BH9_223,BH876,5.3800001665734385,8.389557987990463,7.990881155438055,5.9207460391364695
BH9_224,BH876,50.909999880346845,52.521160702871555,51.448025505498116,50.42088090640072
BH9_225,BH876,8.080000000000014,9.723324511979179,15.213781648333121,8.064652927893633
BH9_226,BH876,56.87000015118972,57.14904509577148,55.941924699083174,55.640888308216766
BH9_227,BH876,6.790000000000028,7.283567468760971,13.711267428219518,5.800217784497737
BH9_228,BH876,55.769999888522555,54.705544575723636,54.329281446340524,53.98516916935673
BH9_229,BH876,6.930000023278511,9.627992320577393,11.008069738810367,6.738382287066531
BH9_230,BH876,34.08999999408035,38.466386523496226,41.04852979813582,36.8279261134688
BH9_231,BH876,8.700000000000014,11.206263545572707,12.579086255253145,8.527220093331955
BH9_232,BH876,35.15000029283304,39.690453842600164,42.17814995838023,37.757515510748696
BH9_233,BH876,13.34999987913792,15.690293826602177,17.20582714921792,13.401954839787962
BH9_234,BH876,38.41999985287973,42.97205610577215,44.6675891130343,41.02847886266306
BH9_235,BH876,33.30000007925989,34.53449653784727,32.6710050011767,33.83542410675773
BH9_236,BH876,41.79999994120071,44.75071680263312,43.25834525381773,44.277624462966735
BH9_237,BH876,34.77999999999997,35.852096238521064,33.74211243982294,35.31392239650766
BH9_238,BH876,40.160000165688054,42.471662808376664,41.37203650004719,42.63100214079097
BH9_239,BH876,26.38000004696,30.527194592336315,31.77909168127726,29.461136386379252
BH9_240,BH876,51.44000002972318,54.95691992572355,57.32286993569205,53.63686965924782
BH9_241,BH876,10.06000000000001,10.6833881544574,13.442055099101315,9.419564418863263
BH9_242,BH876,45.52999971377341,47.4286632235369,49.325866814912644,46.32983640433132
BH9_243,BH876,27.85999996681473,27.72984715794083,30.314025683745733,27.51907206152978
BH9_244,BH876,26.230000182280694,27.085278869505718,28.157656081688987,27.03884966593633
BH9_245,BH876,9.789999953201773,11.167166725772777,13.594969886799165,9.197950286514224
BH9_246,BH876,41.82999991413657,44.34758741597168,46.53365767523487,42.65283419940928
BH9_247,BH876,20.349999839266772,21.19060977889402,24.15230470313873,20.84866844057669
BH9_248,BH876,37.370000172615136,38.66308118866824,40.32786545867219,38.04546392068897
BH9_249,BH876,6.989999999999979,9.184902171957697,9.920205884713692,6.407696465904097
BH9_250,BH876,46.28000029218886,50.02037736892801,50.667402353873484,47.66104491728172
BH9_251,BH876,19.13000000000002,20.790990252951673,22.71348444875705,19.922850877247907
BH9_252,BH876,38.269999988200425,40.24311749211228,40.93374927994298,39.19015747891245
BH9_253,BH876,1.9400001323807332,3.4075882662973673,2.866686740965544,0.8396013384341233
BH9_254,BH876,42.250000162748094,45.22388469889179,45.66383446079864,43.03579551302524
BH9_255,BH876,28.380000000000024,30.099214083587228,31.11706552695415,29.001071289345045
BH9_256,BH876,41.24999980986713,43.804255741687165,43.69682924207564,42.187507749257215
BH9_257,BH876,11.139999999999972,12.365320671025179,14.44519557333856,10.45417317431198
BH9_258,BH876,43.0600000595258,45.167111582522885,47.153886936332654,43.31954952420883
BH9_259,BH876,10.610000000000001,10.403802872109992,9.907936106350158,10.056374022616696
BH9_260,BH876,37.95000027688458,39.19310948368747,38.299421491023516,38.71077343595653
BH9_261,BH876,17.649999765001432,18.071314738449615,16.09842557956645,16.90454982251597
BH9_262,BH876,44.980000209949296,44.50059971210669,40.54570507862605,44.626667760122366
BH9_263,BH876,26.680000000000003,28.80116498802999,29.75356531004597,27.232568617698075
BH9_264,BH876,50.510000241202036,52.83285632278984,53.83831238085835,51.56358676563252
BH9_265,BH876,30.65999995086627,31.845503768863686,32.998897704228995,30.980658045122382
BH9_266,BH876,51.430000038744566,53.69046722652268,55.09999492775906,52.672032176267294
BH9_267,BH876,27.740000075071286,30.3953158517763,31.092318818884653,27.458666116999577
BH9_268,BH876,52.70000014804827,55.78146574102069,56.775646461769206,53.1373423112029
BH9_269,BH876,30.72999988771661,32.929572844064076,33.81537962694513,30.753275092631597
BH9_270,BH876,53.64999991852666,56.82485572313572,58.18704188689325,54.96359769178736
BH9_271,BH876,24.910000118083886,28.95379644886888,29.3082924333612,25.592428531102584
BH9_272,BH876,51.36000010189422,55.28219633680632,55.79928527426171,52.40025267753708
BH9_273,BH876,28.619999908699334,31.544585382916477,32.261846202846236,28.973592398463587
BH9_274,BH876,52.87999998566344,57.056654607996485,57.89217370117911,54.276999290164994
BH9_275,BH876,27.429999727224587,29.391217017213133,30.06410621152663,27.929295524292648
BH9_276,BH876,52.16999999867193,54.638742566748384,55.43939141290796,53.3248859422612
BH9_277,BH876,30.99999999999998,32.374708991396055,33.11519649664217,31.25928630786404
BH9_278,BH876,54.54999973411195,57.26516046559523,58.38284898333003,55.95817228406791
BH9_279,BH876,23.66000000000002,27.83261350808343,28.9879117083904,24.94535098979817
BH9_280,BH876,53.48000007189012,57.2446452441542,58.20459498054593,54.59779160870057
BH9_281,BH876,28.68999984554968,31.217525485564966,32.85274692212698,29.587832557173677
BH9_282,BH876,54.95000000076623,58.067622675747906,59.86405336622726,56.3105694310114
BH9_283,BH876,25.60000012311815,29.848595259098595,30.735804641231073,26.956780525684856
BH9_284,BH876,54.45999981530437,58.54609532925888,59.22482041275266,55.67822010184204
BH9_285,BH876,28.01999982247265,31.655156742338757,32.588822667717196,29.08710842303214
BH9_286,BH876,55.87999978928738,60.08387782124586,61.05721134551317,57.38661307621606
BH9_287,BH876,11.389999999999972,11.328228581674074,10.892743436148724,10.857034758656669
BH9_288,BH876,15.189999999999989,14.598127015793548,12.379465735930433,15.197934708037328
BH9_289,BH876,43.520000272051796,44.874161363477484,45.68405726249291,44.27986743294505
BH9_290,BH876,21.759999822271162,21.426212878200648,22.493680977130868,21.568955378674293
BH9_291,BH876,33.08000027773024,33.89012754229099,33.749198061240335,34.014011232310814
BH9_292,BH876,45.41999981300858,45.5456183612867,45.41635587240718,45.65850110387032
BH9_293,BH876,44.280000213936404,45.86446774041682,45.49848394722082,45.9797445389651
BH9_294,BH876,54.349999914539545,55.098136591534306,54.83791950685825,55.188675864770914
BH9_295,BH876,36.07000009037557,37.74446728301195,38.19285106180189,37.232406735035575
BH9_296,BH876,19.789999716954572,19.678190120152127,20.80156589493015,19.44799500541792
BH9_297,BH876,41.79999994120071,44.450179906094526,44.85375762912306,43.67105021108141
BH9_298,BH876,45.81000008868424,47.96166303962536,48.9076025245071,47.23940197438946
BH9_299,BH876,38.73000000000002,39.99288973757951,40.73090041992507,39.70018858247898
BH9_300,BH876,36.55000028485881,39.021879299658295,38.994152884518186,38.20402922692594
BH9_301,BH876,36.24000000000001,37.94176821729889,38.4308881552639,37.00920111302451
BH9_302,BH876,36.68000016758087,39.0746004223194,38.867644793859554,38.03704337100412
BH9_303,BH876,13.10000000000001,12.381300413582483,13.102641333939639,12.34210777883972
BH9_304,BH876,40.489999867982526,41.451297045533,41.52774698205181,41.56446520139041
BH9_305,BH876,48.24999976999598,50.525985304294885,51.14580802324001,49.87861796697034
BH9_306,BH876,42.24000017176947,44.29554041413044,44.53801206465472,44.099182104034064
BH9_307,BH876,11.529999999999989,13.563991135953751,15.886380295777531,11.334101973851109
BH9_308,BH876,29.79000010821684,34.13462977036498,36.27441801991882,31.565368361016937
BH9_310,BH876,36.379999810712796,39.99981144301735,41.74807018133401,37.72162184333691
BH9_312,BH876,35.00999979162288,38.311151967223736,39.756165452036,36.458533876418265
BH9_313,BH876,43.44999970769198,47.65272970389295,48.78980275529321,46.40934762778405
BH9_314,BH876,50.58000017805237,54.12009627069172,55.62456536482107,53.1195008991152
BH9_316,BH876,57.36999970012073,59.87018911209023,61.304907301090985,58.870904658861086
BH9_317,BH876,36.95999991498224,43.9361310988255,46.521626234698175,40.97117852523695
BH9_318,BH876,51.17000027330044,56.708953667751,59.39388652590423,53.99650286897072
BH9_319,BH876,12.839999999999996,13.503034409511013,17.33106454901969,11.9679353629268
BH9_320,BH876,31.12000016339227,34.60422961443316,37.27338211297413,32.45816882311233
BH9_322,BH876,36.750000104431216,39.394580043923504,41.91657784977605,37.48796423535909
BH9_324,BH876,37.94000028590596,40.74961651789215,43.49305349558982,39.52090862375523
BH9_325,BH876,11.82999999999998,14.315831598751808,16.835053904656544,11.82350910016103
BH9_326,BH876,30.109999819532685,35.41702298222732,36.77736983671837,32.31373691274968
BH9_328,BH876,35.80999969742197,40.292467984064366,41.5567318337302,37.45917949730343
BH9_330,BH876,40.21000012058116,44.81773789492154,46.25823098818774,42.73796910001363
BH9_331,BH876,22.51999976415577,28.423196455175848,30.858106862301263,23.77612996883052
BH9_332,BH876,41.610000112606926,50.94243914557073,52.86274684176644,45.89081069592679
BH9_333,BH876,18.909999883326524,25.060992938051296,27.64733063627373,20.346871955592366
BH9_334,BH876,47.57999974691896,55.26031276481355,57.789952613906074,50.42905609997906
BH9_335,BH876,16.789999999999978,23.185717369924944,25.058021837243462,18.02937015562559
BH9_336,BH876,43.12000000539752,51.209816258530154,52.963654509455516,46.06451159347862
BH9_338,BH876,54.32999993258231,62.55035191425173,64.06095820315068,57.19855576595564
BH9_339,BH876,19.289999999999996,25.624426634144374,27.477556209889524,20.979113855006037
BH9_340,BH876,37.46000009142272,46.78840895411948,47.58604231983952,41.82783387687245
BH9_342,BH876,41.94999980588001,50.83877371391346,51.72122868781767,46.02907927106142
BH9_343,BH876,21.679999999999964,25.66204491463259,28.984312354609113,23.32005903237136
BH9_344,BH876,46.01999989923526,51.9432526082697,54.78059703481528,48.77973818519832
BH9_346,BH876,47.31999998147483,52.22924467174553,54.94691489613127,49.56152782878613
BH9_347,BH876,20.249999929480573,23.510568997612946,31.168103177282806,23.180189931705065
BH9_348,BH876,26.190000218366215,27.828387229100727,36.095268522430835,27.71838620148613
BH9_349,BH876,20.949999999999978,23.455068452861603,30.497415355380728,23.111160500960587
BH9_350,BH876,32.15999985267824,34.795569168460396,41.59468214839911,34.245148448441405
BH9_351,BH876,32.739999956947685,32.20803895624003,34.788442151384906,33.30197322007057
BH9_352,BH876,41.450000256949004,43.26259455935807,45.35062828153489,44.25513540202854
BH9_353,BH876,34.419999696374816,33.66911150266851,37.48171192085644,35.28755218928281
BH9_354,BH876,40.15000017470944,41.01685058717089,44.337085216508726,42.6365763702053
BH9_355,BH876,35.39999999999998,35.16611940285777,39.24793315797798,36.41880123153832
BH9_356,BH876,43.319999824969926,44.927510655965776,48.459729748044666,46.13087410898291
BH9_357,BH876,32.39,32.147124342685565,34.93388150628215,32.225016987772314
BH9_358,BH876,43.37999977084165,45.93564706907832,48.267573212716876,45.943458113328745
BH9_359,BH876,32.91999999999997,33.19828127841591,37.04196121061152,33.62293007154812
BH9_360,BH876,41.09999994518783,43.733658345645814,47.270617944296774,43.995724805208994
BH9_361,BH876,33.840000000000025,34.62693742139104,38.58882298508711,34.74782645891484
BH9_362,BH876,44.829999717760515,48.012309308458256,51.73287934888146,48.05167866379475
BH9_363,BH876,32.080000000000005,33.09812921695643,33.62731108130918,33.01698088176006
BH9_364,BH876,49.60999979810727,50.619102934347,51.066649729220345,50.50330797816607
BH9_365,BH876,28.35000015227659,28.670995559992615,32.25592592052678,29.54093287557556
BH9_366,BH876,44.42000008763709,44.89099950257614,48.943362468324686,45.74302292771013
BH9_367,BH876,29.79000010821684,30.531300262576938,33.59947835740768,30.797158963702
BH9_368,BH876,45.830000070641475,46.47353295902107,49.097864759211674,46.82410315224751
BH9_369,BH876,25.979999999999983,25.843958288462925,29.18461270987148,27.3290214046808
BH9_370,BH876,41.349999719653326,41.10741827408342,44.64963725481132,42.71190932185272
BH9_371,BH876,31.940000051148598,32.96501656526009,37.36273477675697,32.80158593303367
BH9_372,BH876,28.08999975932299,29.249726888879465,34.06584285562747,28.96199702741963
BH9_373,BH876,34.36999974148172,36.3337780314329,38.61076445249207,35.72411912733574
BH9_374,BH876,50.95999983523994,53.34614831177001,53.92565268505906,52.83486536272786
BH9_375,BH876,54.84000010000141,58.076417731090054,62.144664416391215,55.905690529162975
BH9_376,BH876,144.39000000000013,152.7013225313005,156.62071631696378,150.12845793680836
BH9_377,BH876,47.61999971083344,45.63542050757812,46.26458177879528,43.916218037090616
BH9_378,BH876,11.459999701650288,11.984078883635618,10.648730687129808,10.615508872155676
BH9_379,BH876,45.080000119735494,43.22243868050742,44.97512308412263,41.34368277004894
BH9_380,BH876,13.689999999999978,13.393775291071687,14.74608429763112,12.096581393920813
BH9_381,BH876,15.390000000000002,16.31640627292698,10.199005582982045,15.209454464159997
BH9_382,BH876,4.08000008433387,7.367006202870176,2.342935272510416,5.449123786451972
BH9_383,BH876,15.910000079702579,17.499488073904036,20.676180942020117,15.863029991581712
BH9_384,BH876,13.979999938300464,16.695152783474946,18.765273174362335,15.164096322407673
BH9_385,BH876,4.2299999490131714,6.271073073122729,0.6872407503669866,4.403944571166647
BH9_386,BH876,4.650000197624693,6.802924664029684,1.8011919587204652,5.192004352235338
BH9_387,BH876,-1.3500000371326697,0.6454962296763577,1.1189854090110003,-2.2114409642945376
BH9_388,BH876,1.8000002586800508,5.601730570220983,5.588472783716753,1.848740049074125
BH9_389,BH876,42.38000004547016,41.33389620468507,36.518364848038196,39.092134725950345
BH9_390,BH876,17.76000029327573,20.267793242644014,15.862439108770731,17.55789681098393
BH9_391,BH876,42.36000006351292,41.41371682477552,37.38837234709552,39.102205248975466
BH9_392,BH876,17.419999999999984,19.115834215292953,15.469632187274142,17.04891452665409
BH9_393,BH876,9.159999999999977,6.32197935761207,14.139810975304234,10.292330762594052
BH9_394,BH876,10.109999999999996,7.881327106527224,15.246817948399647,9.46329749948932
BH9_395,BH876,41.33999972867471,38.94737966471699,40.40587523198619,36.95240297151998
BH9_396,BH876,7.919999999999978,7.84954293365627,9.314691152964548,6.305392152999581
BH9_397,BH876,0.500000176440482,2.659280874011723,-1.8048269731541597,0.5710987568662375
BH9_398,BH876,5.209999692427422,8.839160615851107,4.725202922776497,5.809856267253241
BH9_399,BH876,43.96999986608971,41.64570329346269,36.545060069772944,39.63163310974301
BH9_400,BH876,20.129999999999963,22.646138538606245,17.23269301922941,19.48718159159976
BH9_401,BH876,3.2300002236416816,7.648507915035845,0.35569484689137976,4.743088655284048
BH9_402,BH876,11.599999999999998,14.535763208797427,8.580773797473583,11.590041313717832
BH9_403,BH876,3.4799999981071856,7.554794572162989,0.056481251536969,4.575834162657888
BH9_404,BH876,11.590000211881826,14.770784028024536,8.550083422116998,11.457525871082664
BH9_405,BH876,41.93999981490139,41.052718184857426,36.8400172956857,38.66942878197903
BH9_406,BH876,16.759999940394767,18.749314577263114,14.87023620141866,16.588912117873914
BH9_407,BH876,12.279999999999994,10.423297848432945,18.401920222644513,13.623400799610794
BH9_408,BH876,12.199999999999978,11.421165497971487,19.749555377776087,11.93620973886713
BH9_409,BH876,9.219999839910951,9.866735563007909,4.6110376369802335,9.16974668500048
BH9_410,BH876,14.72999988920645,17.33421557695648,12.843154115927451,14.261665095927288
BH9_411,BH876,2.9499998487308434,6.9532050920672335,-0.5106387816379238,4.1800907319111085
BH9_412,BH876,11.099999999999994,13.622142514508578,7.589684579604253,11.051353107357114
BH9_413,BH876,11.429999728714428,9.544392862185218,17.424400198052126,12.631366365855744
BH9_414,BH876,11.370000000000017,11.011612058176711,19.15839538072188,11.22217624657504
BH9_415,BH876,2.409999708375881,5.723296650990041,-1.7538870985185193,3.258248315593099
BH9_416,BH876,10.550000000000002,13.05374175628126,6.513612785803672,10.15105340500273
BH9_417,BH876,12.960000230971735,13.344091773586445,13.999036729652369,12.07869210285294
BH9_418,BH876,23.34000027942157,25.075483052738182,26.943248563030185,23.883352261640283
BH9_419,BH876,10.469999999999985,11.908085271500141,8.613977917506176,10.940585386113472
BH9_420,BH876,18.299999999999997,19.403453093894253,16.719726390221002,18.40046137465864
BH9_421,BH876,18.659999999999982,20.533777947530293,18.088401607588292,18.60250467876448
BH9_422,BH876,10.800000000000004,12.773622817173727,9.992234604098686,11.469035838034433
BH9_423,BH876,41.73999999532899,38.932275287887315,39.47973557379065,36.93335015229127
BH9_424,BH876,8.440000000000001,7.6749832915508405,9.142079854878883,6.51575529151469
BH9_425,BH876,26.260000155216556,27.529994359732115,26.290635433102953,26.62503684898805
BH9_426,BH876,34.42999968735344,37.76050875592908,35.04489953550787,36.800011291743054
BH9_427,BH876,5.839999751589966,7.985402483216698,8.15733259253265,5.720172613272946
BH9_428,BH876,26.049999999999994,28.8908771284704,33.74712349842406,26.348197992343795
BH9_429,BH876,53.8999996929921,52.498395655113356,56.33263626993066,50.63173375341679
BH9_430,BH876,10.310000000000011,10.714405294515341,13.83783183237109,8.841647897132294
BH9_431,BH876,56.1000002183265,54.42325379725193,58.45563734508768,53.11998037912728
BH9_432,BH876,11.620000184817686,12.141120099194612,16.186532839515607,10.4140088029495
BH9_433,BH876,26.76999969512618,68.58789270896327,37.859738189750175,24.46349054345403
BH9_434,BH876,1.3600000281112898,-0.1924707166033005,12.06886471217298,-0.7267711189652053
BH9_435,BH876,14.710000000000006,7.860550819008123,2.6095146722731477,13.008554592278545
BH9_436,BH876,34.2099998858238,29.84236051110843,23.500459025733022,35.2431391395618
BH9_437,BH876,51.56999991244525,49.47934376826703,54.817934410940076,48.777306523204736
BH9_438,BH876,12.399999999999991,11.701813063597047,15.276573201741623,10.991876127987137
BH9_439,BH876,52.030000124971245,49.96780281455027,56.35433418690491,49.22482795682608
BH9_440,BH876,12.749999792911238,12.286094102809823,17.218010686925826,11.36896307446385
BH9_441,BH876,6.220000036287007,8.206014742526547,8.829317748854493,6.092139584283886
BH9_442,BH876,25.319999748207312,28.067613531469842,33.88979299879451,25.759038508686807
BH9_443,BH876,12.79000000000001,12.300337837506898,12.70086524170334,11.354715283488128
BH9_444,BH876,22.59999969198473,24.627219247696832,25.31159074205094,22.665556171441263
BH9_445,BH876,16.869999841159586,16.941781624177544,15.838115895025691,16.398190527835297
BH9_446,BH876,8.880000146637865,9.73411732280219,9.35771896456,9.04886407552844
BH9_447,BH876,16.65000000000002,17.582545939330203,16.00433411865027,15.82038187491939
BH9_448,BH876,8.640000000000017,10.11007209039936,9.53352235360198,8.79742535922757
BH9_449,BH876,7.999999999999996,8.80788126744377,18.423426421539563,6.38744799016949
BH9_450,BH876,47.09000018896656,46.88768702397625,54.39831010964959,45.02250437596798
BH9_451,BH876,10.669999999999998,10.045308488152514,8.715390331274527,9.215622584874952
BH9_452,BH876,31.389999999999993,32.14559868753087,31.360205770052517,31.0205343270142
BH9_453,BH876,11.000000116633762,11.343396101511853,12.459657570748254,9.360873520523771
BH9_454,BH876,24.569999797301328,25.4229903467208,26.294740439386217,24.742601737437703
BH9_455,BH876,10.039999999999987,11.320893886056746,11.557554486732464,9.702510574254134
BH9_456,BH876,20.949999999999978,23.278452068546088,23.89419531192709,22.043283452202967
BH9_457,BH876,7.960000000000019,8.362599375399473,8.344694619197428,7.305999119360367
BH9_458,BH876,35.39999999999998,36.56158134733286,37.140257255933825,36.152352865012006
BH9_459,BH876,21.330000210190494,21.834721583912074,22.65610648043373,20.457070776759945
BH9_460,BH876,10.28999999999999,9.935791529681708,11.800798381692704,8.633887228545452
BH9_461,BH876,46.53000006665437,46.529201154824214,55.082435703932994,44.2804306854064
BH9_462,BH876,-3.1900002597272015,-3.3509985105238065,7.670582108921858,-5.5685036360621485
BH9_463,BH876,16.419999999999977,14.779726652437178,15.381667133443473,14.861069989330376
BH9_464,BH876,12.360000144745051,13.410896094534406,14.06728757041334,13.232733544153728
BH9_465,BH876,11.88999994124043,-1.472678511273401,10.324816323979821,9.055275904680345
BH9_466,BH876,19.470000005638724,18.047082468456875,17.113114549864886,17.118487192316064
BH9_467,BH876,4.800000062303996,5.1124934873352705,5.226956295333867,4.531991581680857
BH9_468,BH876,4.5800002607743515,4.599532855594634,4.452376888638844,4.483396745967415
BH9_469,BH876,16.439999999999998,13.906156014595087,14.703979664023146,14.640129551101415
BH9_470,BH876,12.669999865082275,12.83314287761692,13.8216064497223,13.326359714729705
BH9_471,BH876,13.930000000000032,15.855180489204743,24.357001549954123,13.851937177331193
BH9_472,BH876,0.16999984663654272,-1.049049443488092,-0.12724554173514557,-2.22402064673413
BH9_473,BH876,6.439999837816649,6.569817651322248,10.110670839931485,5.322047407632421
BH9_474,BH876,2.440000308821215,1.6077725479994798,-0.016599853617227916,1.6766965295530103
BH9_475,BH876,4.000000156504909,3.8458759506438063,6.342061544506084,2.507516374885367
BH9_476,BH876,4.610000233710212,3.032515014451452,4.114576713798415,3.735760435025854
BH9_477,BH876,12.360000144745051,11.906392351044515,12.361514747194096,12.728276544461728
BH9_478,BH876,21.110000000000014,21.604141938634815,19.482919291557153,21.34704261450728
BH9_479,BH876,17.450000000000014,12.817037233777684,25.643215123616798,15.251184408955243
BH9_480,BH876,17.150000000000027,17.950241347479885,10.010745049728172,16.32559182324591
BH9_481,BH876,16.28999999999997,12.355516266346314,23.22058776649357,14.274385842392396
BH9_482,BH876,17.83999999999997,19.154304794412454,9.648401063058651,17.069416390670636
BH9_483,BH876,34.09999998505897,29.11855726132215,38.50425732170964,29.942792703842272
BH9_484,BH876,12.509999999999977,13.980053624501517,1.9131413772249268,10.908987711334213
BH9_485,BH876,12.970000000000002,10.96044635824638,17.426864126218803,11.07461155791795
BH9_486,BH876,15.740000233066034,16.85123459752486,2.1254271222985857,13.874076276366145
BH9_487,BH876,30.510000086186967,26.25721419414569,27.279307281611413,26.281407138915103
BH9_488,BH876,19.77999972597595,17.23989497509652,15.536309394488548,17.639568549500535
BH9_489,BH876,27.86999995779335,24.09602244305309,24.04484843192044,23.27225247409101
BH9_490,BH876,18.89000000000003,16.738397791059636,14.479186188313811,16.363324218934732
BH9_491,BH876,23.979999702053263,19.66298346831424,21.464261899347747,18.842537406567992
BH9_492,BH876,16.309999718847386,11.403284534995583,10.05238391102582,11.92602174609441
BH9_493,BH876,14.520000000000001,2.8639240357513733,10.627948204500479,12.936008472994123
BH9_494,BH876,13.490000000000027,12.893709031304908,9.757884195552384,11.80806314266806
BH9_495,BH876,9.080000000000021,1.2146013152519841,11.36365074899298,7.333810778488835
BH9_496,BH876,9.370000000000001,10.34234516144824,8.64740660452833,6.198150909440034
BH9_497,BH876,12.839999999999996,11.90957810223179,10.897605238213215,12.345787180609788
BH9_498,BH876,3.2300002236416816,3.190193148030475,4.946064055144364,3.872687834116372
BH9_499,BH876,10.350000075513975,11.71705078656326,8.376363428603693,11.490822653312902
BH9_500,BH876,9.71999999999998,10.440563018104925,8.244329140248919,10.87810307558808
BH9_501,BH876,12.19000029810851,12.637814486087816,13.595042820966762,12.945580878990969
BH9_502,BH876,19.250000000000018,19.762562616080075,17.867714076348875,19.527741984169467
BH9_503,BH876,11.810000000000022,11.702413967726798,12.432092899636736,12.343118884877626
BH9_504,BH876,20.880000000000035,21.569349700573017,19.298882052866503,21.190077269149302
BH9_505,BH876,13.469999770881364,11.919029392422743,12.172007457579678,11.98470643213084
BH9_506,BH876,6.040000198671843,7.024635737434471,8.435432848804131,7.255391421548883
BH9_507,BH876,11.289999999999997,9.79466536130508,9.434844987339442,9.976820818860274
BH9_508,BH876,6.859999999999973,7.321894507391039,7.239288007481342,7.971322251603602
BH9_509,BH876,18.510000244181718,9.31655720855857,18.188573415091057,17.224064468993756
BH9_510,BH876,15.799999999999978,14.930107186082358,13.082753399855344,14.116793238552374
BH9_511,BH876,14.119999812001147,7.357302747335824,17.902501652102398,12.809727148688255
BH9_512,BH876,12.729999810953997,12.068750393868626,10.95046623395709,9.694660932765007
BH9_513,BH876,14.829999798992652,7.5586327609722295,12.110972050977361,12.857039417754
BH9_514,BH876,20.509999694924694,17.905983129464886,11.484293902907671,16.762200678895045
BH9_515,BH876,13.199999999999985,5.940117163816777,13.70747016413805,11.390061511674164
BH9_516,BH876,18.89000000000003,16.28755526200019,13.080851230620492,15.295368543379528
BH9_517,BH876,10.100000301048471,10.293983115947158,7.782404392825941,10.137607194934036
BH9_518,BH876,8.710000000000024,9.789717894473618,7.305992780447405,9.829142425472618
BH9_519,BH876,11.339999809906848,9.975301946528997,9.863822586077225,10.278119430114629
BH9_520,BH876,5.159999737534321,5.769747620796597,5.559509248800584,6.192205131750182
BH9_521,BH876,3.4799999981071856,5.480272115444934,7.479556896416635,2.393644991700117
BH9_522,BH876,35.559999922956465,36.280528757089925,36.339798175343,35.30936605015832
BH9_523,BH876,10.130000000000017,11.333370909360221,6.997498640057909,11.08419651400722
BH9_524,BH876,11.959999999999987,13.992188320876311,11.218462210158226,13.405306995332428
BH9_525,BH876,24.850000172212162,18.38200348982898,12.84098895212766,19.05144786063969
BH9_526,BH876,14.470000123762327,11.01596087692091,7.484286902321538,10.18852764341301
BH9_527,BH876,25.189999999999998,17.966036033236616,12.602893232522266,18.74152231194113
BH9_528,BH876,14.87999999999999,11.046195122847372,7.868825971448604,10.222787652629638
BH9_529,BH876,25.68000005094711,19.66562677896794,14.622194225074185,19.786780091352224
BH9_530,BH876,14.580000024527148,11.249881595782844,7.721662163917621,10.233879572924694
BH9_531,BH876,12.230000262022989,8.882728321514266,10.194218685234324,9.221726306762656
BH9_532,BH876,7.139999833829535,6.592533271835467,5.816717763950728,7.318973630816
BH9_533,BH876,21.300000237254636,21.49171768607195,21.74290652868819,20.924164732939225
BH9_534,BH876,19.970000182079207,21.46297134372072,18.405200696958207,20.092080895232225
BH9_535,BH876,21.56999999999998,21.056174354282998,21.78383699405281,21.138165732194103
BH9_536,BH876,19.910000236207487,21.313769127463825,18.17868809079657,20.00063557115806
BH9_537,BH876,6.679999999999978,5.976528131341767,6.130502698619968,5.549315086617715
BH9_538,BH876,17.920000148933653,16.303903798947353,17.092309098017093,16.216380890154536
BH9_539,BH876,13.239999978373099,11.736560846906581,11.191939289174288,11.52989678964501
BH9_540,BH876,3.2800001785347828,3.752301023154498,4.624472002469154,3.7686651493131778
BH9_541,BH876,23.68999996367328,15.60524739776278,10.048754158669983,17.24389941602431
BH9_542,BH876,15.220000074668313,10.069673609220866,5.767910588439435,10.725755007686423
BH9_543,BH876,18.430000000000003,18.798597499943607,21.486181198534908,19.0710476797851
BH9_544,BH876,18.659999999999982,19.366862470152316,16.48869200428098,18.643073605579666
BH9_545,BH876,12.149999999999988,13.858466497614724,16.27045293254276,12.31132498785287
BH9_546,BH876,16.10000000000003,18.671069610734758,15.461901544072022,16.97747878532318
BH9_547,BH876,13.679999999999968,14.087663891468768,15.438546414004133,13.948004673522926
BH9_548,BH876,18.760000000000023,19.92680417458989,18.973416652781854,19.361182395505438
BH9_549,BH876,22.680000247323168,13.258932780201123,7.339005312381485,15.949479712700768
BH9_550,BH876,15.830000000000009,9.5621220672809,3.126065740135082,11.02645058218599
BH9_551,BH876,7.330000000000009,6.58143437021464,4.1585961883141245,6.262031185587084
BH9_552,BH876,22.37999989045509,20.496165763899885,19.783543691426054,18.96684471154748
BH9_553,BH876,11.459999701650288,10.880507979572261,8.155812974774232,10.866353462620152
BH9_554,BH876,6.319999999999991,7.431520558293173,6.63480084526586,5.959199882457086
BH9_555,BH876,5.599999968103082,5.713355176106518,-0.5629492536293241,1.9869289304209277
BH9_556,BH876,11.329999999999975,13.681621495809505,2.6300302375708915,10.4536318219565
BH9_557,BH876,5.930000297907021,5.929371154425441,-0.21245789426355932,2.538597546628412
BH9_558,BH876,11.610000000000008,14.823992996760174,3.9067881741800714,11.2064784067249
BH9_559,BH876,12.579999999999986,12.334699523638639,6.365744680244943,9.420280846472355
BH9_560,BH876,18.270000000000028,21.229396158768566,10.485072991581836,18.08826574769507
BH9_561,BH876,12.729999810953997,2.5273235856983685,11.9984573078468,10.176317375749992
BH9_562,BH876,18.6500001178824,14.292783822352597,13.109281450974608,14.591461359532188
BH9_563,BH876,11.990000000000016,8.644251621775595,6.747890621214093,8.232631754746683
BH9_564,BH876,-0.33999969327308543,-0.8398522180779978,-2.020781558602918,-1.8492588738565725
BH9_565,BH876,4.820000044261236,4.60379485700981,-1.3161025189240767,1.2537516299898732
BH9_566,BH876,9.919999835923836,12.147365222847178,1.804843343373431,9.050869282177466
BH9_567,BH876,12.350000000000003,9.72434402888078,9.85133733239916,9.346145684883291
BH9_568,BH876,7.340000280911412,6.8297677373752865,4.974220594658661,6.608720318134351
BH9_569,BH876,19.940000000000023,20.580813293444205,19.14323674012773,19.50270893690993
BH9_570,BH876,2.7100000652439595,1.7918705060791038,1.5639825555555293,1.20968709895481
BH9_571,BH876,6.939999999999991,7.3642482752133525,0.1927818008854989,2.61878654316586
BH9_572,BH876,12.939999999999971,14.925174521640487,2.960908619279321,11.118807740435958
BH9_573,BH876,12.910000000000004,13.131996791105491,13.845471462799875,13.620621434717057
BH9_574,BH876,18.25000000000001,19.645816214464027,17.17763783024234,18.744373777720647
BH9_575,BH876,14.379999999999985,2.8263136463645986,8.869571355190446,9.873165038840137
BH9_576,BH876,12.669999865082275,8.379463423138636,6.154651346333233,7.625420831694073
BH9_577,BH876,12.420000090616771,11.914402666005005,21.458247607832593,10.749841519527926
BH9_578,BH876,2.7100000652439595,1.116177173404398,6.0680058018460405,1.4659988030076945
BH9_579,BH876,5.019999863833639,4.632098780147395,-1.3787887953196831,1.43944028022649
BH9_580,BH876,10.659999795851201,13.412382760207622,2.546785900145477,9.76376058183324
BH9_581,BH876,6.679999999999978,6.65674371320921,-0.36003618989093683,2.3864239891493373
BH9_582,BH876,12.219999999999997,15.063103036536358,3.3140111842104334,10.623605689623677
BH9_583,BH876,11.909999999999997,12.808223005694853,13.804903961277912,12.796851783786774
BH9_584,BH876,18.999999802134102,19.85644179990588,18.58348317667859,19.501931264495948
BH9_585,BH876,25.05999999999999,22.74906810076738,44.89036942202564,23.35367778972489
BH9_586,BH876,34.50000025171325,33.97436508658542,48.48241494378388,34.85698995229942
BH9_587,BH876,12.430000000000021,13.286164675164775,23.460017962893954,11.31844774605459
BH9_588,BH876,20.690000160049333,21.923858722728042,31.569408942926447,20.984794008090773
BH9_589,BH876,14.370000213976125,14.965489400478917,18.16716131324638,15.176154858247244
BH9_590,BH876,17.60999999999999,17.908960060142196,14.216685782038068,17.647808752972136
BH9_591,BH876,3.460000016149946,5.93136730819033,-2.8263531721947874,0.7747565174448502
BH9_592,BH876,3.3400001244065036,5.076057922355359,1.6921139029219925,0.6300833297441455
BH9_593,BH876,12.910000000000004,9.177661222203886,9.222312637609836,8.625118097502847
BH9_594,BH876,5.360000184616199,4.155855804269783,3.773736280824111,3.418592736766791
BH9_595,BH876,3.549999934957527,4.649976052245918,0.5480993081909179,0.3551157062165525
BH9_596,BH876,5.230000301894136,8.052943891801744,-0.7468377919822836,2.6773772281749757
BH9_597,BH876,3.619999871807868,6.185370690726441,-2.6732541286078586,1.1335946726183923
BH9_598,BH876,2.7500000291584406,4.5460103759970725,1.3083569622566595,-0.128619738368282
BH9_599,BH876,11.969999869069392,12.985468693601636,13.934914739034063,12.846629412055254
BH9_600,BH876,19.19000000000002,20.067322003898358,19.032485607420274,19.66944215752111
BH9_601,BH876,5.159999737534321,2.8975892679797055,-0.8394327516747128,2.640736949989372
BH9_602,BH876,19.310000000000013,17.874933529261565,16.30239108999803,16.637075477988247
BH9_603,BH876,16.880000000000003,8.004627932374824,13.90977746616418,14.73767633813154
BH9_604,BH876,8.080000000000014,5.53461042237203,2.8255379161703473,5.14333798044931
BH9_605,BH876,11.570000229924583,12.707140703809037,13.097350139123892,12.022204452977151
BH9_606,BH876,19.479999999999997,19.106313968275817,17.532751429694446,19.35909310262005
BH9_607,BH876,30.000000000000032,29.632320715153448,26.158074880853956,28.734382335583984
BH9_608,BH876,12.729999810953997,12.229419242855618,10.555851568438033,11.139591732592706
BH9_609,BH876,14.370000213976125,5.11654905989949,11.660890527946412,11.94410506311217
BH9_610,BH876,7.109999999999975,3.5811426264201933,0.41944108034234756,3.713670658277544
BH9_611,BH876,2.35999975348278,2.420721328292919,-5.525523889928502,-2.972226736334198
BH9_612,BH876,5.2700002658086165,4.446782108863269,0.8740793779919024,0.1424409482991323
BH9_613,BH876,13.850000000000014,14.766735415455557,17.40151675694862,13.98921560508334
BH9_614,BH876,18.380000000000013,19.86752743161804,16.188327048299723,18.888210495292327
BH9_615,BH876,12.930000258035873,9.460475798218278,7.616203631237046,8.739621445494928
BH9_616,BH876,5.400000148530679,3.8342847075212583,1.6680227621412975,2.697754155153022
BH9_617,BH876,13.540000000000015,14.071647354726828,14.927862187278066,13.918281745886915
BH9_618,BH876,29.68000000000002,30.855522287404185,26.022001048580385,29.89313455324486
BH9_619,BH876,18.599999999999987,18.052051237987744,19.573889782544917,16.2372046037724
BH9_620,BH876,11.779999999999992,10.999514209125612,14.691892605179762,10.718675320214016
BH9_621,BH876,2.2599998436965785,0.8125497770922804,-2.114980789921226,-0.705430462912891
BH9_622,BH876,16.09000000000002,13.246250917492262,12.861055719633995,11.50006141251596
BH9_623,BH876,-0.10999990076482176,0.7823184683228335,-2.936546187034949,-2.6973918310479417
BH9_624,BH876,14.460000000000003,12.056826793361477,11.36056967822363,9.742742716779183
BH9_625,BH876,16.39000000000001,13.284169660657113,14.37596652447816,14.830474949193698
BH9_626,BH876,25.480000231374706,23.86574215575926,24.281751057287522,23.739356784067123
BH9_627,BH876,15.830000000000009,12.274843053723394,13.694959507438663,14.235794637213134
BH9_628,BH876,25.030000009827326,22.486921678430534,23.395608945621863,23.175799122277265
BH9_629,BH876,11.86000000000001,13.076334918912968,14.126094865250133,12.723241659443731
BH9_630,BH876,18.3399997700357,19.15463113198598,18.57186815343855,18.648491647854037
BH9_631,BH876,15.580000000000007,12.694351165187303,16.40527573350353,13.894706089520415
BH9_632,BH876,27.21999999999998,25.808814016101277,27.631599302353855,25.594927148241087
BH9_633,BH876,15.319999984454515,4.3434465109890645,9.661046822470922,9.755708066415158
BH9_634,BH876,20.299999884373673,14.260436799357624,10.503621668388869,14.344963025169797
BH9_635,BH876,3.840000300846986,2.7395348289352617,-2.1090315299687226,0.6109174333412092
BH9_636,BH876,18.140000000000022,15.777616100618886,13.366619735295368,13.651070641706776
BH9_637,BH876,19.800000000000008,19.090504544424277,17.017453211983266,18.971464938395552
BH9_638,BH876,26.48999994772482,24.70432895051573,22.07786217457682,25.355537241343125
BH9_639,BH876,13.469999770881364,12.113468476350324,15.013060037988323,11.739398608711832
BH9_640,BH876,22.18999999999998,19.762041408128027,22.493674696609343,20.151583414345804
BH9_641,BH876,0.2799997474013645,-1.809568598330646,0.5285089686116065,-4.23177329075509
BH9_642,BH876,28.619999908699334,29.273416495652164,26.768494014020376,26.05185965529948
BH9_643,BH876,0.8499998606921877,-0.22352187331114454,2.7755532203477604,-1.229986089238584
BH9_644,BH876,6.499999999999986,5.316116313319926,8.281893452211456,4.8549546437335005
BH9_645,BH876,22.01000022424614,19.73137310997778,23.028858616796132,19.991460315834317
BH9_646,BH876,23.809999999999985,21.26262477918076,24.470191670658053,21.91489281757488
BH9_647,BH876,14.749999999999984,13.087388878068575,16.49296669340261,12.862261802596064
BH9_648,BH876,18.570000190053438,16.745500508415894,20.018335115633512,17.170080079980785
BH9_649,BH876,5.49000006733826,5.174988136770134,6.698699711434171,4.365401056791618
BH9_650,BH876,25.24999981135697,23.650614540505984,25.68739945479561,23.06196438569292
BH9_651,BH876,1.5099998927905922,4.285765335948305,19.216453759589406,3.16036041449612
BH9_652,BH876,15.069999999999991,16.02031406750377,30.637033851559867,16.40861408773089
BH9_653,BH876,10.000000000000012,8.019082509398718,8.428681954261574,8.362118522992457
BH9_654,BH876,11.940000000000028,9.765280081025299,10.38290656379386,10.15281162386666
BH9_655,BH876,16.809999999999995,19.098577460568862,33.13232050184253,18.700360263215615
BH9_656,BH876,-0.500000176440482,2.825583363933725,16.964057102618284,1.1546186872858692
BH9_657,BH876,1.0399996892859706,1.832231359773308,-9.34062310146367,2.111609352575711
BH9_658,BH876,8.070000000000004,7.436241284828647,-11.033520479881114,7.508615716186978
BH9_659,BH876,-2.4600002907784555,-2.521547595823054,7.312631357974502,-1.64809119645634
BH9_660,BH876,8.580000000000018,6.2504403643310695,25.6982561169573,7.281424028572955
BH9_663,BH876,14.990000282160048,18.131163093917067,17.177531469510072,16.132413784744607
BH9_664,BH876,-4.209999967055932,-0.5180243345910402,2.89408993471578,-2.91084256724296
BH9_667,BH876,17.060000297262846,-17.212126929787324,-14.528237277909254,17.053392685176046
BH9_668,BH876,10.359999999999998,-24.432467075772614,10.758972441269663,12.25586431999373
BH9_669,BH876,7.580000000000011,4.631394416344567,-12.154423217107386,8.404815397110394
BH9_670,BH876,16.78000000000003,24.483478864152513,107.26190932795012,20.215043824035103
BH9_673,BH876,16.05999999999999,12.525343597565405,-12.384181578737447,16.92073360560035
BH9_674,BH876,18.89000000000003,13.717192634681304,44.307322613015415,21.14664489111485
BH9_675,BH876,14.019999999999998,21.561948123112174,24.156136305665058,16.246173722220206
BH9_676,BH876,3.4300000432140854,10.312780956289094,13.503016905277972,4.859760613347757
BH9_677,BH876,20.63000021417761,23.845292620367914,23.69951177358947,20.657452310350877
BH9_678,BH876,-96.25999975650508,-92.68659523707579,-91.98274229011575,-97.10759042008024
BH9_679,BH876,12.540000000000008,11.083355686671421,-12.062532031257394,13.40503697806477
BH9_680,BH876,14.67999993431335,16.322636634050937,108.26599453587112,17.991751150969417
BH9_681,BH876,5.3800001665734385,3.7471374317114283,-15.253406766649581,6.198265869051432
BH9_682,BH876,16.10000000000003,13.502366322306422,58.07823299888653,18.526180324925093
BH9_683,BH876,3.599999889850628,2.5050070915005676,-11.755535994396176,4.353078904341745
BH9_684,BH876,19.569999915424926,19.371395400768847,101.15090088321514,23.32431969631232
BH9_685,BH876,21.769999813249783,17.447735780026196,-13.064263225346199,22.654882423645915
BH9_686,BH876,13.810000091663923,7.238268718616668,36.14136517467901,15.604923045712102
BH9_687,BH876,12.529999999999996,9.86182930654785,-4.242640391322332,13.523659361052095
BH9_688,BH876,21.749999831292545,18.107140370528413,54.34575512489239,24.447147812281404
BH9_689,BH876,14.189999999999982,15.661688892935747,14.621827611820274,13.22408100434761
BH9_690,BH876,5.330000211680338,7.523262932159053,2.797501659126617,5.708219310786453
BH9_691,BH876,9.500000214821789,6.571731452099088,-12.504962979406782,9.274161249320954
BH9_692,BH876,23.83999982835258,20.06225410956299,51.99578622101219,25.1945019321256
BH9_693,BH876,4.489999714457296,6.107203664316659,-3.2395482988843693,3.908367646406547
BH9_694,BH876,17.529999873257992,18.37254373016887,43.69486976715714,18.96401188287334
BH9_695,BH876,1.5399998657264526,0.8660643722051452,-13.535943659942587,2.432069153819039
BH9_696,BH876,18.709999999999972,17.121334934723023,38.01850499074391,21.182981141072226
BH9_701,BH876,8.700000000000014,6.218037483221452,-12.199693166398097,8.903339922283282
BH9_702,BH876,19.2100002401946,15.168090775118252,27.668946576308628,20.58921191013564
BH9_703,BH876,15.270000000000008,15.17635394122724,-9.268079152382404,16.301121903032758
BH9_704,BH876,18.26000000000002,16.35129388508875,21.782873504964847,20.25751975202108
BH9_705,BH876,4.560000278817111,5.8900079824816505,-10.641062498294952,5.500966924991454
BH9_706,BH876,19.640000000000036,20.11022100412823,29.49950769966485,22.2920272665372
BH9_707,BH876,1.9700001053165939,5.35393427889409,-2.4039883941898643,0.0256336993109245
BH9_708,BH876,19.13000000000002,23.74783243386587,43.389709621826384,20.458641056490748
BH9_709,BH876,1.1400002265816462,3.3662342686913136,-8.445738843410611,1.655623192634562
BH9_710,BH876,20.969999907450696,23.996493002985915,91.45693796260589,24.445067743816157
BH9_711,BH876,0.739999959927366,2.8403056151485133,-7.294688013700887,-0.462761567971956
BH9_712,BH876,20.870000000000022,23.30809376417051,58.95564076771475,21.98863409136649
BH9_713,BH876,10.150000255941574,12.53245059818498,15.802399312895508,11.20900124585818
BH9_714,BH876,10.190000000000015,13.686224386714576,20.05034629318489,10.482722910022291
BH9_717,BH876,8.260000000000009,5.4053436279177465,-12.225295682969941,9.06364204915218
BH9_718,BH876,17.27000000000002,12.990672930763427,18.93413624925425,19.08675932462633
BH9_719,BH876,5.340000202658958,3.2437582505228804,-13.84616414232294,6.043950684622136
BH9_720,BH876,18.83999999999998,15.271180462363494,26.44230277977659,20.829666637985024
BH9_721,BH876,-1.1600002085388867,3.128709448328523,0.20228790822195875,-1.74299968261824
BH9_722,BH876,7.89000000000001,10.868500784322709,8.820132834741827,6.170894470704485
BH9_723,BH876,15.489999999999979,15.723103392828948,1.3029206849467219,15.230799449962271
BH9_724,BH876,19.550000000000004,19.0817072478426,26.82334998651545,20.979858520599528
BH9_725,BH876,7.359999999999976,10.924586767249222,-17.552824467378073,7.427722654081765
BH9_726,BH876,18.179999914377778,20.03003255594237,53.74860877919348,17.51966077617408
BH9_727,BH876,15.720000000000022,5.995667591351909,10.794344344084589,14.961945274848224
BH9_728,BH876,10.680000000000009,9.842249396920353,11.404362493021393,6.719674221595915
BH9_729,BH876,2.2399998617393377,1.2484986254562669,5.641930748089619,0.8537347970872665
BH9_730,BH876,28.35000015227659,29.561618191448584,28.467184137873083,29.551383794837434
BH9_731,BH876,4.810000053282615,3.036838295592238,5.673710050287255,2.660501678642662
BH9_732,BH876,25.869999879540895,25.902887294773166,25.88650615377088,26.4247974463237
BH9_733,BH876,4.620000224688832,2.8301483937530905,6.388750183224019,2.7098768851535677
BH9_734,BH876,29.540000000000006,29.661638305669104,29.8607853604391,30.200350014137022
BH9_735,BH876,14.749999999999984,14.79625239103861,15.393207436404992,15.748194063625576
BH9_736,BH876,-1.060000298752685,-2.25034811788391,3.7309989897734446,-1.5397282167745177
BH9_737,BH876,4.040000120419389,2.989939259010825,5.780547474903792,1.7470954996874537
BH9_738,BH876,19.529999999999987,20.77123738910292,20.83734249639413,20.071008750647643
BH9_739,BH876,3.8900002557400866,3.8358408265440485,1.0184893495291358,3.1353189586557515
BH9_740,BH876,19.12000000000001,16.940706869922543,22.981641373479253,15.1980490402529
BH9_741,BH876,3.3600001063637444,1.5259119515674568,5.2600829024113835,0.2729978084024549
BH9_742,BH876,21.6299999395491,22.876588572551682,21.56438764326615,22.39740675223014
BH9_743,BH876,5.779999805718245,4.337393754587937,7.404526808325506,2.495686378044137
BH9_744,BH876,21.110000000000014,23.681908959825048,22.71624466266867,22.260985941598896
BH9_745,BH876,3.489999989085806,5.188005244225594,12.00541239214097,2.2738192966330386
BH9_746,BH876,52.86999999468481,54.810221626778336,61.70274320093905,51.84322456558364
BH9_747,BH876,1.310000073218189,3.936829295407234,9.534472375955406,-0.1988548030635853
BH9_748,BH876,50.229999866291195,52.66257662906598,58.55021695680536,48.85057139182665
BH9_749,BH876,20.31999986633091,19.083225407134897,26.55755686443072,18.93209744116944
BH9_750,BH876,14.770000000000003,14.209302680669198,22.439595050992665,14.075373534493522
BH9_751,BH876,11.810000000000022,8.741836230137451,9.041330425770376,9.34736550060514
BH9_752,BH876,16.75,15.601471353065023,18.173941035680226,15.811998348294347
BH9_753,BH876,13.620000000000031,11.880848438251094,19.67941304620779,12.00656308909582
BH9_754,BH876,10.810000288039978,10.271265548095593,18.58959075318582,10.134664175448911
BH9_755,BH876,1.3300000551754294,-0.09583150417039889,4.712416667772389,-0.7714444596598883
BH9_756,BH876,27.06000000000001,29.08147937358305,29.818067804766454,28.66203469761948
BH9_757,BH876,18.86,20.746775804668573,25.789411346918943,20.94078024254181
BH9_758,BH876,53.60999995461218,55.15761021243362,61.39112011666771,54.92991103789197
BH9_759,BH876,20.99000000000002,21.444072639288873,26.988004271462373,22.1693432028562
BH9_760,BH876,54.730000199236585,55.75587780368827,62.71749677230151,56.14832547585082
BH9_761,BH876,7.600000046355536,4.182806150745058,9.252775232717886,4.673884024049353
BH9_762,BH876,15.410000000000021,13.918565514426973,13.992677378118353,15.74097651235824
BH9_763,BH876,4.389999804671095,3.141972358583188,8.16529836139056,2.6697148983161383
BH9_764,BH876,13.750000145792201,13.103931346012663,14.431125832315912,14.825345874972443
BH9_765,BH876,4.000000156504909,2.7505167034883464,7.301664873256679,1.7239033770005558
BH9_766,BH876,14.179999999999971,13.443940993462228,14.798048802824248,14.924831666174784
BH9_767,BH876,-1.6899997304057552,-4.860900995671204,-12.521892882270404,-2.934678326460688
BH9_768,BH876,2.540000218607417,3.1749562847060537,4.492083280415181,1.1177337430970724
BH9_769,BH876,2.979999821666704,1.8761284571995687,6.852411037954584,0.8318818423961623
BH9_770,BH876,12.740000000000022,12.637553971000894,13.743938890959331,13.812394416853872
BH9_771,BH876,1.0700002897313052,-0.6894146592563495,4.041471534536365,-1.9237464447775936
BH9_772,BH876,26.520000000000024,27.843807396305532,28.346782166753684,27.56827853073695
BH9_773,BH876,7.840000000000023,4.896313636678767,3.0763549209437584,6.180100222873037
BH9_774,BH876,61.88000002404474,58.38715550163423,56.649477591682626,60.100600336633086
BH9_775,BH876,8.109999999999982,9.544274522522935,13.648170064270692,6.781744383891395
BH9_776,BH876,56.3999999476851,58.01732570341626,62.99929727226912,55.75656396933808
BH9_777,BH876,8.679999999999994,11.728439330039416,13.562865844909474,6.975187106064585
BH9_778,BH876,55.380000240356374,58.43646505130901,61.17488715751968,54.04967394309104
BH9_779,BH876,21.410000000000007,17.57726289213515,16.54315809134237,19.128312876659912
BH9_780,BH876,15.509999813048296,12.67808155539514,12.423020270989605,14.00132007461576
BH9_781,BH876,20.080000082844027,19.47577855620381,25.24159073227824,18.575317140532523
BH9_782,BH876,15.350000000000025,15.906011354947688,22.233077421511183,14.580021736301305
BH9_783,BH876,18.580000181032055,19.501568810980892,28.01324168197994,17.504444173500918
BH9_784,BH876,20.490000000000013,21.5265929824026,29.959460005489493,19.71013388791152
BH9_785,BH876,13.880000028514264,15.385820043390405,23.151878238689793,12.832174982347569
BH9_786,BH876,15.609999722834498,17.367719150621028,24.901849219159786,14.526858506216133
BH9_787,BH876,2.2099998888034778,1.3478117564990513,5.739041967322513,-0.1137877989297656
BH9_788,BH876,13.329999999999991,13.895797575561453,14.295260328808665,14.817283695967856
BH9_789,BH876,2.610000155457758,1.586850706039278,5.746387107765953,-0.0072565195788029
BH9_790,BH876,13.620000000000031,13.520260060611605,14.621765841813485,14.589682746594171
BH9_791,BH876,1.4299999649616308,-1.4824777180621862,-0.8596581362358665,-0.3398065459117163
BH9_792,BH876,17.739999999999995,17.728435000599585,23.49199446945108,14.732187198879627
BH9_793,BH876,1.4099999830043908,0.4570074255895754,5.107406978009792,-0.8651684589520156
BH9_794,BH876,13.670000217963238,13.159422825645132,14.717580072962383,15.096174759623192
BH9_795,BH876,5.789999796696865,4.314338336597421,9.594266855246248,2.9333614977728084
BH9_796,BH876,13.340000000000002,12.623030623133069,15.174842716711645,14.37587897377838
BH9_797,BH876,37.29000024478617,36.63877109143462,36.771778131856514,36.9604795204537
BH9_798,BH876,38.20000005135009,37.40089144019817,37.54745593208189,38.00668308215101
BH9_799,BH876,0.8399998697135674,0.6260365253835185,0.8961735974296288,0.7931354541635159
BH9_800,BH876,0.749999950905986,0.8541114121485771,0.5277223297057023,0.9199164015472814
BH9_801,BH876,37.380000163593756,37.182443484707456,37.57250915666807,36.99946982162906
BH9_802,BH876,37.1399997525974,36.717597818726105,37.03657528462581,36.82556736811112
BH9_803,BH876,12.729999810953997,8.122103706663907,12.728528475936189,10.616026002694728
BH9_804,BH876,0.07999992782896129,-0.1204764631113028,-4.248399363696642,0.4205116688481319
BH9_805,BH876,11.940000000000028,13.131904492971495,9.660464954805448,13.62948180574952
BH9_806,BH876,71.11999999999976,70.12859822395453,68.79058320034856,70.79604814269874
BH9_807,BH876,30.600000000000012,29.613096803915887,32.12291815012275,29.748639640983765
BH9_808,BH876,3.1400003048341003,2.0703789254095613,1.7430144668875804,3.3299867047316045
BH9_809,BH876,3.0799997314529053,1.9987579989738669,1.668394613360293,3.231202908287728
BH9_810,BH876,32.749999947926305,32.2684316865421,34.63246809450363,32.163232969678
BH9_811,BH876,-31.629999703301902,-31.16270916010601,-29.194786232964518,-31.84090802197427
BH9_812,BH876,-30.510000086186967,-29.96517872285406,-27.975017356026335,-30.621330306969856
BH9_813,BH876,4.730000125453654,3.825864695834846,4.349140018430683,3.836131516680822
BH9_814,BH876,5.639999932017563,4.588010189727182,5.124843061948085,4.882366704849328
BH9_815,BH876,17.32000000000001,16.17836801695368,16.311968522812673,16.504795163059878
BH9_816,BH876,-0.47000020350462157,-2.113903412786762,-1.8743428577636638,-1.445557556346706
BH9_817,BH876,-3.2100002416844418,-4.239015639281641,-6.374645969424103,-7.634959665932392
BH9_818,BH876,15.069999999999991,14.208958898377665,19.69602830284027,15.014915420326936
BH9_819,BH876,14.280000295168543,15.991287891060983,18.666927900315226,13.42992833367111
BH9_820,BH876,-0.05000001764404821,0.34659492566963157,3.619733116402453,-0.6029921768862067
BH9_821,BH876,13.62999999999998,17.214142268581142,19.99926423524159,10.967775999089715
BH9_822,BH876,28.03999980442989,27.4944421483534,28.78390017742789,27.101127847687604
BH9_823,BH876,23.739999999999977,26.03537089399352,27.963488503422138,25.60695926582595
BH9_824,BH876,29.959999954853384,32.72711853473088,34.96544440521582,32.56370349191216
BH9_825,BH876,-4.000000156504909,-5.151568685913541,-5.956571928608428,-5.822253658192256
BH9_826,BH876,4.560000278817111,4.972963567718896,4.508912766416637,2.852141566043572
BH9_827,BH876,20.980000000000008,19.433917064999886,19.94165819419534,19.838119904486422
BH9_828,BH876,10.610000000000001,11.070508967352962,12.804209899684814,9.91904037391925
BH9_829,BH876,9.09999999999998,9.438242078928566,12.087117276055173,9.138256377001907
BH9_830,BH876,11.86000000000001,12.204279878630636,14.723720854114719,11.93657614166932
BH9_831,BH876,17.890000000000022,19.208526292267692,22.055840519642885,18.85769345464658
BH9_832,BH876,15.799999999999978,16.121757898736213,19.44717396582338,15.287440149392502
BH9_833,BH876,3.0799997314529053,2.228090004100346,4.575369545103313,1.4541747047181095
BH9_834,BH876,-5.699999877889284,-6.488674492114714,-6.425479395205273,-7.010742294693147
BH9_835,BH876,3.1400003048341003,6.79273172130755,9.369560681689642,5.216243160820488
BH9_836,BH876,6.090000153564944,10.01381352831475,12.613633249853619,8.391695240826428
BH9_837,BH876,-2.9899998126453244,-2.4179125406250717,-1.3555628888530646,-3.1987026866207877
BH9_838,BH876,19.74000000000001,20.03541990508111,20.522618255573292,19.500738243630384
BH9_839,BH876,14.75999986214231,17.453449782416047,14.967867423856651,15.64967965694652
BH9_840,BH876,6.600000000000024,7.799577732333654,4.805137686746057,5.090324097573358
BH9_841,BH876,12.460000054531253,13.502141937874816,14.202411793246903,12.73534675647007
BH9_842,BH876,18.940000000000015,17.752631966887442,17.462602555503057,17.031957840205834
BH9_843,BH876,32.379999999999995,35.856396157273196,40.154239018583915,35.92886618158346
BH9_844,BH876,-2.3299997805469195,0.9328258622320839,6.01186541304663,2.8733404676282013
BH9_845,BH876,18.14999999999997,15.92052655683563,15.286773466328953,15.383202111145875
BH9_846,BH876,2.8699999209018823,1.055386467369296,0.19698249635777382,0.1625052499533089
BH9_847,BH876,-0.9399997794997691,-13.809379346723862,-14.30687048632457,-1.229691159721245
BH9_848,BH876,4.810000053282615,4.0007205535673425,6.581585588946081,3.4247979896980265
BH9_849,BH876,-4.349999840756614,-17.772631709460924,-16.975179864123156,-5.361093745387275
BH9_850,BH876,6.350000000000022,5.575598982649935,9.457911252118866,5.320252165762191
BH9_851,BH876,20.110000000000007,16.671391285750982,22.143460964338598,19.196127699988192
BH9_852,BH876,29.2599999588405,29.993878452074405,29.038102737397583,30.118000879065946
BH9_853,BH876,17.01000000000001,14.010933364712491,18.01690011830279,15.9867083438536
BH9_854,BH876,24.609999761215807,24.859056065874615,22.517794733089584,25.410682460079958
BH9_855,BH876,18.750000027668598,17.401941839470204,21.49985868775474,18.40229652609459
BH9_856,BH876,25.99999976226296,26.507119193349986,24.951939209402124,25.66407291923161
BH9_857,BH876,7.220000000000024,5.652339680716423,10.113577182853085,7.1399756119495015
BH9_858,BH876,32.2899997354003,32.92440159806374,33.534570419520584,32.78502420098074
BH9_859,BH876,2.7200000562225797,0.2179722012232274,6.91690935841861,2.3284182056456597
BH9_860,BH876,17.070000288241467,20.070022939016564,21.758361202663565,19.22716689135621
BH9_861,BH876,1.9000001684662526,0.19002344636837207,7.2840168439748405,2.066513133217043
BH9_862,BH876,15.439999999999992,16.460823687285643,17.674275231374185,16.114080091401455
BH9_863,BH876,7.2999999999999785,6.270783032639729,13.55911047452546,7.514036142986395
BH9_864,BH876,32.99999999999999,34.926243419391916,38.88300162790063,34.1798260300199
BH9_865,BH876,0.21999980152964352,0.8355328309005081,-0.3860796752716755,0.9205040014183634
BH9_866,BH876,7.330000000000009,6.51635693176177,6.667956562561005,6.629725256530073
BH9_867,BH876,31.220000073178472,30.637427807878975,36.954772904527026,29.69023074542302
BH9_868,BH876,14.119999812001147,16.2916325175483,21.024019233994036,15.371645018238738
BH9_869,BH876,13.769999999999996,12.551677737859006,14.187432042718408,12.154440089164847
BH9_870,BH876,0.33999969327308543,0.5095848428955068,0.38703193857927437,0.3469003522068958
BH9_871,BH876,7.179999999999983,4.807520457343985,4.6513726175610355,4.925444163433465
BH9_872,BH876,9.500000214821789,8.604352677675148,9.691734866129405,8.78221427845097
BH9_873,BH876,4.889999981111576,3.5548349628084077,8.19084196724549,4.706882676442491
BH9_874,BH876,13.689999999999978,17.634949003873995,19.241207204004592,16.19688423351724
BH9_875,BH876,5.420000130487919,5.217377391747027,8.631599280360785,5.4042393515482905
BH9_876,BH876,8.249999999999998,13.406995979859257,13.232167296554136,10.68087076097652
BH9_877,BH876,3.819999691380272,3.404176306151204,8.387548899042159,4.274634384099255
BH9_878,BH876,12.729999810953997,13.994075574541348,16.02523464973377,13.754828140892888
BH9_879,BH876,9.950000000000022,10.386041506798307,15.088109655731994,10.389481779371714
BH9_880,BH876,30.330000248571807,33.7421374168757,37.20425882803701,31.85483415157812
BH9_881,BH876,6.919999999999971,7.829458694804435,7.545597582241175,7.145654572664705
BH9_882,BH876,24.1100002122848,24.7116136416618,25.917901176647753,24.4410870746948
BH9_883,BH876,20.06000000000002,17.844522192007474,17.7167809322867,19.141427636390937
BH9_884,BH876,9.650000000000032,9.401231648297424,8.766371382288265,10.517287575219676
BH9_885,BH876,1.4599999378974915,3.0913251466412044,2.5102056843471,2.3941158747770728
BH9_886,BH876,11.030000089569622,10.258414366451502,10.909075706515171,10.522459006239185
BH9_887,BH876,1.2300001453892278,0.2915172793254996,4.3668117130268165,-0.2189987356554299
BH9_888,BH876,11.92999990515491,10.702141465871756,9.840947178789966,11.540409706914934
BH9_889,BH876,12.209999999999987,12.496746231172283,10.98590324129721,12.168630776668923
BH9_890,BH876,3.509999971043046,3.370940651550617,2.771662538529121,2.9486389061558227
BH9_891,BH876,6.350000000000022,4.922521371997418,3.249991710191788,7.409699138758614
BH9_892,BH876,13.37999999999998,11.44077030635657,10.132825667468461,14.28240447221136
BH9_893,BH876,7.580000000000011,5.851595678835881,2.522030954282075,6.930862660586089
BH9_894,BH876,22.449999827305426,23.15526636499977,19.97540793944899,23.74543804119628
BH9_895,BH876,3.7599997455085505,3.4103943340371847,5.515096772721036,3.701214532473649
BH9_896,BH876,8.690000000000003,7.82743191856576,7.1596979382898915,7.939488821400683
BH9_897,BH876,6.409999864880788,6.560999351890284,6.689765993409865,5.074402989916364
BH9_898,BH876,5.530000031252741,5.337800235397156,6.701138453558822,5.1646185837452405
BHDIV10_1,BHDIV7,25.650019530804947,23.26325633801129,23.900780114009045,23.98125691729845
BHDIV10_3,BHDIV7,36.530027285808956,34.52890422042821,34.87497966811248,35.1764130451251
BHDIV10_4,BHDIV7,96.17007262879649,95.9779035534163,95.90549506033038,95.89657770735325
BHDIV10_5,BHDIV7,15.940011975318447,18.76291941906474,23.726638442334,15.263407289507349
BHDIV10_6,BHDIV7,13.640010285178965,13.751887465340603,5.518195938682571,12.321592423351646
BHDIV10_7,BHDIV7,27.490021008418424,27.787942900835624,22.559583490393916,26.494234130547664
BHDIV10_10,BHDIV7,64.93004935581024,61.174950813619795,61.45702497971343,60.910884683465056
BHPERI_3,BHPERI11,28.10002108562373,28.40785622110312,30.247533188619105,28.90165584184576
BHPERI_8,BHPERI11,18.000013881971043,17.80703019379015,19.89858557346832,18.764189020887432
BHPERI_9,BHPERI11,14.500010764359246,17.77557832736735,18.877749834755154,16.783522697770643
BHPERI_10,BHPERI11,26.400020109220407,32.7384023358842,32.150208154517294,30.357565986739488
BHPERI_20,BHPERI11,18.100013791757245,17.956828252991162,20.05131158662887,18.928402288942596
BHPERI_21,BHPERI11,16.600012634926326,16.832189580954363,19.96694536483756,17.370273423465985
BHPERI_22,BHPERI11,22.90001699160861,23.564739288604184,26.043430446132543,23.67491865201167
BHPERI_23,BHPERI11,27.800020728755648,28.73860993759464,29.97162474843158,29.127508424207136
BHPERI_24,BHPERI11,21.300015924991488,21.293790349252934,23.823181688245324,22.25197722735462
BHPERI_25,BHPERI11,21.600016281859567,20.867839961569498,24.690985647060113,22.575324262467262
BHPERI_26,BHPERI11,31.30002384636745,31.745839569102102,34.41585896809276,32.560194898255126
BHROT27_1,BHROT27,2.7300019297296223,2.5349927599912614,2.5499177737828584,2.57164050131224
BHROT27_2,BHROT27,7.010005598692739,6.855325974262166,6.734646623952748,7.002843958562896
BHROT27_3,BHROT27,3.4600025261878415,3.4280869356210606,3.37472821935422,3.433158737652592
BHROT27_4,BHROT27,3.72000291914144,3.605395258865754,3.5459939926605686,3.656618814668316
BHROT27_5,BHROT27,1.0100009713690583,0.9404656025148858,0.9390387522334781,0.9558918961834189
BHROT27_6,BHROT27,2.280001708182241,2.081815815131145,2.457265193727947,2.1301916651150266
BHROT27_7,BHROT27,1.0100009713690583,1.169207600247138,1.2005803971211664,1.0821061397599734
BHROT27_8,BHROT27,7.170005454350663,7.172583797330963,7.178444064828856,7.136860090179288
BHROT27_9,BHROT27,5.7900041892631835,6.031972699501277,6.050959646341357,5.879475807844478
BHROT27_10,BHROT27,8.030005933530944,8.099800269782861,8.14289944406008,7.988834911416078
BHROT27_11,BHROT27,1.6200010485743621,1.575309867067916,1.5527728816349042,1.554079672301638
BHROT27_12,BHROT27,8.410006218227984,8.640202264403692,8.702542575624001,8.605493491665401
BHROT27_13,BHROT27,6.910005061397063,6.937516517675311,6.95986137780503,6.915696948831819
BHROT27_14,BHROT27,2.680001974836521,2.8480234030318643,2.7917026786131354,2.7708908235575964
BHROT27_15,BHROT27,17.240013312576963,17.589848743628192,17.524998031417415,17.54928857322773
BHROT27_16,BHROT27,14.520010746316487,14.770442869174268,14.710730164450261,14.705564670291745
BHROT27_17,BHROT27,2.100001870567078,2.4518120241357813,2.3578292470178854,2.466663625615243
BHROT27_18,BHROT27,3.890002765777983,3.6193832457246855,3.7246558455904664,3.7429601022661263
BHROT27_19,BHROT27,2.0900018795884576,2.0123065561037383,1.9896699914064275,2.0127685782891684
BHROT27_20,BHROT27,1.7800015317417588,1.3349962773123552,1.2363546985796465,1.433702270823648
BHROT27_21,BHROT27,1.3900012560660984,0.9419286955528223,0.8316778075227504,1.0164963219532794
BHROT27_22,BHROT27,6.30000498419176,5.835019309473124,5.821537265539553,5.793222559854342
BHROT27_23,BHROT27,3.35000262542302,3.1225058420215204,3.1455500957620512,3.095761953682095
BHROT27_24,BHROT27,10.360007596606286,10.927825962081307,10.846266576499637,10.938963148616212
BHROT27_25,BHROT27,10.240007704862844,10.864132836872171,10.916461232002554,10.915468252635415
BHROT27_26,BHROT27,17.20001272115301,17.608413440805254,17.500216694943386,17.708027197642597
BHROT27_27,BHROT27,17.080012829409565,17.54472031559612,17.570411350446303,17.684532301661804
CRBH20_3,CRBH14,48.40983145311486,48.36978845581686,48.988681781600015,48.36501365973888
CRBH20_4,CRBH14,49.90856943337449,49.136119774448574,47.520492882790705,49.15548019059605
CRBH20_5,CRBH14,47.65633062685309,46.579841711997304,46.56955108165085,46.48559366843459
CRBH20_6,CRBH14,43.747687064638676,43.40895252066061,44.53025626951089,42.395197383681
CRBH20_7,CRBH14,33.712027192494006,32.85265338000927,33.3319667755696,32.32903433876572
CRBH20_8,CRBH14,50.58019909855565,48.73046193447956,47.001281785811706,49.02459369974208
CRBH20_9,CRBH14,45.18265062954012,44.62795403521481,45.3358655713327,43.72924230216447
CRBH20_13,CRBH14,49.54649458431345,49.87732645212932,51.827110493242,49.38827635353229
CRBH20_14,CRBH14,52.417049851099875,52.325690457819775,53.37536871785498,52.25566445454816
CRBH20_15,CRBH14,48.78880513231234,47.814136015816665,48.65696159324187,47.022554654935405
CRBH20_16,CRBH14,41.404097311412045,40.66086650659352,42.737117896908416,39.95019130626149
CRBH20_17,CRBH14,34.44293328512329,33.25540729671648,34.34863089346535,32.352106795320246
CRBH20_18,CRBH14,45.641876495375136,45.34778158173788,47.35220747277198,45.356793732979845
CRBH20_19,CRBH14,45.915798186010754,44.865498299890184,46.43241386627484,43.58908172325536
DBH24_1,DBH22,17.189999552475435,18.201885034450942,19.100472641147803,15.778235452072929
DBH24_2,DBH22,17.59999918259886,17.892725803493235,20.83807053202099,18.16271861723118
DBH24_3,DBH22,6.899999422833177,11.841399826366983,13.269046275470957,5.271085543413262
DBH24_4,DBH22,13.529999716753084,12.43588804835734,24.257566670947703,13.452835378772551
DBH24_5,DBH22,3.4999999800644264,2.429541000101982,5.999839758541245,2.938498917796073
DBH24_6,DBH22,-2.3999997173972605,-3.2337299167371993,3.6738325974865638,-2.8249730413402223
DBH24_7,DBH22,14.31999963157355,16.741075882080064,19.291753240272183,12.869066138812675
DBH24_8,DBH22,1.8300002316159116,5.262342787821626,-0.38254288399951936,2.816794773124601
DBH24_9,DBH22,48.13999798670274,46.706025626278944,48.834799406471966,44.25389010947567
DBH24_10,DBH22,6.129999489969951,5.833675288442722,7.0632789103766465,5.155472821438326
DBH24_11,DBH22,10.649999804872582,11.736813126910501,8.80384535316625,9.210923229123583
DBH24_12,DBH22,3.7699997364871707,8.862625923995866,2.3423233407102835,4.152327767584279
DBH24_13,DBH22,82.13999680695656,81.80081334958483,92.59321404803792,81.82618854337312
DBH24_15,DBH22,59.32999730442081,64.45852849665656,62.70287767061103,56.81259878482429
DBH24_17,DBH22,29.52999908775377,28.61106141869495,34.31592679965055,29.55211885944489
DBH24_18,DBH22,17.7699990292354,16.046474332778484,15.103946439056829,17.597335530370696
DBH24_19,DBH22,10.699999759765682,11.548316323188041,21.2424454276528,11.56980199967804
DBH24_20,DBH22,41.87999798650125,46.448051264585786,48.37721797152891,43.64833273660442
DBH24_21,DBH22,32.9199985395439,34.25691128722123,36.4684349819793,32.074947344062515
DBH24_22,DBH22,19.35999947736443,20.842477655113612,20.523034252323196,17.039878327468053
DBH24_23,DBH22,12.89999965759054,8.044281009104838,16.788977001144726,10.127897301485238
DBH24_24,DBH22,17.089999015179757,20.666314113525157,23.87854560434826,16.63470587672803
INV24_1,INV23,31.70002411302173,30.3226470016741,30.626766922358005,30.0037494761296
INV24_2,INV23,69.30005231607146,70.45843286915645,70.41708345408321,69.77373537266747
INV24_3,INV23,60.60004573195402,63.66406048824589,81.56665757665637,63.99273625812492
INV24_4,INV23,37.000028116823046,35.027367958118504,34.904438756505236,34.8767472135548
INV24_5,INV23,74.2000560532185,75.33883914153193,75.73968497199353,75.05491302549598
INV24_6,INV23,9.700007564507882,8.382653612913304,8.394548759865714,8.495715164502993
INV24_7,INV23,18.900014325065808,15.157815085060772,14.649416774197766,15.006554107612684
INV24_8,INV23,43.200032563719134,42.49269753985236,43.35786702634383,43.17908748971898
INV24_10,INV23,31.20002330907177,32.114909821790874,32.03739445015831,31.53318120376891
INV24_11,INV23,29.300021885586574,30.537811857456933,31.811454791433935,30.843223367469285
INV24_12,INV23,10.300007650734566,10.792589624907997,10.252959901047427,10.544609525972032
INV24_13,INV23,4.500003470492761,4.615493788565323,4.586406070438033,4.679891109429926
INV24_14,INV23,24.70001850530761,25.630510671875864,25.479409981452697,25.363836995304887
INV24_15,INV23,37.60002820304973,38.16946859519637,38.03505928878584,38.306777628175965
INV24_16,INV23,4.10000320383848,4.510067564611896,4.506879465247078,4.343946319567673
INV24_17,INV23,13.100010144824003,15.076275345968021,14.232173561532223,13.863215342355469
INV24_18,INV23,11.2000087213388,8.60956875820394,7.7108709743576265,10.38187692930074
INV24_19,INV23,6.200004446896084,6.0942342221437,4.732128105162186,6.352270373800889
INV24_20,INV23,21.300015924991488,18.777617987112507,21.104981434698647,19.957406129688703
INV24_21,INV23,42.30003212062437,40.157575166100095,42.24454367203295,41.09123884620831
INV24_22,INV23,27.20002064252897,27.998584875901113,24.93188194771484,27.604844637280976
INV24_23,INV23,8.400006227249364,6.029078576013208,6.260741421811424,7.54141990341034
INV24_24,INV23,68.6000516925491,62.529639943776,63.42526541451613,67.38840180667094
ORBH35_VO_1,ORBH35,42.13161924544773,37.699711178038775,41.80066032016135,43.17733623630777
ORBH35_VO_2,ORBH35,24.146134717839068,24.284423923906303,28.511673661880735,26.061329839971137
ORBH35_VO_3,ORBH35,38.53467156167893,24.290149618387602,28.510706048081644,26.06266888242713
ORBH35_VO_4,ORBH35,-0.9586462235214621,3.44889298277971,-0.6064978377557726,0.898449804423392
ORBH35_VO_5,ORBH35,2.601341152225204,4.617852491707814,4.52713857287798,4.777180743036238
ORBH35_VO_6,ORBH35,0.2277671137995582,-0.12537936723589843,0.5903963356599866,0.2406955032244029
ORBH35_VO_7,ORBH35,1.2128063857999838,2.4218589786319487,1.8359377149161817,1.8071276367785376
ORBH35_VO_8,ORBH35,41.812505577509256,41.49127221558705,40.94929812025728,41.98818457314586
ORBH35_VO_9,ORBH35,14.173683875016454,12.06547981847284,10.231689601824645,14.176989783188311
ORBH35_VO_10,ORBH35,12.802581949290094,15.070920870690653,12.180817925799767,13.021532178469547
ORBH35_VO_11,ORBH35,18.6203421376099,7.540484026105892,8.652541973735206,5.846329125901772
ORBH35_VO_12,ORBH35,46.276884707650154,53.69592104441316,48.96690766055557,50.97397440846544
ORBH35_VO_13,ORBH35,67.49216740084984,69.6613674776854,65.49366680871292,69.99794086819449
ORBH35_VO_14,ORBH35,28.432370183389075,26.43308549048397,27.777733836155914,26.921567454977875
ORBH35_VO_15,ORBH35,10.297325047732958,9.682183363910022,9.701752114174296,9.775821062870971
ORBH35_VO_16,ORBH35,43.402451432314045,43.029785468390216,43.826299246450404,42.86916369804263
ORBH35_CO3_17,ORBH35,21.755060067691364,4.272707507350364,-11.544831142231896,20.76767623205109
ORBH35_CO3_18,ORBH35,76.69131949350411,67.62074115462164,45.54239255939728,73.94892858146382
ORBH35_CO3_19,ORBH35,62.554614751794006,54.490532354236535,47.25250246760697,60.34271677235232
ORBH35_CO3_20,ORBH35,7.395821641195368,7.536364090573449,2.189146811295149,7.389579678955797
ORBH35_CO3_21,ORBH35,-0.5185487289842217,0.21759283163419668,-1.0998231641951786,-0.9319566768117176
ORBH35_CO3_22,ORBH35,-0.2275851360520808,0.35164606164497514,-0.9240337862443048,-0.3269586658984902
ORBH35_CO3_23,ORBH35,5.50185309379378,8.12172639443667,2.510445701043654,13.485772660767491
ORBH35_CO3_24,ORBH35,72.80987783948072,69.8238028736372,70.23428339108992,71.35755510348253
ORBH35_CO3_25,ORBH35,12.592127821879851,11.618699654075177,12.717930030978275,11.146163764892036
ORBH35_CO3_26,ORBH35,4.1967337892648295,9.22134451005885,10.527236667456885,5.945253107931395
ORBH35_CO3_27,ORBH35,17.86027756224947,14.252406842580957,-3.023971398019721,18.942966156293775
ORBH35_CO3_28,ORBH35,3.271973077342607,1.0423102896816492,-0.3339777043316558,4.173252949520364
ORBH35_CO3_29,ORBH35,6.944221897998608,7.456476338059252,3.1690305967735255,6.226078281293882
ORBH35_CO3_30,ORBH35,48.05546681296159,40.38125497902552,33.85870792368918,47.24943014050932
ORBH35_CO3_31,ORBH35,48.798030149090486,40.595195961550495,33.05461351616168,49.017929549084464
ORBH35_CO3_32,ORBH35,27.7114182735468,33.71708449266477,31.53463156496795,36.8701199132254
ORBH35_CO3_33,ORBH35,3.0353078792008783,3.339096759328749,-0.2372001836315682,1.4077862550895677
ORBH35_CO3_34,ORBH35,7.125051303138478,6.820537797989997,8.627067548034978,7.2466721773385885
ORBH35_CO3_35,ORBH35,15.849046319430286,3.9689065279408693,14.346777343597138,15.697777505097552
PX13_1,PX9,59.300045022204976,57.61101919728962,58.66505262501413,58.340181367548496
PX13_2,PX9,46.900035500903336,44.93250836814654,45.050066987862884,46.58780209783895
PX13_4,PX9,48.60003647730666,45.86833531818522,47.650946939170446,46.762072083696296
PX13_5,PX9,29.80002268953653,27.511815216196673,27.33560565924941,28.66173857586637
PX13_7,PX9,30.100023046404605,25.931923643524918,25.644154254736765,28.57846217007464
PX13_8,PX9,35.10002669333785,30.36440923873489,30.772937080286614,33.25691898105126
PX13_9,PX9,42.30003212062437,41.393226654116695,50.05416455632575,39.217848781716064
PX13_10,PX9,20.700015838764802,16.582536196334168,27.351954312551406,18.189283289554464
PX13_13,PX9,16.600012634926326,8.46904537889112,23.42999751829907,13.457137646451292
WCPT27_1,WCPT26,36.75908079403034,36.1272241884887,37.14708282880724,36.50629399898923
WCPT27_2,WCPT26,47.012426212764325,46.84524608387489,47.4805737954996,47.14147824244169
WCPT27_3,WCPT26,70.100379781816,68.32719689491005,68.36902657945687,68.37528834110178
WCPT27_4,WCPT26,47.514338410572265,46.994960681435295,48.052986875554595,47.46618841635829
WCPT27_5,WCPT26,68.61854376924018,67.3905848839432,67.3041632590925,67.38889270738093
WCPT27_7,WCPT26,31.142446177279396,30.993283412993122,31.388341875417726,31.41551727886055
WCPT27_8,WCPT26,40.10516085773101,40.80771191910608,41.155520875875204,41.124976077289006
WCPT27_9,WCPT26,61.23326679724691,60.80940895015883,60.26487992544607,60.23876022707769
WCPT27_10,WCPT26,5.401529389118963,3.893181580207321,3.696073900475521,4.673702485493326
WCPT27_11,WCPT26,13.479923205704148,12.712321055716647,12.710428531377337,13.186379105566015
WCPT27_12,WCPT26,37.93020862807273,35.08971961159886,35.055424588440836,35.73608372495357
WCPT27_13,WCPT26,8.675907710275643,7.680033281759221,7.901535103870064,8.185293820549129
WCPT27_14,WCPT26,36.830782536574326,34.30606762043373,34.233034414430975,34.69837588852658
WCPT27_15,WCPT26,59.63192850794057,56.011865693742415,55.682505291300885,56.50213345242925
WCPT27_16,WCPT26,4.971318933855012,3.8292217770643537,3.661846543896263,4.328244463826001
WCPT27_17,WCPT26,14.674951620594536,14.47178589139821,13.572101265385093,14.736718005672635
WCPT27_18,WCPT26,35.65965407502246,32.33979980795032,32.94670205755225,33.230092574545935
WCPT27_19,WCPT26,-6.381453203886852,-8.468640490924688,-8.621886136699114,-7.407232461717879
WCPT27_20,WCPT26,2.676864427466221,0.7829286600438993,0.951002403585449,2.061234586282436
WCPT27_21,WCPT26,23.70936804359014,20.21253155485754,20.407879448091915,21.484691837724164
WCPT27_22,WCPT26,-4.086998069988587,-5.830078140463035,-6.333208208054378,-4.811469429474988
WCPT27_23,WCPT26,20.913001339393407,18.033112298565815,18.135117459693923,18.852768634757084
WCPT27_24,WCPT26,49.474185412598565,42.66907908590353,42.79820591444443,45.804739927755854
WCPT27_25,WCPT26,-4.63671080198305,-6.1994413182680645,-5.25888235240351,-5.590151583396689
WCPT27_26,WCPT26,6.285850880494863,5.455479620196233,5.402429216241346,5.954875400974568
WCPT27_27,WCPT26,20.43498972243346,17.61173828556568,18.743229127757246,18.27099889104378
