Dataset,Datatype,wB97M-V,mace-polar-1-m
3d4dIPSS,Transition Metal,5.105710718116072,20.67708987167186
CUAGAU83,Transition Metal,5.875245087556626,24.739890171046298
DAPD,Transition Metal,6.264820621215809,7.474081796576772
MME52,Transition Metal,2.58171358274318,
MOBH28,Transition Metal,1.632152331397974,3.5412378272121905
MOR13,Transition Metal,2.1185485396453547,6.580026404262239
ROST61,Transition Metal,2.7851223295427836,4.065429300979746
TMB11,Transition Metal,1.3799714084537036,3.7480351518350306
TMD10,Transition Metal,6.467314039428806,10.053383183192889
