Molecule,charge,multiplicity,num_atoms,field_au_x,field_au_y,field_au_z,field_VA_x,field_VA_y,field_VA_z,mace-polar-1-s,mace-polar-1-m,mace-polar-1-l
Dip146_AlF2+,0,1,2,0.0,0.0,0.0001,0.0,0.0,0.00514220674763,-9315.706359196958,-9315.835572733808,-9315.717469610505
Dip146_AlF2-,0,1,2,0.0,0.0,-0.0001,0.0,0.0,-0.00514220674763,-9315.699851954094,-9315.83474885514,-9315.714264235956
Dip146_AlH22+,0,2,3,0.0,0.0,0.0001,0.0,0.0,0.00514220674763,-6627.068022904287,-6627.052629297857,-6626.776700799311
Dip146_AlH22-,0,2,3,0.0,0.0,-0.0001,0.0,0.0,-0.00514220674763,-6627.062747158829,-6627.050334845795,-6626.775979009114
Dip146_BF2+,0,1,2,0.0,0.0,0.0001,0.0,0.0,0.00514220674763,-3392.53304237315,-3393.0003878090206,-3393.087101124811
Dip146_BF2-,0,1,2,0.0,0.0,-0.0001,0.0,0.0,-0.00514220674763,-3392.532345878386,-3393.0032998392994,-3393.0890876570033
Dip146_BH2+,0,1,2,0.0,0.0,0.0001,0.0,0.0,0.00514220674763,-687.490098738514,-687.8890069309633,-687.9608258507108
Dip146_BH2-,0,1,2,0.0,0.0,-0.0001,0.0,0.0,-0.00514220674763,-687.4891702216772,-687.8908967851985,-687.9636556180756
Dip146_BH22+,0,2,3,0.0,0.0,0.0001,0.0,0.0,0.00514220674763,-704.8130742607339,-704.9204957893395,-705.0551361004856
Dip146_BH22-,0,2,3,0.0,0.0,-0.0001,0.0,0.0,-0.00514220674763,-704.8131823058892,-704.9194662305733,-705.0565502478574
Dip146_BH2Cl2+,0,1,4,0.0,0.0,0.0001,0.0,0.0,0.00514220674763,-13231.40047901368,-13231.384661856291,-13231.383220213187
Dip146_BH2Cl2-,0,1,4,0.0,0.0,-0.0001,0.0,0.0,-0.00514220674763,-13231.398958820766,-13231.383625280172,-13231.381724277002
Dip146_BH2F2+,0,1,4,0.0,0.0,0.0001,0.0,0.0,0.00514220674763,-3426.8710455379974,-3426.857784009764,-3426.8548078705167
Dip146_BH2F2-,0,1,4,0.0,0.0,-0.0001,0.0,0.0,-0.00514220674763,-3426.869716089292,-3426.856730982066,-3426.853390587138
Dip146_BHCl22+,0,1,4,0.0,0.0,0.0001,0.0,0.0,0.00514220674763,-25739.231762206076,-25739.252652712166,-25739.246104483642
Dip146_BHCl22-,0,1,4,0.0,0.0,-0.0001,0.0,0.0,-0.00514220674763,-25739.233366726858,-25739.253709440483,-25739.247439705774
Dip146_BHF22+,0,1,4,0.0,0.0,0.0001,0.0,0.0,0.00514220674763,-6130.442644929072,-6130.462608257368,-6130.455857016543
Dip146_BHF22-,0,1,4,0.0,0.0,-0.0001,0.0,0.0,-0.00514220674763,-6130.444181754108,-6130.464269446581,-6130.457213016828
Dip146_BN2+,0,3,2,0.0,0.0,0.0001,0.0,0.0,0.00514220674763,-2161.1512722957245,-2160.788593811907,-2161.070067578703
Dip146_BN2-,0,3,2,0.0,0.0,-0.0001,0.0,0.0,-0.00514220674763,-2161.1505228557817,-2160.784633325374,-2161.0646385280247
Dip146_BO2+,0,2,2,0.0,0.0,0.0001,0.0,0.0,0.00514220674763,-2721.5804572821366,-2721.7199431487834,-2721.7145112530143
Dip146_BO2-,0,2,2,0.0,0.0,-0.0001,0.0,0.0,-0.00514220674763,-2721.57855135915,-2721.7158637041857,-2721.7097257142987
Dip146_BS2+,0,2,2,0.0,0.0,0.0001,0.0,0.0,0.00514220674763,-11508.402789830532,-11508.773971046681,-11508.715252424505
Dip146_BS2-,0,2,2,0.0,0.0,-0.0001,0.0,0.0,-0.00514220674763,-11508.40200474673,-11508.77646342956,-11508.715058559348
Dip146_BeH2+,0,2,2,0.0,0.0,0.0001,0.0,0.0,0.00514220674763,-414.63694570256354,-414.6192922694833,-414.54979481550845
Dip146_BeH2-,0,2,2,0.0,0.0,-0.0001,0.0,0.0,-0.00514220674763,-414.6415489876201,-414.62181507788085,-414.55044433017645
Dip146_C2H2+,0,2,3,0.0,0.0,0.0001,0.0,0.0,0.00514220674763,-2084.209058735094,-2084.370023844201,-2084.4252829699967
Dip146_C2H2-,0,2,3,0.0,0.0,-0.0001,0.0,0.0,-0.00514220674763,-2084.2107544561836,-2084.372234321074,-2084.4237788632463
Dip146_C2H30+,0,2,5,0.0001,0.0,0.0,0.00514220674763,0.0,0.0,-2119.2063091365485,-2119.3285086251585,-2119.3315469335375
Dip146_C2H30-,0,2,5,-0.0001,0.0,0.0,-0.00514220674763,0.0,0.0,-2119.205447929637,-2119.327421378554,-2119.329565395168
Dip146_C2H31+,0,2,5,0.0,0.0001,0.0,0.0,0.00514220674763,0.0,-2119.206025140452,-2119.328193356053,-2119.330750521308
Dip146_C2H31-,0,2,5,0.0,-0.0001,0.0,0.0,-0.00514220674763,0.0,-2119.2057307806735,-2119.327739718073,-2119.330365020137
Dip146_C2H50+,0,2,7,0.0001,0.0,0.0,0.00514220674763,0.0,0.0,-2153.0744048703746,-2153.1046025237865,-2153.1033575307074
Dip146_C2H50-,0,2,7,-0.0001,0.0,0.0,-0.00514220674763,0.0,0.0,-2153.0746013523813,-2153.105062729222,-2153.1038814701988
Dip146_C2H51+,0,2,7,0.0,0.0001,0.0,0.0,0.00514220674763,0.0,-2153.074930237628,-2153.105028706384,-2153.1039456893404
Dip146_C2H51-,0,2,7,0.0,-0.0001,0.0,0.0,-0.00514220674763,0.0,-2153.0740745317084,-2153.104639694139,-2153.1032976357774
Dip146_CF2+,0,2,2,0.0,0.0,0.0001,0.0,0.0,0.00514220674763,-3749.828185677277,-3749.934651710349,-3749.9881933528172
Dip146_CF2-,0,2,2,0.0,0.0,-0.0001,0.0,0.0,-0.00514220674763,-3749.8295189324776,-3749.936163285667,-3749.991534633323
Dip146_CF22+,0,1,3,0.0,0.0,0.0001,0.0,0.0,0.00514220674763,-6469.645853964276,-6469.65209538332,-6469.658344202755
Dip146_CF22-,0,1,3,0.0,0.0,-0.0001,0.0,0.0,-0.00514220674763,-6469.646350702909,-6469.650575648862,-6469.656631766472
Dip146_CH2+,0,2,2,0.0,0.0,0.0001,0.0,0.0,0.00514220674763,-1046.4755506447802,-1046.7784396082652,-1046.8306236641738
Dip146_CH2-,0,2,2,0.0,0.0,-0.0001,0.0,0.0,-0.00514220674763,-1046.477843287909,-1046.7790191269078,-1046.8345974040344
Dip146_CH2BH2+,0,1,5,0.0,0.0,0.0001,0.0,0.0,0.00514220674763,-1759.5863242658556,-1759.6382507535902,-1759.6619643328518
Dip146_CH2BH2-,0,1,5,0.0,0.0,-0.0001,0.0,0.0,-0.00514220674763,-1759.5842540749045,-1759.6377856642346,-1759.6611468129663
Dip146_CH2BOH0+,0,1,6,0.0001,0.0,0.0,0.00514220674763,0.0,0.0,-3808.9490513639685,-3809.0149472594417,-3808.9969290546687
Dip146_CH2BOH0-,0,1,6,-0.0001,0.0,0.0,-0.00514220674763,0.0,0.0,-3808.9456284930793,-3809.013520192151,-3808.9947386746667
Dip146_CH2BOH2+,0,1,6,0.0,0.0,0.0001,0.0,0.0,0.00514220674763,-3808.9452805752326,-3809.0121281412853,-3808.9935399400993
Dip146_CH2BOH2-,0,1,6,0.0,0.0,-0.0001,0.0,0.0,-0.00514220674763,-3808.9494011220727,-3809.0163337028457,-3808.9981240362567
Dip146_CH2F0+,0,2,4,0.0001,0.0,0.0,0.00514220674763,0.0,0.0,-3784.558066488935,-3784.5896949389253,-3784.5807718518563
Dip146_CH2F0-,0,2,4,-0.0001,0.0,0.0,-0.00514220674763,0.0,0.0,-3784.5586386565683,-3784.590863254173,-3784.581873881511
Dip146_CH2F1+,0,2,4,0.0,0.0001,0.0,0.0,0.00514220674763,0.0,-3784.5571834081843,-3784.5887379202923,-3784.579881516105
Dip146_CH2F1-,0,2,4,0.0,-0.0001,0.0,0.0,-0.00514220674763,0.0,-3784.559521330164,-3784.5918220888125,-3784.582768161138
Dip146_CH2NH0+,0,1,5,0.0001,0.0,0.0,0.00514220674763,0.0,0.0,-2574.8205254668324,-2574.823351065794,-2574.821470214271
Dip146_CH2NH0-,0,1,5,-0.0001,0.0,0.0,-0.00514220674763,0.0,0.0,-2574.81868431505,-2574.8202738866407,-2574.8183922294998
Dip146_CH2NH2+,0,1,5,0.0,0.0,0.0001,0.0,0.0,0.00514220674763,-2574.818188239277,-2574.820140511085,-2574.818207716199
Dip146_CH2NH2-,0,1,5,0.0,0.0,-0.0001,0.0,0.0,-0.00514220674763,-2574.821021356304,-2574.823486195537,-2574.8216563126225
Dip146_CH2PH0+,0,1,5,0.0001,0.0,0.0,0.00514220674763,0.0,0.0,-10372.91683865767,-10372.906744100857,-10372.903168583935
Dip146_CH2PH0-,0,1,5,-0.0001,0.0,0.0,-0.00514220674763,0.0,0.0,-10372.918096908697,-10372.90842082813,-10372.904971382735
Dip146_CH2PH2+,0,1,5,0.0,0.0,0.0001,0.0,0.0,0.00514220674763,-10372.917570422485,-10372.907278169158,-10372.903685593901
Dip146_CH2PH2-,0,1,5,0.0,0.0,-0.0001,0.0,0.0,-0.00514220674763,-10372.917365642044,-10372.907881706813,-10372.904453673325
Dip146_CH3BH21+,0,1,7,0.0,0.0001,0.0,0.0,0.00514220674763,0.0,-1793.447889998572,-1793.4403921831495,-1793.459611005066
Dip146_CH3BH21-,0,1,7,0.0,-0.0001,0.0,0.0,-0.00514220674763,0.0,-1793.4470809054244,-1793.4388598774726,-1793.458189931669
Dip146_CH3BO2+,0,1,6,0.0,0.0,0.0001,0.0,0.0,0.00514220674763,-3810.957924794689,-3810.881281536259,-3810.8670238395994
Dip146_CH3BO2-,0,1,6,0.0,0.0,-0.0001,0.0,0.0,-0.00514220674763,-3810.9504048748227,-3810.8727523054768,-3810.8590911079386
Dip146_CH3Cl2+,0,1,5,0.0,0.0,0.0001,0.0,0.0,0.00514220674763,-13607.985327292032,-13607.986032538653,-13607.985271857562
Dip146_CH3Cl2-,0,1,5,0.0,0.0,-0.0001,0.0,0.0,-0.00514220674763,-13607.982320342458,-13607.981928193396,-13607.981153953442
Dip146_CH3F2+,0,1,5,0.0,0.0,0.0001,0.0,0.0,0.00514220674763,-3802.7255744731283,-3802.717656653026,-3802.723970812953
Dip146_CH3F2-,0,1,5,0.0,0.0,-0.0001,0.0,0.0,-0.00514220674763,-3802.722348637139,-3802.713828412627,-3802.7201307268506
Dip146_CH3Li2+,0,1,5,0.0,0.0,0.0001,0.0,0.0,0.00514220674763,-1288.8670029906011,-1289.0288959762536,-1289.0486138586105
Dip146_CH3Li2-,0,1,5,0.0,0.0,-0.0001,0.0,0.0,-0.00514220674763,-1288.855943274485,-1289.015822525898,-1289.0362573410175
Dip146_CH3NH20+,0,1,7,0.0001,0.0,0.0,0.00514220674763,0.0,0.0,-2607.905662880104,-2607.9056721366014,-2607.9082370786946
Dip146_CH3NH20-,0,1,7,-0.0001,0.0,0.0,-0.00514220674763,0.0,0.0,-2607.9047815091394,-2607.9050221443767,-2607.9076147236597
Dip146_CH3NH21+,0,1,7,0.0,0.0001,0.0,0.0,0.00514220674763,0.0,-2607.9041126205375,-2607.9038465154617,-2607.9064075496176
Dip146_CH3NH21-,0,1,7,0.0,-0.0001,0.0,0.0,-0.00514220674763,0.0,-2607.906332031458,-2607.9068458055604,-2607.9094410796233
Dip146_CH3O2+,0,2,5,0.0,0.0,0.0001,0.0,0.0,0.00514220674763,-3130.522804070667,-3130.5388654355374,-3130.557039534788
Dip146_CH3O2-,0,2,5,0.0,0.0,-0.0001,0.0,0.0,-0.00514220674763,-3130.5195327878537,-3130.5352409197717,-3130.5533341324744
Dip146_CH3OH0+,0,1,6,0.0001,0.0,0.0,0.00514220674763,0.0,0.0,-3148.8064241050333,-3148.8015087789463,-3148.8032138069643
Dip146_CH3OH0-,0,1,6,-0.0001,0.0,0.0,-0.00514220674763,0.0,0.0,-3148.8088154117067,-3148.8045116039016,-3148.806271734352
Dip146_CH3OH1+,0,1,6,0.0,0.0001,0.0,0.0,0.00514220674763,0.0,-3148.80659584669,-3148.8019095843624,-3148.8036388677087
Dip146_CH3OH1-,0,1,6,0.0,-0.0001,0.0,0.0,-0.00514220674763,0.0,-3148.8086435870227,-3148.804110784883,-3148.805847037363
Dip146_CH3SH0+,0,1,6,0.0001,0.0,0.0,0.00514220674763,0.0,0.0,-11936.862196112199,-11936.856633448962,-11936.861481006783
Dip146_CH3SH0-,0,1,6,-0.0001,0.0,0.0,-0.00514220674763,0.0,0.0,-11936.86009420576,-11936.854024389186,-11936.858806974991
Dip146_CH3SH1+,0,1,6,0.0,0.0001,0.0,0.0,0.00514220674763,0.0,-11936.860409570696,-11936.85421332721,-11936.858973751576
Dip146_CH3SH1-,0,1,6,0.0,-0.0001,0.0,0.0,-0.00514220674763,0.0,-11936.86188126579,-11936.85644019363,-11936.861310852177
Dip146_CH3SH2+,0,1,6,0.0,0.0,0.0001,0.0,0.0,0.00514220674763,-11936.86100054917,-11936.855061276665,-11936.859858594431
Dip146_CH3SH2-,0,1,6,0.0,0.0,-0.0001,0.0,0.0,-0.00514220674763,-11936.86129032462,-11936.855590504581,-11936.860424601218
Dip146_CN2+,0,2,2,0.0,0.0,0.0001,0.0,0.0,0.00514220674763,-2522.454315004945,-2522.763643166881,-2522.794311499637
Dip146_CN2-,0,2,2,0.0,0.0,-0.0001,0.0,0.0,-0.00514220674763,-2522.4539800745674,-2522.767351429009,-2522.801070184899
Dip146_CS2+,0,1,2,0.0,0.0,0.0001,0.0,0.0,0.00514220674763,-11869.912239736183,-11869.924257464367,-11869.931196393798
Dip146_CS2-,0,1,2,0.0,0.0,-0.0001,0.0,0.0,-0.00514220674763,-11869.913785678897,-11869.927976027258,-11869.935301571084
Dip146_CSO2+,0,1,3,0.0,0.0,0.0001,0.0,0.0,0.00514220674763,-13920.069206595857,-13920.075710590096,-13920.071299837273
Dip146_CSO2-,0,1,3,0.0,0.0,-0.0001,0.0,0.0,-0.00514220674763,-13920.068541947532,-13920.074030441043,-13920.070146227117
Dip146_ClCN2+,0,1,3,0.0,0.0,0.0001,0.0,0.0,0.00514220674763,-15048.481358753346,-15048.47278843437,-15048.48088949615
Dip146_ClCN2-,0,1,3,0.0,0.0,-0.0001,0.0,0.0,-0.00514220674763,-15048.486018782967,-15048.479096230685,-15048.487484784066
Dip146_ClF2+,0,1,2,0.0,0.0,0.0001,0.0,0.0,0.00514220674763,-15237.655786780952,-15237.650087981314,-15237.659005178393
Dip146_ClF2-,0,1,2,0.0,0.0,-0.0001,0.0,0.0,-0.00514220674763,-15237.657408789584,-15237.651482785583,-15237.660455066172
Dip146_ClO22+,0,2,3,0.0,0.0,0.0001,0.0,0.0,0.00514220674763,-16611.568875080633,-16611.865551877014,-16612.074682337734
Dip146_ClO22-,0,2,3,0.0,0.0,-0.0001,0.0,0.0,-0.00514220674763,-16611.572504092725,-16611.869044359973,-16612.078392868894
Dip146_FCN2+,0,1,3,0.0,0.0,0.0001,0.0,0.0,0.00514220674763,-5242.961596119079,-5242.937047405074,-5242.933880145294
Dip146_FCN2-,0,1,3,0.0,0.0,-0.0001,0.0,0.0,-0.00514220674763,-5242.958021811987,-5242.932088971159,-5242.928574440375
Dip146_FCO0+,0,2,3,0.0001,0.0,0.0,0.00514220674763,0.0,0.0,-5799.816415835162,-5799.886785768384,-5799.8903091658485
Dip146_FCO0-,0,2,3,-0.0001,0.0,0.0,-0.00514220674763,0.0,0.0,-5799.814393660865,-5799.884729298628,-5799.888856442432
Dip146_FCO1+,0,2,3,0.0,0.0001,0.0,0.0,0.00514220674763,0.0,-5799.8149891956655,-5799.885305638244,-5799.889313536984
Dip146_FCO1-,0,2,3,0.0,-0.0001,0.0,0.0,-0.00514220674763,0.0,-5799.815820879257,-5799.886205726722,-5799.889849807998
Dip146_FH-BH22+,0,2,5,0.0,0.0,0.0001,0.0,0.0,0.00514220674763,-3438.4369692619525,-3438.8437519627323,-3438.9107459402003
Dip146_FH-BH22-,0,2,5,0.0,0.0,-0.0001,0.0,0.0,-0.00514220674763,-3438.4335409836103,-3438.8386536206094,-3438.904467855781
Dip146_FH-NH22+,0,2,5,0.0,0.0,0.0001,0.0,0.0,0.00514220674763,-4254.368627294414,-4254.48720845743,-4254.530411299731
Dip146_FH-NH22-,0,2,5,0.0,0.0,-0.0001,0.0,0.0,-0.00514220674763,-4254.362111995383,-4254.475751534291,-4254.520741711394
Dip146_FH-OH0+,0,2,4,0.0001,0.0,0.0,0.00514220674763,0.0,0.0,-4794.766452831254,-4795.028037440525,-4795.014698716585
Dip146_FH-OH0-,0,2,4,-0.0001,0.0,0.0,-0.00514220674763,0.0,0.0,-4794.768784087096,-4795.03182186959,-4795.017856207434
Dip146_FH-OH2+,0,2,4,0.0,0.0,0.0001,0.0,0.0,0.00514220674763,-4794.769541824254,-4795.0336506219555,-4795.019596980587
Dip146_FH-OH2-,0,2,4,0.0,0.0,-0.0001,0.0,0.0,-0.00514220674763,-4794.765694285337,-4795.026211490505,-4795.012959604971
Dip146_FNO0+,0,1,3,0.0001,0.0,0.0,0.00514220674763,0.0,0.0,-6252.1686056189865,-6252.168812930353,-6252.168437596921
Dip146_FNO0-,0,1,3,-0.0001,0.0,0.0,-0.00514220674763,0.0,0.0,-6252.170596132008,-6252.170880477137,-6252.171212980505
Dip146_FNO1+,0,1,3,0.0,0.0001,0.0,0.0,0.00514220674763,0.0,-6252.168321326053,-6252.168779520955,-6252.168631206083
Dip146_FNO1-,0,1,3,0.0,-0.0001,0.0,0.0,-0.00514220674763,0.0,-6252.170881224264,-6252.170910671612,-6252.171016937534
Dip146_H2CN2+,0,2,4,0.0,0.0,0.0001,0.0,0.0,0.00514220674763,-2557.0936700034904,-2557.228130252097,-2557.254225877547
Dip146_H2CN2-,0,2,4,0.0,0.0,-0.0001,0.0,0.0,-0.00514220674763,-2557.0902855217114,-2557.222142815652,-2557.2499340281047
Dip146_H2O-Al0+,0,2,4,0.0001,0.0,0.0,0.00514220674763,0.0,0.0,-8674.500466073752,-8674.608263917977,-8674.698662313147
Dip146_H2O-Al0-,0,2,4,-0.0001,0.0,0.0,-0.00514220674763,0.0,0.0,-8674.500790303495,-8674.60861272002,-8674.698923233238
Dip146_H2O-Al1+,0,2,4,0.0,0.0001,0.0,0.0,0.00514220674763,0.0,-8674.500054986744,-8674.607827065394,-8674.698338069427
Dip146_H2O-Al1-,0,2,4,0.0,-0.0001,0.0,0.0,-0.00514220674763,0.0,-8674.501201737015,-8674.609043347056,-8674.699242516785
Dip146_H2O-Al2+,0,2,4,0.0,0.0,0.0001,0.0,0.0,0.00514220674763,-8674.49866545892,-8674.60574678774,-8674.694894676664
Dip146_H2O-Al2-,0,2,4,0.0,0.0,-0.0001,0.0,0.0,-0.00514220674763,-8674.502589757472,-8674.611155973153,-8674.702728130473
Dip146_H2O-Cl0+,0,2,4,0.0001,0.0,0.0,0.00514220674763,0.0,0.0,-14600.48597086662,-14600.784341188171,-14600.764736918463
Dip146_H2O-Cl0-,0,2,4,-0.0001,0.0,0.0,-0.00514220674763,0.0,0.0,-14600.48766372482,-14600.786490477978,-14600.766836762617
Dip146_H2O-Cl1+,0,2,4,0.0,0.0001,0.0,0.0,0.00514220674763,0.0,-14600.485698894954,-14600.783995249716,-14600.764399263791
Dip146_H2O-Cl1-,0,2,4,0.0,-0.0001,0.0,0.0,-0.00514220674763,0.0,-14600.487935718664,-14600.786836201998,-14600.767174029486
Dip146_H2O-Cl2+,0,2,4,0.0,0.0,0.0001,0.0,0.0,0.00514220674763,-14600.485838341376,-14600.784273848827,-14600.765079229082
Dip146_H2O-Cl2-,0,2,4,0.0,0.0,-0.0001,0.0,0.0,-0.00514220674763,-14600.487795751622,-14600.786557742058,-14600.7664945904
Dip146_H2O-F0+,0,2,4,0.0001,0.0,0.0,0.00514220674763,0.0,0.0,-4794.0071700758435,-4794.437329492276,-4794.413441870111
Dip146_H2O-F0-,0,2,4,-0.0001,0.0,0.0,-0.00514220674763,0.0,0.0,-4794.008964386552,-4794.439569457498,-4794.415964425537
Dip146_H2O-F1+,0,2,4,0.0,0.0001,0.0,0.0,0.00514220674763,0.0,-4794.006894370398,-4794.436984254945,-4794.413054069854
Dip146_H2O-F1-,0,2,4,0.0,-0.0001,0.0,0.0,-0.00514220674763,0.0,-4794.0092400442945,-4794.439914170875,-4794.416351904082
Dip146_H2O-F2+,0,2,4,0.0,0.0,0.0001,0.0,0.0,0.00514220674763,-4794.00709503927,-4794.437965004503,-4794.414604545444
Dip146_H2O-F2-,0,2,4,0.0,0.0,-0.0001,0.0,0.0,-0.00514220674763,-4794.009038913655,-4794.438929711948,-4794.414799273984
Dip146_H2O-H2O0+,0,1,6,0.0001,0.0,0.0,0.00514220674763,0.0,0.0,-4159.946544816368,-4159.950009828926,-4159.951538615299
Dip146_H2O-H2O0-,0,1,6,-0.0001,0.0,0.0,-0.00514220674763,0.0,0.0,-4159.941402473892,-4159.9440830866315,-4159.945438769407
Dip146_H2O-H2O2+,0,1,6,0.0,0.0,0.0001,0.0,0.0,0.00514220674763,-4159.943777301937,-4159.946814278024,-4159.948256198864
Dip146_H2O-H2O2-,0,1,6,0.0,0.0,-0.0001,0.0,0.0,-0.00514220674763,-4159.9441704389465,-4159.947273949703,-4159.948716119045
Dip146_H2O-Li1+,0,2,4,0.0,0.0001,0.0,0.0,0.00514220674763,0.0,-2283.764611080766,-2283.7543612852423,-2283.6257762397518
Dip146_H2O-Li1-,0,2,4,0.0,-0.0001,0.0,0.0,-0.00514220674763,0.0,-2283.7661768369117,-2283.7561279333104,-2283.62761935708
Dip146_H2O-Li2+,0,2,4,0.0,0.0,0.0001,0.0,0.0,0.00514220674763,-2283.7635793222794,-2283.7508991957216,-2283.6229925423518
Dip146_H2O-Li2-,0,2,4,0.0,0.0,-0.0001,0.0,0.0,-0.00514220674763,-2283.7672079287913,-2283.7596064171034,-2283.6304129592736
Dip146_H2O-NH30+,0,1,7,0.0001,0.0,0.0,0.00514220674763,0.0,0.0,-3618.9711828282784,-3618.9603376095138,-3618.9640652698727
Dip146_H2O-NH30-,0,1,7,-0.0001,0.0,0.0,-0.00514220674763,0.0,0.0,-3618.9652399257043,-3618.95320818318,-3618.956873488602
Dip146_H2O-NH31+,0,1,7,0.0,0.0001,0.0,0.0,0.00514220674763,0.0,-3618.969375403966,-3618.9582237992577,-3618.961952916995
Dip146_H2O-NH31-,0,1,7,0.0,-0.0001,0.0,0.0,-0.00514220674763,0.0,-3618.967047898981,-3618.9553176869526,-3618.958982290066
Dip146_H2O2+,0,1,3,0.0,0.0,0.0001,0.0,0.0,0.00514220674763,-2079.866546016149,-2079.8662658848757,-2079.8672016021505
Dip146_H2O2-,0,1,3,0.0,0.0,-0.0001,0.0,0.0,-0.00514220674763,-2079.8632442931735,-2079.8622219346844,-2079.8630778888905
Dip146_H2S-H2S0+,0,1,6,0.0001,0.0,0.0,0.00514220674763,0.0,0.0,-21735.096163577495,-21735.09660132727,-21735.100345042494
Dip146_H2S-H2S0-,0,1,6,-0.0001,0.0,0.0,-0.00514220674763,0.0,0.0,-21735.093955742417,-21735.094302887705,-21735.09795749138
Dip146_H2S-H2S1+,0,1,6,0.0,0.0001,0.0,0.0,0.00514220674763,0.0,-21735.095244504577,-21735.095666332803,-21735.099377011687
Dip146_H2S-H2S1-,0,1,6,0.0,-0.0001,0.0,0.0,-0.00514220674763,0.0,-21735.094876108025,-21735.095232887466,-21735.09892050342
Dip146_H2S-HCl0+,0,1,5,0.0001,0.0,0.0,0.00514220674763,0.0,0.0,-23406.399220443564,-23406.417356169564,-23406.41605076175
Dip146_H2S-HCl0-,0,1,5,-0.0001,0.0,0.0,-0.00514220674763,0.0,0.0,-23406.40351388507,-23406.421802883055,-23406.420552344727
Dip146_H2S-HCl2+,0,1,5,0.0,0.0,0.0001,0.0,0.0,0.00514220674763,-23406.400657385097,-23406.418603756607,-23406.417268436657
Dip146_H2S-HCl2-,0,1,5,0.0,0.0,-0.0001,0.0,0.0,-0.00514220674763,-23406.402078462514,-23406.420549558352,-23406.41932856677
Dip146_HBH2BH2+,0,1,6,0.0,0.0,0.0001,0.0,0.0,0.00514220674763,-1413.749406666356,-1414.7577351962143,-1414.8944048564833
Dip146_HBH2BH2-,0,1,6,0.0,0.0,-0.0001,0.0,0.0,-0.00514220674763,-1413.7486648090537,-1414.7585179116197,-1414.8948752018794
Dip146_HBO2+,0,1,3,0.0,0.0,0.0001,0.0,0.0,0.00514220674763,-2740.745562127074,-2740.714649673359,-2740.6881881933773
Dip146_HBO2-,0,1,3,0.0,0.0,-0.0001,0.0,0.0,-0.00514220674763,-2740.740769582555,-2740.7086800140673,-2740.682684705293
Dip146_HBS2+,0,1,3,0.0,0.0,0.0001,0.0,0.0,0.00514220674763,-11527.721550264938,-11527.722040984603,-11527.698113396682
Dip146_HBS2-,0,1,3,0.0,0.0,-0.0001,0.0,0.0,-0.00514220674763,-11527.726947291394,-11527.724021284565,-11527.700996733949
Dip146_HCCCl2+,0,1,4,0.0,0.0,0.0001,0.0,0.0,0.00514220674763,-14610.210215549525,-14610.210684763279,-14610.21085417664
Dip146_HCCCl2-,0,1,4,0.0,0.0,-0.0001,0.0,0.0,-0.00514220674763,-14610.210046129632,-14610.209716118416,-14610.210157495894
Dip146_HCCF2+,0,1,4,0.0,0.0,0.0001,0.0,0.0,0.00514220674763,-4804.6635936572675,-4804.656977449541,-4804.654516320095
Dip146_HCCF2-,0,1,4,0.0,0.0,-0.0001,0.0,0.0,-0.00514220674763,-4804.662963107628,-4804.655344405749,-4804.653697710773
Dip146_HCHO2+,0,1,4,0.0,0.0,0.0001,0.0,0.0,0.00514220674763,-3115.941833047889,-3115.9397413134984,-3115.9433103922192
Dip146_HCHO2-,0,1,4,0.0,0.0,-0.0001,0.0,0.0,-0.00514220674763,-3115.9371181461147,-3115.9344467247747,-3115.937937196246
Dip146_HCHS2+,0,1,4,0.0,0.0,0.0001,0.0,0.0,0.00514220674763,-11903.508059609936,-11903.506496762631,-11903.50901972786
Dip146_HCHS2-,0,1,4,0.0,0.0,-0.0001,0.0,0.0,-0.00514220674763,-11903.503481814285,-11903.502478562363,-11903.504574254966
Dip146_HCN2+,0,1,3,0.0,0.0,0.0001,0.0,0.0,0.00514220674763,-2542.4226262539,-2542.418801755921,-2542.423418334819
Dip146_HCN2-,0,1,3,0.0,0.0,-0.0001,0.0,0.0,-0.00514220674763,-2542.4275086054504,-2542.4255616424343,-2542.4301215805217
Dip146_HCNO0+,0,1,4,0.0001,0.0,0.0,0.00514220674763,0.0,0.0,-4587.562833897228,-4587.561809959948,-4587.556870070101
Dip146_HCNO0-,0,1,4,-0.0001,0.0,0.0,-0.00514220674763,0.0,0.0,-4587.567621779096,-4587.5672018816595,-4587.561930612355
Dip146_HCNO1+,0,1,4,0.0,0.0001,0.0,0.0,0.00514220674763,0.0,-4587.563952802234,-4587.56280931944,-4587.557697245453
Dip146_HCNO1-,0,1,4,0.0,-0.0001,0.0,0.0,-0.00514220674763,0.0,-4587.566505018122,-4587.566193409212,-4587.561094078007
Dip146_HCO0+,0,2,3,0.0001,0.0,0.0,0.00514220674763,0.0,0.0,-3098.2613438161466,-3098.274499930916,-3098.328912897167
Dip146_HCO0-,0,2,3,-0.0001,0.0,0.0,-0.00514220674763,0.0,0.0,-3098.263628320411,-3098.27810011234,-3098.331954660985
Dip146_HCO1+,0,2,3,0.0,0.0001,0.0,0.0,0.00514220674763,0.0,-3098.2634668384358,-3098.277245837347,-3098.330938001086
Dip146_HCO1-,0,2,3,0.0,-0.0001,0.0,0.0,-0.00514220674763,0.0,-3098.261505639453,-3098.2753516374564,-3098.3299262172663
Dip146_HCOF0+,0,1,4,0.0001,0.0,0.0,0.00514220674763,0.0,0.0,-5818.019151757259,-5818.01986572474,-5818.027207516885
Dip146_HCOF0-,0,1,4,-0.0001,0.0,0.0,-0.00514220674763,0.0,0.0,-5818.016581991776,-5818.016938177062,-5818.024177385809
Dip146_HCOF1+,0,1,4,0.0,0.0001,0.0,0.0,0.00514220674763,0.0,-5818.016410548864,-5818.0165414842395,-5818.023924571054
Dip146_HCOF1-,0,1,4,0.0,-0.0001,0.0,0.0,-0.00514220674763,0.0,-5818.019323353785,-5818.020260713215,-5818.027458219462
Dip146_HCONH20+,0,1,6,0.0001,0.0,0.0,0.00514220674763,0.0,0.0,-4623.437532044807,-4623.43659645284,-4623.438605889389
Dip146_HCONH20-,0,1,6,-0.0001,0.0,0.0,-0.00514220674763,0.0,0.0,-4623.430158987699,-4623.428039557142,-4623.42988351359
Dip146_HCONH21+,0,1,6,0.0,0.0001,0.0,0.0,0.00514220674763,0.0,-4623.434378425218,-4623.43287590705,-4623.434850124381
Dip146_HCONH21-,0,1,6,0.0,-0.0001,0.0,0.0,-0.00514220674763,0.0,-4623.433312916548,-4623.431758259226,-4623.4336372402895
Dip146_HCOOH0+,0,1,5,0.0001,0.0,0.0,0.00514220674763,0.0,0.0,-5164.219152736138,-5164.22062835541,-5164.220420693833
Dip146_HCOOH0-,0,1,5,-0.0001,0.0,0.0,-0.00514220674763,0.0,0.0,-5164.215780577847,-5164.217449516605,-5164.217143359552
Dip146_HCP2+,0,1,3,0.0,0.0,0.0001,0.0,0.0,0.00514220674763,-10339.918234138104,-10339.92787601146,-10339.932173353263
Dip146_HCP2-,0,1,3,0.0,0.0,-0.0001,0.0,0.0,-0.00514220674763,-10339.919313072141,-10339.928938023928,-10339.933164310329
Dip146_HCl-HCl0+,0,1,4,0.0001,0.0,0.0,0.00514220674763,0.0,0.0,-25077.587616881898,-25077.58930910766,-25077.59602094694
Dip146_HCl-HCl0-,0,1,4,-0.0001,0.0,0.0,-0.00514220674763,0.0,0.0,-25077.590613060675,-25077.592749502517,-25077.599530630912
Dip146_HCl-HCl1+,0,1,4,0.0,0.0001,0.0,0.0,0.00514220674763,0.0,-25077.588178964033,-25077.589948304943,-25077.596745031362
Dip146_HCl-HCl1-,0,1,4,0.0,-0.0001,0.0,0.0,-0.00514220674763,0.0,-25077.590052046293,-25077.59210407571,-25077.598801812022
Dip146_HCl2+,0,1,2,0.0,0.0,0.0001,0.0,0.0,0.00514220674763,-12538.752408143235,-12538.75768922245,-12538.75754759666
Dip146_HCl2-,0,1,2,0.0,0.0,-0.0001,0.0,0.0,-0.00514220674763,-12538.754478330407,-12538.760067684798,-12538.759828785407
Dip146_HF-HF0+,0,1,4,0.0001,0.0,0.0,0.00514220674763,0.0,0.0,-5467.626351996388,-5467.607266082673,-5467.610290567672
Dip146_HF-HF0-,0,1,4,-0.0001,0.0,0.0,-0.00514220674763,0.0,0.0,-5467.632012447223,-5467.614162920156,-5467.616930681091
Dip146_HF-HF1+,0,1,4,0.0,0.0001,0.0,0.0,0.00514220674763,0.0,-5467.627992829681,-5467.609109733658,-5467.612117176951
Dip146_HF-HF1-,0,1,4,0.0,-0.0001,0.0,0.0,-0.00514220674763,0.0,-5467.6303726249225,-5467.612315646433,-5467.615100588549
Dip146_HF2+,0,1,2,0.0,0.0,0.0001,0.0,0.0,0.00514220674763,-2733.7129563257463,-2733.7096976949947,-2733.7094347488282
Dip146_HF2-,0,1,2,0.0,0.0,-0.0001,0.0,0.0,-0.00514220674763,-2733.715904332728,-2733.713761692589,-2733.7131595952346
Dip146_HN30+,0,1,4,0.0001,0.0,0.0,0.00514220674763,0.0,0.0,-4484.496733942274,-4484.503969807525,-4484.498679382994
Dip146_HN30-,0,1,4,-0.0001,0.0,0.0,-0.00514220674763,0.0,0.0,-4484.495608294276,-4484.502721096328,-4484.497023808588
Dip146_HN31+,0,1,4,0.0,0.0001,0.0,0.0,0.00514220674763,0.0,-4484.495495541713,-4484.501918453439,-4484.4962533326325
Dip146_HN31-,0,1,4,0.0,-0.0001,0.0,0.0,-0.00514220674763,0.0,-4484.496849372035,-4484.504762348314,-4484.499440821926
Dip146_HNC2+,0,1,3,0.0,0.0,0.0001,0.0,0.0,0.00514220674763,-2541.895791914896,-2541.8740666059084,-2541.887768674414
Dip146_HNC2-,0,1,3,0.0,0.0,-0.0001,0.0,0.0,-0.00514220674763,-2541.899750245221,-2541.881018338049,-2541.8943916388826
Dip146_HNCO0+,0,1,4,0.0001,0.0,0.0,0.00514220674763,0.0,0.0,-4590.787570914082,-4590.780886065162,-4590.787076767712
Dip146_HNCO0-,0,1,4,-0.0001,0.0,0.0,-0.00514220674763,0.0,0.0,-4590.790435469912,-4590.785096634052,-4590.791253428328
Dip146_HNCO1+,0,1,4,0.0,0.0001,0.0,0.0,0.00514220674763,0.0,-4590.789829887888,-4590.783939664571,-4590.789955018785
Dip146_HNCO1-,0,1,4,0.0,-0.0001,0.0,0.0,-0.00514220674763,0.0,-4590.788175859203,-4590.782047288855,-4590.788378395182
Dip146_HNO0+,0,1,3,0.0001,0.0,0.0,0.00514220674763,0.0,0.0,-3550.8984734072937,-3550.908672410689,-3550.907819482282
Dip146_HNO0-,0,1,3,-0.0001,0.0,0.0,-0.00514220674763,0.0,0.0,-3550.8970448022974,-3550.905707608633,-3550.904689966221
Dip146_HNO2+,0,1,3,0.0,0.0,0.0001,0.0,0.0,0.00514220674763,-3550.896803607293,-3550.906177844615,-3550.905328777759
Dip146_HNO2-,0,1,3,0.0,0.0,-0.0001,0.0,0.0,-0.00514220674763,-3550.8987143510476,-3550.9082033545446,-3550.9071818816374
Dip146_HNO20+,0,1,4,0.0001,0.0,0.0,0.00514220674763,0.0,0.0,-5598.549315682209,-5598.555617544927,-5598.552946468318
Dip146_HNO20-,0,1,4,-0.0001,0.0,0.0,-0.00514220674763,0.0,0.0,-5598.552626461185,-5598.5597571209955,-5598.556923900693
Dip146_HNO21+,0,1,4,0.0,0.0001,0.0,0.0,0.00514220674763,0.0,-5598.550276729593,-5598.557072147745,-5598.554206294437
Dip146_HNO21-,0,1,4,0.0,-0.0001,0.0,0.0,-0.00514220674763,0.0,-5598.5516667062375,-5598.5582958752875,-5598.555657092345
Dip146_HNS1+,0,1,3,0.0,0.0001,0.0,0.0,0.00514220674763,0.0,-12339.492405446546,-12339.509997398627,-12339.5126985848
Dip146_HNS1-,0,1,3,0.0,-0.0001,0.0,0.0,-0.00514220674763,0.0,-12339.491001949575,-12339.50717556189,-12339.509904490766
Dip146_HO20+,0,2,3,0.0001,0.0,0.0,0.00514220674763,0.0,0.0,-4106.982805024987,-4107.0646517303085,-4107.047882733696
Dip146_HO20-,0,2,3,-0.0001,0.0,0.0,-0.00514220674763,0.0,0.0,-4106.980473507612,-4107.061407840027,-4107.044787849349
Dip146_HO21+,0,2,3,0.0,0.0001,0.0,0.0,0.00514220674763,0.0,-4106.982848888675,-4107.064405074403,-4107.047678127909
Dip146_HO21-,0,2,3,0.0,-0.0001,0.0,0.0,-0.00514220674763,0.0,-4106.980429353118,-4107.061653790004,-4107.044991941338
Dip146_HOCN0+,0,1,4,0.0001,0.0,0.0,0.00514220674763,0.0,0.0,-4589.59708751999,-4589.600077145812,-4589.610936240256
Dip146_HOCN0-,0,1,4,-0.0001,0.0,0.0,-0.00514220674763,0.0,0.0,-4589.598959980629,-4589.60297238026,-4589.61387976524
Dip146_HOCN1+,0,1,4,0.0,0.0001,0.0,0.0,0.00514220674763,0.0,-4589.601230586993,-4589.605556578001,-4589.616522472988
Dip146_HOCN1-,0,1,4,0.0,-0.0001,0.0,0.0,-0.00514220674763,0.0,-4589.594815187365,-4589.597502140982,-4589.608301615322
Dip146_HOCl0+,0,1,3,0.0001,0.0,0.0,0.00514220674763,0.0,0.0,-14584.279706143609,-14584.283544884393,-14584.287921975558
Dip146_HOCl0-,0,1,3,-0.0001,0.0,0.0,-0.00514220674763,0.0,0.0,-14584.277442205852,-14584.280355640405,-14584.284655124618
Dip146_HOCl2+,0,1,3,0.0,0.0,0.0001,0.0,0.0,0.00514220674763,-14584.278341456142,-14584.28161999572,-14584.28576173066
Dip146_HOCl2-,0,1,3,0.0,0.0,-0.0001,0.0,0.0,-0.00514220674763,-14584.278806587738,-14584.282286308513,-14584.286819173074
Dip146_HOF0+,0,1,3,0.0001,0.0,0.0,0.00514220674763,0.0,0.0,-4777.4877587978635,-4777.494543065591,-4777.477067530416
Dip146_HOF0-,0,1,3,-0.0001,0.0,0.0,-0.00514220674763,0.0,0.0,-4777.485418807149,-4777.49095639323,-4777.473499501166
Dip146_HOF2+,0,1,3,0.0,0.0,0.0001,0.0,0.0,0.00514220674763,-4777.485772381911,-4777.491674485438,-4777.474375076771
Dip146_HOF2-,0,1,3,0.0,0.0,-0.0001,0.0,0.0,-0.00514220674763,-4777.487404905448,-4777.493827884591,-4777.476194530014
Dip146_HOOH2+,0,1,4,0.0,0.0,0.0001,0.0,0.0,0.00514220674763,-4124.3757615172435,-4124.380864572446,-4124.381945133939
Dip146_HOOH2-,0,1,4,0.0,0.0,-0.0001,0.0,0.0,-0.00514220674763,-4124.37803327994,-4124.384233085641,-4124.385330638026
Dip146_HPO0+,0,1,3,0.0001,0.0,0.0,0.00514220674763,0.0,0.0,-11351.395520646127,-11351.411829531575,-11351.415408149805
Dip146_HPO0-,0,1,3,-0.0001,0.0,0.0,-0.00514220674763,0.0,0.0,-11351.395544030745,-11351.410428709054,-11351.414271789103
Dip146_HPO1+,0,1,3,0.0,0.0001,0.0,0.0,0.00514220674763,0.0,-11351.398348500177,-11351.413921291143,-11351.417530866414
Dip146_HPO1-,0,1,3,0.0,-0.0001,0.0,0.0,-0.00514220674763,0.0,-11351.392715633694,-11351.408338070934,-11351.412151009532
Dip146_LiBH42+,0,1,6,0.0,0.0,0.0001,0.0,0.0,0.00514220674763,-945.6056132284193,-945.599767566372,-945.6127821967807
Dip146_LiBH42-,0,1,6,0.0,0.0,-0.0001,0.0,0.0,-0.00514220674763,-945.5933193854739,-945.587445755832,-945.5993763252897
Dip146_LiCN0+,0,1,3,0.0001,0.0,0.0,0.00514220674763,0.0,0.0,-2731.475060599995,-2731.6460001778837,-2731.696417089453
Dip146_LiCN0-,0,1,3,-0.0001,0.0,0.0,-0.00514220674763,0.0,0.0,-2731.485196268346,-2731.6600924225045,-2731.7104515336005
Dip146_LiCN1+,0,1,3,0.0,0.0001,0.0,0.0,0.00514220674763,0.0,-2731.4824121480788,-2731.656073961926,-2731.706269783011
Dip146_LiCN1-,0,1,3,0.0,-0.0001,0.0,0.0,-0.00514220674763,0.0,-2731.477844877909,-2731.650013316514,-2731.700597354126
Dip146_LiCl2+,0,1,2,0.0,0.0,0.0001,0.0,0.0,0.00514220674763,-12728.932036530976,-12728.928495444688,-12728.938419410619
Dip146_LiCl2-,0,1,2,0.0,0.0,-0.0001,0.0,0.0,-0.00514220674763,-12728.91884178572,-12728.913173126975,-12728.923021706258
Dip146_LiF2+,0,1,2,0.0,0.0,0.0001,0.0,0.0,0.00514220674763,-2923.5483369027697,-2923.5134488997833,-2923.533872377818
Dip146_LiF2-,0,1,2,0.0,0.0,-0.0001,0.0,0.0,-0.00514220674763,-2923.5587947037798,-2923.5273491166527,-2923.5473474652995
Dip146_LiH2+,0,1,2,0.0,0.0,0.0001,0.0,0.0,0.00514220674763,-219.39786895982968,-219.411606031244,-219.40013229900515
Dip146_LiH2-,0,1,2,0.0,0.0,-0.0001,0.0,0.0,-0.00514220674763,-219.3853802547216,-219.39947191498632,-219.38800766986074
Dip146_LiN2+,0,3,2,0.0,0.0,0.0001,0.0,0.0,0.00514220674763,-1690.3410874042343,-1690.2091478945838,-1690.5764446761175
Dip146_LiN2-,0,3,2,0.0,0.0,-0.0001,0.0,0.0,-0.00514220674763,-1690.3285716945732,-1690.1930989634282,-1690.561985524291
Dip146_LiOH2+,0,1,3,0.0,0.0,0.0001,0.0,0.0,0.00514220674763,-2268.8869712509204,-2268.909751518822,-2268.9208840823126
Dip146_LiOH2-,0,1,3,0.0,0.0,-0.0001,0.0,0.0,-0.00514220674763,-2268.8791900833326,-2268.89968742684,-2268.9109826202184
Dip146_N2H22+,0,1,4,0.0,0.0,0.0001,0.0,0.0,0.00514220674763,-3010.7015487518884,-3010.697646065725,-3010.697655238392
Dip146_N2H22-,0,1,4,0.0,0.0,-0.0001,0.0,0.0,-0.00514220674763,-3010.704531575162,-3010.703700949751,-3010.7040791646573
Dip146_N2H42+,0,1,6,0.0,0.0,0.0001,0.0,0.0,0.00514220674763,-3043.821465930706,-3043.8235726088747,-3043.823149422612
Dip146_N2H42-,0,1,6,0.0,0.0,-0.0001,0.0,0.0,-0.00514220674763,-3043.8255241622037,-3043.8295899542486,-3043.8292693353965
Dip146_NCO2+,0,2,3,0.0,0.0,0.0001,0.0,0.0,0.00514220674763,-4571.7527326893,-4572.130162932708,-4572.299276143246
Dip146_NCO2-,0,2,3,0.0,0.0,-0.0001,0.0,0.0,-0.00514220674763,-4571.7521331345915,-4572.130272922263,-4572.30001638708
Dip146_NCl2+,0,3,2,0.0,0.0,0.0001,0.0,0.0,0.00514220674763,-14009.26916370935,-14009.102191007982,-14009.092612694283
Dip146_NCl2-,0,3,2,0.0,0.0,-0.0001,0.0,0.0,-0.00514220674763,-14009.27071256222,-14009.103318074789,-14009.091813395331
Dip146_NF22+,0,2,3,0.0,0.0,0.0001,0.0,0.0,0.00514220674763,-6920.380569199237,-6920.462120816505,-6920.446486477808
Dip146_NF22-,0,2,3,0.0,0.0,-0.0001,0.0,0.0,-0.00514220674763,-6920.380974817845,-6920.462852189066,-6920.447179369064
Dip146_NH2+,0,3,2,0.0,0.0,0.0001,0.0,0.0,0.00514220674763,-1502.8017536393313,-1502.6025044868397,-1502.6141645775308
Dip146_NH2-,0,3,2,0.0,0.0,-0.0001,0.0,0.0,-0.00514220674763,-1502.8029516035178,-1502.6066656924907,-1502.6174808125236
Dip146_NH22+,0,2,3,0.0,0.0,0.0001,0.0,0.0,0.00514220674763,-1520.438391674564,-1520.4227045502246,-1520.393678832463
Dip146_NH22-,0,2,3,0.0,0.0,-0.0001,0.0,0.0,-0.00514220674763,-1520.440980237362,-1520.4262200782944,-1520.3970669824998
Dip146_NH2Cl0+,0,1,4,0.0001,0.0,0.0,0.00514220674763,0.0,0.0,-14043.92473022041,-14043.948735687341,-14043.946512241191
Dip146_NH2Cl0-,0,1,4,-0.0001,0.0,0.0,-0.00514220674763,0.0,0.0,-14043.9270577491,-14043.952198747738,-14043.950076782055
Dip146_NH2Cl1+,0,1,4,0.0,0.0001,0.0,0.0,0.00514220674763,0.0,-14043.925118258185,-14043.94923631417,-14043.946906197467
Dip146_NH2Cl1-,0,1,4,0.0,-0.0001,0.0,0.0,-0.00514220674763,0.0,-14043.92666935258,-14043.951705727819,-14043.949689806961
Dip146_NH2F0+,0,1,4,0.0001,0.0,0.0,0.00514220674763,0.0,0.0,-4237.865660090437,-4237.86543833834,-4237.868138370863
Dip146_NH2F0-,0,1,4,-0.0001,0.0,0.0,-0.00514220674763,0.0,0.0,-4237.86807908558,-4237.869347941442,-4237.872067257358
Dip146_NH2F1+,0,1,4,0.0,0.0001,0.0,0.0,0.00514220674763,0.0,-4237.865667517873,-4237.865879803771,-4237.868568023413
Dip146_NH2F1-,0,1,4,0.0,-0.0001,0.0,0.0,-0.00514220674763,0.0,-4237.8680714123075,-4237.868909987539,-4237.871641785402
Dip146_NH2OH1+,0,1,5,0.0,0.0001,0.0,0.0,0.00514220674763,0.0,-3584.4606182709977,-3584.469731630461,-3584.4746338015507
Dip146_NH2OH1-,0,1,5,0.0,-0.0001,0.0,0.0,-0.00514220674763,0.0,-3584.461690709889,-3584.4712500793707,-3584.4761792663826
Dip146_NH3-BH32+,0,1,8,0.0,0.0,0.0001,0.0,0.0,0.00514220674763,-2263.385891526965,-2263.5691420112776,-2263.515372276173
Dip146_NH3-BH32-,0,1,8,0.0,0.0,-0.0001,0.0,0.0,-0.00514220674763,-2263.3959355922316,-2263.5801914022013,-2263.5266737047637
Dip146_NH3-NH30+,0,1,8,0.0001,0.0,0.0,0.00514220674763,0.0,0.0,-3077.7699490796267,-3077.759324000726,-3077.760459649577
Dip146_NH3-NH30-,0,1,8,-0.0001,0.0,0.0,-0.00514220674763,0.0,0.0,-3077.7737112952236,-3077.7636933361373,-3077.7648959498865
Dip146_NH3-NH32+,0,1,8,0.0,0.0,0.0001,0.0,0.0,0.00514220674763,-3077.7724735457614,-3077.7624091185717,-3077.7636040448283
Dip146_NH3-NH32-,0,1,8,0.0,0.0,-0.0001,0.0,0.0,-0.00514220674763,-3077.7711873763574,-3077.7606000317446,-3077.7617443273257
Dip146_NH32+,0,1,4,0.0,0.0,0.0001,0.0,0.0,0.00514220674763,-1538.809761220154,-1538.813046058262,-1538.813968416484
Dip146_NH32-,0,1,4,0.0,0.0,-0.0001,0.0,0.0,-0.00514220674763,-1538.807331924914,-1538.8096129326932,-1538.810517411902
Dip146_NH3O2+,0,1,5,0.0,0.0,0.0001,0.0,0.0,0.00514220674763,-3583.4654614464166,-3583.4944390380433,-3583.4805330143145
Dip146_NH3O2-,0,1,5,0.0,0.0,-0.0001,0.0,0.0,-0.00514220674763,-3583.4554517898982,-3583.48237733603,-3583.4691622848277
Dip146_NO2+,0,2,2,0.0,0.0,0.0001,0.0,0.0,0.00514220674763,-3535.0639872572774,-3535.2131510180852,-3535.203416212607
Dip146_NO2-,0,2,2,0.0,0.0,-0.0001,0.0,0.0,-0.00514220674763,-3535.065345073504,-3535.212878269567,-3535.203985849279
Dip146_NO22+,0,2,3,0.0,0.0,0.0001,0.0,0.0,0.00514220674763,-5581.418974997294,-5581.450988268575,-5581.430611780002
Dip146_NO22-,0,2,3,0.0,0.0,-0.0001,0.0,0.0,-0.00514220674763,-5581.417702580228,-5581.450664865504,-5581.429877322657
Dip146_NOCl0+,0,1,3,0.0001,0.0,0.0,0.00514220674763,0.0,0.0,-16057.532507132653,-16057.528627017502,-16057.526983647456
Dip146_NOCl0-,0,1,3,-0.0001,0.0,0.0,-0.00514220674763,0.0,0.0,-16057.534353784253,-16057.530043519331,-16057.529052004187
Dip146_NOCl1+,0,1,3,0.0,0.0001,0.0,0.0,0.00514220674763,0.0,-16057.531025096181,-16057.52737411732,-16057.525692606441
Dip146_NOCl1-,0,1,3,0.0,-0.0001,0.0,0.0,-0.00514220674763,0.0,-16057.535835571072,-16057.531301166706,-16057.530348057022
Dip146_NP2+,0,1,2,0.0,0.0,0.0001,0.0,0.0,0.00514220674763,-10777.562330935169,-10777.601894817186,-10777.617526015802
Dip146_NP2-,0,1,2,0.0,0.0,-0.0001,0.0,0.0,-0.00514220674763,-10777.557435823779,-10777.595033260539,-10777.610952532463
Dip146_NS2+,0,2,2,0.0,0.0,0.0001,0.0,0.0,0.00514220674763,-12322.700735019787,-12323.06859269167,-12323.145959511181
Dip146_NS2-,0,2,2,0.0,0.0,-0.0001,0.0,0.0,-0.00514220674763,-12322.698403080916,-12323.064332052227,-12323.143295419282
Dip146_NaCN0+,0,1,3,0.0001,0.0,0.0,0.00514220674763,0.0,0.0,-6942.792077279427,-6942.930999818696,-6942.960892917268
Dip146_NaCN0-,0,1,3,-0.0001,0.0,0.0,-0.00514220674763,0.0,0.0,-6942.785041484373,-6942.921359427747,-6942.950975068873
Dip146_NaCN1+,0,1,3,0.0,0.0001,0.0,0.0,0.00514220674763,0.0,-6942.794869050057,-6942.934720680445,-6942.96416670948
Dip146_NaCN1-,0,1,3,0.0,-0.0001,0.0,0.0,-0.00514220674763,0.0,-6942.782249465949,-6942.917640291694,-6942.94769893776
Dip146_NaCl2+,0,1,2,0.0,0.0,0.0001,0.0,0.0,0.00514220674763,-16940.177465154884,-16940.174627501594,-16940.18853444727
Dip146_NaCl2-,0,1,2,0.0,0.0,-0.0001,0.0,0.0,-0.00514220674763,-16940.160909196744,-16940.15500110465,-16940.169257158563
Dip146_NaF2+,0,1,2,0.0,0.0,0.0001,0.0,0.0,0.00514220674763,-7134.430107399647,-7134.385389032708,-7134.408869246457
Dip146_NaF2-,0,1,2,0.0,0.0,-0.0001,0.0,0.0,-0.00514220674763,-7134.416342916657,-7134.367762333524,-7134.3916675840765
Dip146_NaH2+,0,1,2,0.0,0.0,0.0001,0.0,0.0,0.00514220674763,-4430.735040960726,-4430.732476791094,-4430.758829545069
Dip146_NaH2-,0,1,2,0.0,0.0,-0.0001,0.0,0.0,-0.00514220674763,-4430.720108811174,-4430.717748162286,-4430.745432579964
Dip146_NaLi2+,0,1,2,0.0,0.0,0.0001,0.0,0.0,0.00514220674763,-4619.827778478096,-4619.940352213959,-4619.795822527769
Dip146_NaLi2-,0,1,2,0.0,0.0,-0.0001,0.0,0.0,-0.00514220674763,-4619.83254716899,-4619.941807917585,-4619.79610096842
Dip146_NaOH2+,0,1,3,0.0,0.0,0.0001,0.0,0.0,0.00514220674763,-6479.710660970489,-6479.69690701256,-6479.722497178686
Dip146_NaOH2-,0,1,3,0.0,0.0,-0.0001,0.0,0.0,-0.00514220674763,-6479.722075191959,-6479.711259709851,-6479.736888804204
Dip146_O32+,0,1,3,0.0,0.0,0.0001,0.0,0.0,0.00514220674763,-6134.879566401551,-6134.877234095668,-6134.87287883264
Dip146_O32-,0,1,3,0.0,0.0,-0.0001,0.0,0.0,-0.00514220674763,-6134.87691271413,-6134.875523711213,-6134.870655596722
Dip146_OCl2+,0,2,2,0.0,0.0,0.0001,0.0,0.0,0.00514220674763,-14566.160526734437,-14566.525319276123,-14566.550479427131
Dip146_OCl2-,0,2,2,0.0,0.0,-0.0001,0.0,0.0,-0.00514220674763,-14566.16163534516,-14566.526948988052,-14566.551560448577
Dip146_OCl22+,0,1,3,0.0,0.0,0.0001,0.0,0.0,0.00514220674763,-27088.747809056193,-27088.733995855644,-27088.766710568958
Dip146_OCl22-,0,1,3,0.0,0.0,-0.0001,0.0,0.0,-0.00514220674763,-27088.747748765156,-27088.732858359665,-27088.76604376927
Dip146_OF22+,0,1,3,0.0,0.0,0.0001,0.0,0.0,0.00514220674763,-7475.616083001748,-7475.510276217042,-7475.55039847119
Dip146_OF22-,0,1,3,0.0,0.0,-0.0001,0.0,0.0,-0.00514220674763,-7475.617386501332,-7475.511078746615,-7475.551296136762
Dip146_OH2+,0,2,2,0.0,0.0,0.0001,0.0,0.0,0.00514220674763,-2061.066889350072,-2061.0702524373987,-2061.05650434962
Dip146_OH2-,0,2,2,0.0,0.0,-0.0001,0.0,0.0,-0.00514220674763,-2061.064290488611,-2061.066433829762,-2061.0533496721164
Dip146_P2H42+,0,1,6,0.0,0.0,0.0001,0.0,0.0,0.00514220674763,-18641.410149111838,-18641.473048120723,-18641.482055844484
Dip146_P2H42-,0,1,6,0.0,0.0,-0.0001,0.0,0.0,-0.00514220674763,-18641.41014156853,-18641.475216788353,-18641.484332136544
Dip146_PCl2+,0,3,2,0.0,0.0,0.0001,0.0,0.0,0.00514220674763,-21809.93580178141,-21809.866313651968,-21809.84918102781
Dip146_PCl2-,0,3,2,0.0,0.0,-0.0001,0.0,0.0,-0.00514220674763,-21809.933331015236,-21809.866299781508,-21809.847281841485
Dip146_PF2+,0,3,2,0.0,0.0,0.0001,0.0,0.0,0.00514220674763,-12004.931677956061,-12004.764988778408,-12004.753591005909
Dip146_PF2-,0,3,2,0.0,0.0,-0.0001,0.0,0.0,-0.00514220674763,-12004.930046262049,-12004.7629020566,-12004.75151649865
Dip146_PH2+,0,3,2,0.0,0.0,0.0001,0.0,0.0,0.00514220674763,-9302.507902337284,-9302.412041450933,-9302.368153232781
Dip146_PH2-,0,3,2,0.0,0.0,-0.0001,0.0,0.0,-0.00514220674763,-9302.508191389796,-9302.410986659286,-9302.367737146398
Dip146_PH22+,0,2,3,0.0,0.0,0.0001,0.0,0.0,0.00514220674763,-9319.322371159069,-9319.347012061606,-9319.378537130484
Dip146_PH22-,0,2,3,0.0,0.0,-0.0001,0.0,0.0,-0.00514220674763,-9319.322824664578,-9319.348168440794,-9319.379219132448
Dip146_PH2OH0+,0,1,5,0.0001,0.0,0.0,0.00514220674763,0.0,0.0,-11384.507865465837,-11384.52620434243,-11384.530996523443
Dip146_PH2OH0-,0,1,5,-0.0001,0.0,0.0,-0.00514220674763,0.0,0.0,-11384.509915231689,-11384.527830975901,-11384.532629028496
Dip146_PH32+,0,1,4,0.0,0.0,0.0001,0.0,0.0,0.00514220674763,-9336.650336781044,-9336.639382548417,-9336.6345205873
Dip146_PH32-,0,1,4,0.0,0.0,-0.0001,0.0,0.0,-0.00514220674763,-9336.650001078875,-9336.638075517929,-9336.633188314081
Dip146_PH3O2+,0,1,5,0.0,0.0,0.0001,0.0,0.0,0.00514220674763,-11384.446928834555,-11384.44514667152,-11384.433325256137
Dip146_PH3O2-,0,1,5,0.0,0.0,-0.0001,0.0,0.0,-0.00514220674763,-11384.453949389954,-11384.453230878553,-11384.44149836402
Dip146_PO2+,0,2,2,0.0,0.0,0.0001,0.0,0.0,0.00514220674763,-11334.881071088683,-11334.966075258164,-11334.983060473662
Dip146_PO2-,0,2,2,0.0,0.0,-0.0001,0.0,0.0,-0.00514220674763,-11334.88435410191,-11334.970358807097,-11334.986363188038
Dip146_PO22+,0,2,3,0.0,0.0,0.0001,0.0,0.0,0.00514220674763,-13382.732780339089,-13382.958012550458,-13383.093987261154
Dip146_PO22-,0,2,3,0.0,0.0,-0.0001,0.0,0.0,-0.00514220674763,-13382.735628692297,-13382.961000520496,-13383.09692799752
Dip146_PPO2+,0,1,3,0.0,0.0,0.0001,0.0,0.0,0.00514220674763,-20623.781328403165,-20623.511518900752,-20623.383839751
Dip146_PPO2-,0,1,3,0.0,0.0,-0.0001,0.0,0.0,-0.00514220674763,-20623.783194322594,-20623.51532122362,-20623.38749052279
Dip146_PS2+,0,2,2,0.0,0.0,0.0001,0.0,0.0,0.00514220674763,-20122.913973496645,-20122.927942034414,-20122.963927653396
Dip146_PS2-,0,2,2,0.0,0.0,-0.0001,0.0,0.0,-0.00514220674763,-20122.914788210604,-20122.92850053363,-20122.965075131408
Dip146_S2H22+,0,1,4,0.0,0.0,0.0001,0.0,0.0,0.00514220674763,-21702.784874187197,-21702.78995033076,-21702.791324020858
Dip146_S2H22-,0,1,4,0.0,0.0,-0.0001,0.0,0.0,-0.00514220674763,-21702.786287335548,-21702.792381801602,-21702.793783115976
Dip146_SCl22+,0,1,3,0.0,0.0,0.0001,0.0,0.0,0.00514220674763,-35879.763031341085,-35879.782816875886,-35879.77310648051
Dip146_SCl22-,0,1,3,0.0,0.0,-0.0001,0.0,0.0,-0.00514220674763,-35879.76474953244,-35879.7834685688,-35879.774152615064
Dip146_SF2+,0,2,2,0.0,0.0,0.0001,0.0,0.0,0.00514220674763,-13550.491339794813,-13550.694642778562,-13550.65919444482
Dip146_SF2-,0,2,2,0.0,0.0,-0.0001,0.0,0.0,-0.00514220674763,-13550.490070653068,-13550.69391467458,-13550.656881796449
Dip146_SF22+,0,1,3,0.0,0.0,0.0001,0.0,0.0,0.00514220674763,-16268.908677930282,-16268.885197789865,-16268.90033169242
Dip146_SF22-,0,1,3,0.0,0.0,-0.0001,0.0,0.0,-0.00514220674763,-16268.911078041367,-16268.887446069772,-16268.902461070988
Dip146_SH2+,0,2,2,0.0,0.0,0.0001,0.0,0.0,0.00514220674763,-10849.93030759057,-10849.916167448413,-10849.937283661193
Dip146_SH2-,0,2,2,0.0,0.0,-0.0001,0.0,0.0,-0.00514220674763,-10849.931473397846,-10849.917984180043,-10849.937908330814
Dip146_SH22+,0,1,3,0.0,0.0,0.0001,0.0,0.0,0.00514220674763,-10867.512932828979,-10867.515578563653,-10867.517257617796
Dip146_SH22-,0,1,3,0.0,0.0,-0.0001,0.0,0.0,-0.00514220674763,-10867.51141741449,-10867.513531048464,-10867.515053904614
Dip146_SO-trip2+,0,3,2,0.0,0.0,0.0001,0.0,0.0,0.00514220674763,-12880.815392871333,-12881.027770052786,-12881.11034096266
Dip146_SO-trip2-,0,3,2,0.0,0.0,-0.0001,0.0,0.0,-0.00514220674763,-12880.812076995722,-12881.024066682063,-12881.108059884113
Dip146_SO22+,0,1,3,0.0,0.0,0.0001,0.0,0.0,0.00514220674763,-14929.753970367847,-14929.75479202606,-14929.758077464938
Dip146_SO22-,0,1,3,0.0,0.0,-0.0001,0.0,0.0,-0.00514220674763,-14929.749997019293,-14929.750884694477,-14929.754314553127
Dip146_SiH3Cl2+,0,1,5,0.0,0.0,0.0001,0.0,0.0,0.00514220674763,-20449.438376773505,-20449.432263401814,-20449.437648503375
Dip146_SiH3Cl2-,0,1,5,0.0,0.0,-0.0001,0.0,0.0,-0.00514220674763,-20449.43609237419,-20449.429424725316,-20449.434929727387
Dip146_SiH3F2+,0,1,5,0.0,0.0,0.0001,0.0,0.0,0.00514220674763,-10644.729545735903,-10644.740419051352,-10644.743459750469
Dip146_SiH3F2-,0,1,5,0.0,0.0,-0.0001,0.0,0.0,-0.00514220674763,-10644.731883192497,-10644.743031664178,-10644.746009301132
Dip146_SiO2+,0,1,2,0.0,0.0,0.0001,0.0,0.0,0.00514220674763,-9924.9056919063,-9924.969545615224,-9924.979319691962
Dip146_SiO2-,0,1,2,0.0,0.0,-0.0001,0.0,0.0,-0.00514220674763,-9924.898673314206,-9924.962769862492,-9924.972088212906
