,mace-polar-1-s,mace-polar-1-m,mace-polar-1-l
V30_C2H2_Ar,-16458.4269217542,-16458.400135139495,-16458.39885357563
V30_C2H2_Ar_1+,-16458.4269450445,-16458.400174467362,-16458.398849816138
V30_C2H2_Ar_1-,-16458.4268943919,-16458.400092345695,-16458.398853215494
V30_C2H2_Ar_2+,-16458.426948269367,-16458.40011028195,-16458.398837803088
V30_C2H2_Ar_2-,-16458.4268795623,-16458.40014435974,-16458.398853600862
V30_C2H2_Ar_3+,-16458.42691407115,-16458.40012740137,-16458.398845768734
V30_C2H2_Ar_3-,-16458.42691407115,-16458.40012728658,-16458.39884570204
V30_C2H2_Ar_4+,-16458.426854905414,-16458.40007403081,-16458.39883723184
V30_C2H2_Ar_4-,-16458.426969637538,-16458.400177036772,-16458.398850518006
V30_C2H2_Ar_5+,-16458.426912277384,-16458.400125780056,-16458.398844269494
V30_C2H2_Ar_5-,-16458.426912277384,-16458.40012524682,-16458.398843475174
V30_C2H2_Ar_6+,-16458.426463706066,-16458.399677681424,-16458.398394899687
V30_C2H2_Ar_6-,-16458.427364674317,-16458.40057735419,-16458.399297057986
V30_C2H2_Ar_7+,-16458.426930235295,-16458.400109004404,-16458.398836757184
V30_C2H2_Ar_7-,-16458.426870821946,-16458.40011814169,-16458.398827372588
V30_C2H2_Ar_8+,-16458.426735971603,-16458.399900569584,-16458.398629577936
V30_C2H2_Ar_8-,-16458.427062744944,-16458.40032423252,-16458.399032214318
V30_C2H2_C2H2,-4208.273216046147,-4208.273204153204,-4208.273921246176
V30_C2H2_C2H2_1+,-4208.273209796594,-4208.273198471434,-4208.273915529156
V30_C2H2_C2H2_1-,-4208.273209796594,-4208.273198330684,-4208.2739155779145
V30_C2H2_C2H2_10+,-4208.273205760406,-4208.2731937849685,-4208.273910817095
V30_C2H2_C2H2_10-,-4208.273205760406,-4208.273194325059,-4208.273911427313
V30_C2H2_C2H2_11+,-4208.273205846096,-4208.27319396191,-4208.273911083609
V30_C2H2_C2H2_11-,-4208.273205846096,-4208.273193742609,-4208.2739107670295
V30_C2H2_C2H2_12+,-4208.272686388273,-4208.272662603431,-4208.273380278446
V30_C2H2_C2H2_12-,-4208.273730612503,-4208.273730622778,-4208.274447114353
V30_C2H2_C2H2_13+,-4208.272848547401,-4208.272859872837,-4208.273579928851
V30_C2H2_C2H2_13-,-4208.273568452841,-4208.2735332834745,-4208.2742473835615
V30_C2H2_C2H2_14+,-4208.273279699517,-4208.273238959231,-4208.273949948631
V30_C2H2_C2H2_14-,-4208.2731101268355,-4208.273126951418,-4208.273850040794
V30_C2H2_C2H2_15+,-4208.273194690246,-4208.27318275323,-4208.273899859903
V30_C2H2_C2H2_15-,-4208.273194690246,-4208.273182589728,-4208.273899714224
V30_C2H2_C2H2_16+,-4208.273433461918,-4208.273405757335,-4208.274123524019
V30_C2H2_C2H2_16-,-4208.27295375173,-4208.272957505305,-4208.273673932178
V30_C2H2_C2H2_17+,-4208.273378495572,-4208.273365235758,-4208.27408422902
V30_C2H2_C2H2_17-,-4208.273008294302,-4208.272997721656,-4208.27371298497
V30_C2H2_C2H2_2+,-4208.273311782995,-4208.273233026128,-4208.273925814221
V30_C2H2_C2H2_2-,-4208.27311820919,-4208.273172793888,-4208.273914374416
V30_C2H2_C2H2_3+,-4208.273215467219,-4208.2732034018,-4208.2739205425
V30_C2H2_C2H2_3-,-4208.273215467219,-4208.273203658034,-4208.273920719329
V30_C2H2_C2H2_4+,-4208.273208316121,-4208.273196278429,-4208.273913359958
V30_C2H2_C2H2_4-,-4208.273208316121,-4208.2731962799235,-4208.273913362834
V30_C2H2_C2H2_5+,-4208.273208300108,-4208.27319608434,-4208.273913227639
V30_C2H2_C2H2_5-,-4208.273208300108,-4208.273196142156,-4208.27391330834
V30_C2H2_C2H2_6+,-4208.273208050861,-4208.273196053793,-4208.273913175324
V30_C2H2_C2H2_6-,-4208.273208050861,-4208.273196069687,-4208.273913273858
V30_C2H2_C2H2_7+,-4208.273208072909,-4208.273195796614,-4208.273912949804
V30_C2H2_C2H2_7-,-4208.273208072909,-4208.273196076662,-4208.273913226515
V30_C2H2_C2H2_8+,-4208.273206211012,-4208.27319466284,-4208.273911641884
V30_C2H2_C2H2_8-,-4208.273206211012,-4208.273194234628,-4208.273911492916
V30_C2H2_C2H2_9+,-4208.273204716057,-4208.273168363275,-4208.2739087343125
V30_C2H2_C2H2_9-,-4208.273208058616,-4208.273220169352,-4208.2739140082285
V30_C2H4_Ar,-16492.210451543113,-16492.19578999512,-16492.215669166573
V30_C2H4_Ar_1+,-16492.210426511305,-16492.195800782272,-16492.215661410515
V30_C2H4_Ar_1-,-16492.210475777472,-16492.195778594665,-16492.215676184584
V30_C2H4_Ar_10+,-16492.210704244695,-16492.196049999035,-16492.215922589203
V30_C2H4_Ar_10-,-16492.210188592886,-16492.195519709225,-16492.2154055036
V30_C2H4_Ar_11+,-16492.210433559794,-16492.19577170448,-16492.2156508813
V30_C2H4_Ar_11-,-16492.210433559794,-16492.19577179761,-16492.21565094713
V30_C2H4_Ar_12+,-16492.210482683444,-16492.195830511122,-16492.21571768485
V30_C2H4_Ar_12-,-16492.210384091937,-16492.19571269003,-16492.215583824272
V30_C2H4_Ar_13+,-16492.210432657608,-16492.195770889302,-16492.21565002582
V30_C2H4_Ar_13-,-16492.210432657608,-16492.195770912105,-16492.215650011527
V30_C2H4_Ar_14+,-16492.210417491162,-16492.195769692567,-16492.21565515818
V30_C2H4_Ar_14-,-16492.210447131038,-16492.195771523515,-16492.215644293825
V30_C2H4_Ar_2+,-16492.21044843086,-16492.19578687692,-16492.215665917247
V30_C2H4_Ar_2-,-16492.21044843086,-16492.195786675562,-16492.215665877833
V30_C2H4_Ar_3+,-16492.210382824174,-16492.195773700463,-16492.215679713772
V30_C2H4_Ar_3-,-16492.21049833061,-16492.195783558564,-16492.21563608954
V30_C2H4_Ar_4+,-16492.210435607536,-16492.195773802912,-16492.215652892326
V30_C2H4_Ar_4-,-16492.210435607536,-16492.195773804247,-16492.21565289579
V30_C2H4_Ar_5+,-16492.21043616165,-16492.19577479223,-16492.215653792806
V30_C2H4_Ar_5-,-16492.21043616165,-16492.195773868923,-16492.215652934992
V30_C2H4_Ar_6+,-16492.210449469563,-16492.19578794836,-16492.215667124547
V30_C2H4_Ar_6-,-16492.210449469563,-16492.195787948076,-16492.215667124492
V30_C2H4_Ar_7+,-16492.210448726317,-16492.19578715585,-16492.215666338354
V30_C2H4_Ar_7-,-16492.210448726317,-16492.195787194963,-16492.21566635795
V30_C2H4_Ar_8+,-16492.210593229123,-16492.195920138212,-16492.215805858086
V30_C2H4_Ar_8-,-16492.210303083302,-16492.195652984075,-16492.21552563711
V30_C2H4_Ar_9+,-16492.210447647914,-16492.195786035863,-16492.21566524079
V30_C2H4_Ar_9-,-16492.210447647914,-16492.19578610786,-16492.21566527068
V30_CH3OH_H2O,-5228.905418909035,-5228.907296294911,-5228.907932331575
V30_CH3OH_H2O_0+,-5228.905410575635,-5228.90731766462,-5228.907951504497
V30_CH3OH_H2O_0-,-5228.9054268154705,-5228.907274603894,-5228.9079128819885
V30_CH3OH_H2O_1+,-5228.905425844449,-5228.907302551151,-5228.907938602342
V30_CH3OH_H2O_1-,-5228.905425844449,-5228.907303416786,-5228.907939493255
V30_CH3OH_H2O_10+,-5228.905459346006,-5228.9073330989295,-5228.907970156382
V30_CH3OH_H2O_10-,-5228.9053711357665,-5228.907252195964,-5228.907887216923
V30_CH3OH_H2O_11+,-5228.905447432031,-5228.907325059945,-5228.907960354715
V30_CH3OH_H2O_11-,-5228.9053824199445,-5228.907259591262,-5228.907896374943
V30_CH3OH_H2O_12+,-5228.9054148577725,-5228.907292292005,-5228.9079283164765
V30_CH3OH_H2O_12-,-5228.9054148577725,-5228.907292148173,-5228.907928198921
V30_CH3OH_H2O_13+,-5228.905428354833,-5228.9073017257515,-5228.907938203446
V30_CH3OH_H2O_13-,-5228.9054011537555,-5228.907282560233,-5228.907918171393
V30_CH3OH_H2O_14+,-5228.90534575431,-5228.907222970751,-5228.907858554856
V30_CH3OH_H2O_14-,-5228.9054823437045,-5228.907359932015,-5228.907996425626
V30_CH3OH_H2O_15+,-5228.9054101708225,-5228.907282916317,-5228.907918692084
V30_CH3OH_H2O_15-,-5228.905394432331,-5228.907276304135,-5228.9079126318165
V30_CH3OH_H2O_16+,-5228.905401744102,-5228.907279217302,-5228.907915241746
V30_CH3OH_H2O_16-,-5228.905401744102,-5228.9072789694255,-5228.907915046583
V30_CH3OH_H2O_17+,-5228.905412890716,-5228.907284723845,-5228.907922597634
V30_CH3OH_H2O_17-,-5228.905389149779,-5228.907272030383,-5228.907906227526
V30_CH3OH_H2O_18+,-5228.905193071017,-5228.907074196049,-5228.907712452528
V30_CH3OH_H2O_18-,-5228.9055922605485,-5228.907465924147,-5228.908099775358
V30_CH3OH_H2O_19+,-5228.905598222177,-5228.907476662992,-5228.908113220895
V30_CH3OH_H2O_19-,-5228.905185034638,-5228.907061256675,-5228.907696771801
V30_CH3OH_H2O_2+,-5228.905420665162,-5228.907297642242,-5228.907933814094
V30_CH3OH_H2O_2-,-5228.905420665162,-5228.90729850807,-5228.907934462599
V30_CH3OH_H2O_20+,-5228.905390261162,-5228.9072675279285,-5228.90790354491
V30_CH3OH_H2O_20-,-5228.905390261162,-5228.907267769321,-5228.90790381158
V30_CH3OH_H2O_3+,-5228.905415199503,-5228.907296651976,-5228.907931240556
V30_CH3OH_H2O_3-,-5228.905421735054,-5228.90729510122,-5228.907932596976
V30_CH3OH_H2O_4+,-5228.9054190060715,-5228.907296668162,-5228.907932638277
V30_CH3OH_H2O_4-,-5228.9054190060715,-5228.907296143189,-5228.907932253874
V30_CH3OH_H2O_5+,-5228.905377141453,-5228.907262849461,-5228.9079045315575
V30_CH3OH_H2O_5-,-5228.905459448534,-5228.9073286186995,-5228.907959081074
V30_CH3OH_H2O_6+,-5228.905412740367,-5228.907290412415,-5228.907926323171
V30_CH3OH_H2O_6-,-5228.905412740367,-5228.907289557197,-5228.907925689042
V30_CH3OH_H2O_7+,-5228.905382509678,-5228.907263439948,-5228.907898911373
V30_CH3OH_H2O_7-,-5228.9054510088,-5228.907324861664,-5228.907961459965
V30_CH3OH_H2O_8+,-5228.905426748964,-5228.907298351502,-5228.90793497651
V30_CH3OH_H2O_8-,-5228.9054065830005,-5228.907289753609,-5228.907925194664
V30_CH3OH_H2O_9+,-5228.905416383716,-5228.907293793884,-5228.907929839565
V30_CH3OH_H2O_9-,-5228.905416383716,-5228.9072937720475,-5228.907929798737
V30_CH4_Ar,-15456.073402530246,-15456.108478347847,-15456.116601769188
V30_CH4_Ar_0+,-15456.073466358834,-15456.108466277474,-15456.116601426476
V30_CH4_Ar_0-,-15456.073338134855,-15456.10848968171,-15456.116601342319
V30_CH4_Ar_1+,-15456.073403033959,-15456.108477179361,-15456.116600771966
V30_CH4_Ar_1-,-15456.073403033959,-15456.108477078826,-15456.116600626576
V30_CH4_Ar_11+,-15456.073379744985,-15456.108465071768,-15456.116585764501
V30_CH4_Ar_11-,-15456.073388618799,-15456.108455144355,-15456.116581108377
V30_CH4_Ar_2+,-15456.073403031909,-15456.108477185315,-15456.11660077728
V30_CH4_Ar_2-,-15456.07340302864,-15456.108477076516,-15456.116600624362
V30_CH4_Ar_3+,-15456.073365743836,-15456.108479775876,-15456.116595199726
V30_CH4_Ar_3-,-15456.073433014119,-15456.108470436,-15456.116601901536
V30_CH4_Ar_5+,-15456.07339936597,-15456.108475103263,-15456.116598469089
V30_CH4_Ar_5-,-15456.07339936597,-15456.10847516197,-15456.116598591743
V30_CH4_Ar_7+,-15456.073398309003,-15456.108473928578,-15456.116597352076
V30_CH4_Ar_7-,-15456.073398304468,-15456.108473983226,-15456.116597378448
V30_CH4_Ar_8+,-15456.073415967387,-15456.108429639315,-15456.116556721743
V30_CH4_Ar_8-,-15456.073354803842,-15456.108493048738,-15456.116612667005
V30_CH4_Ar_9+,-15456.07338423472,-15456.10846001687,-15456.116583419638
V30_CH4_Ar_9-,-15456.07338423472,-15456.108460153455,-15456.116583527963
V30_CH4_CH4,-2203.652390257344,-2203.647771900351,-2203.6436562567123
V30_CH4_CH4_1+,-2203.652389853175,-2203.6477708163848,-2203.6436551596657
V30_CH4_CH4_1-,-2203.652389784861,-2203.6477708279535,-2203.6436551714237
V30_CH4_CH4_11+,-2203.652374159702,-2203.647766295676,-2203.6436499649353
V30_CH4_CH4_11-,-2203.6523999042406,-2203.6477709996484,-2203.643656031891
V30_CH4_CH4_12+,-2203.652385951338,-2203.6477675195565,-2203.643651879595
V30_CH4_CH4_12-,-2203.652385958548,-2203.647767517524,-2203.643651878115
V30_CH4_CH4_14+,-2203.6523858295427,-2203.6477674990088,-2203.6436518503356
V30_CH4_CH4_14-,-2203.6523858295427,-2203.647767445309,-2203.643651812944
V30_CH4_CH4_16+,-2203.6524169125096,-2203.647793100173,-2203.6436768809453
V30_CH4_CH4_16-,-2203.652329355283,-2203.647716554598,-2203.643601447357
V30_CH4_CH4_18+,-2203.6523718965777,-2203.647753597916,-2203.6436379519632
V30_CH4_CH4_18-,-2203.6523718945364,-2203.6477535898293,-2203.6436379446645
V30_CH4_CH4_2+,-2203.6523898586547,-2203.6477708163934,-2203.6436551591337
V30_CH4_CH4_2-,-2203.652389806054,-2203.647770827408,-2203.6436551714646
V30_CH4_CH4_21+,-2203.6523812701225,-2203.647755248899,-2203.6436404785395
V30_CH4_CH4_21-,-2203.6523627454712,-2203.647751848686,-2203.643635351688
V30_CH4_CH4_3+,-2203.6524340491187,-2203.6477759510713,-2203.6436618815414
V30_CH4_CH4_3-,-2203.6523480023816,-2203.647766422563,-2203.643649205319
V30_CH4_CH4_4+,-2203.6523904689548,-2203.6477705465472,-2203.6436547274175
V30_CH4_CH4_4-,-2203.6523904689548,-2203.647770556868,-2203.6436548742186
V30_CH4_CH4_5+,-2203.652390502963,-2203.6477705518464,-2203.6436548009237
V30_CH4_CH4_5-,-2203.652390502963,-2203.6477705516445,-2203.643654800738
V30_CH4_CH4_6+,-2203.652387077231,-2203.647768766623,-2203.6436531333684
V30_CH4_CH4_6-,-2203.652387077231,-2203.6477686241005,-2203.6436529690477
V30_CH4_CH4_7+,-2203.652387008674,-2203.647768667409,-2203.6436530237447
V30_CH4_CH4_7-,-2203.652387008674,-2203.647768670308,-2203.6436530278565
V30_CH4_CH4_9+,-2203.6523870241604,-2203.647768650429,-2203.6436530080005
V30_CH4_CH4_9-,-2203.6523870375804,-2203.647768654707,-2203.6436530132737
V30_CH4_N2,-4082.899381147051,-4082.896548758647,-4082.8954068600074
V30_CH4_N2_10+,-4082.8987223096183,-4082.895886436429,-4082.8947530662517
V30_CH4_N2_10-,-4082.900019046662,-4082.89719009095,-4082.8960394785913
V30_CH4_N2_11+,-4082.899387612218,-4082.8965586869417,-4082.8954194578105
V30_CH4_N2_11-,-4082.899340635561,-4082.896504738698,-4082.895360082668
V30_CH4_N2_12+,-4082.8993666996166,-4082.896531140363,-4082.895389929874
V30_CH4_N2_12-,-4082.8993591348367,-4082.896529800861,-4082.895387151791
V30_CH4_N2_13+,-4082.8993629213505,-4082.896530454555,-4082.8953885338924
V30_CH4_N2_13-,-4082.8993629213505,-4082.8965304845747,-4082.895388562955
V30_CH4_N2_14+,-4082.89934647156,-4082.8965296422093,-4082.895386174065
V30_CH4_N2_14-,-4082.8993790594664,-4082.8965312044174,-4082.8953908349777
V30_CH4_N2_2+,-4082.8993743311507,-4082.8965266655337,-4082.8953903173356
V30_CH4_N2_2-,-4082.899386245107,-4082.8965698544976,-4082.895422392549
V30_CH4_N2_3+,-4082.8993853979277,-4082.8965488445283,-4082.895404759917
V30_CH4_N2_3-,-4082.8993749433334,-4082.8965461164466,-4082.8954062289154
V30_CH4_N2_4+,-4082.89937931241,-4082.8965472790483,-4082.8954050614675
V30_CH4_N2_4-,-4082.89937931241,-4082.896547182479,-4082.8954049939734
V30_CH4_N2_5+,-4082.899388495739,-4082.8965410493265,-4082.8954010470893
V30_CH4_N2_5-,-4082.899367413876,-4082.8965499934266,-4082.89540619797
V30_CH4_N2_6+,-4082.8993733150587,-4082.896549493414,-4082.895405457183
V30_CH4_N2_6-,-4082.8993826757483,-4082.8965415438743,-4082.895401780632
V30_CH4_N2_8+,-4082.899376875432,-4082.8965443318884,-4082.895402430457
V30_CH4_N2_8-,-4082.899376875432,-4082.8965443800157,-4082.8954024794198
V30_CH4_N2_9+,-4082.899376960704,-4082.896542749214,-4082.8954020927154
V30_CH4_N2_9-,-4082.899376726885,-4082.896545954768,-4082.895402807724
V30_CO2_Ar,-19487.123912457624,-19487.040049035222,-19487.02945628779
V30_CO2_Ar_1+,-19487.124077000986,-19487.040079094513,-19487.02943437931
V30_CO2_Ar_1-,-19487.123748144764,-19487.040018301093,-19487.029477375345
V30_CO2_Ar_2+,-19487.12386093585,-19487.04004830918,-19487.029430826708
V30_CO2_Ar_2-,-19487.123948984852,-19487.040033740774,-19487.029465649226
V30_CO2_Ar_3+,-19487.123905023967,-19487.04004105654,-19487.029448307345
V30_CO2_Ar_3-,-19487.123905023967,-19487.040041081724,-19487.029448255034
V30_CO2_Ar_4+,-19487.124096649914,-19487.04024067614,-19487.02963450988
V30_CO2_Ar_4-,-19487.123721436525,-19487.0398505286,-19487.02927118683
V30_CO2_Ar_5+,-19487.123902158426,-19487.040039230684,-19487.029446069966
V30_CO2_Ar_5-,-19487.123902158426,-19487.040038168972,-19487.02944579112
V30_CO2_CO2,-10265.522259992807,-10265.52524352024,-10265.521074642189
V30_CO2_CO2_1+,-10265.52225841739,-10265.525242143449,-10265.521073433863
V30_CO2_CO2_1-,-10265.52225841739,-10265.52524176722,-10265.521072713052
V30_CO2_CO2_10+,-10265.522267790408,-10265.525248577109,-10265.521087343754
V30_CO2_CO2_10-,-10265.522231560606,-10265.525217837023,-10265.521041365959
V30_CO2_CO2_11+,-10265.522249535054,-10265.525233089204,-10265.521064089471
V30_CO2_CO2_11-,-10265.522249535054,-10265.525233194163,-10265.52106451075
V30_CO2_CO2_2+,-10265.522211525915,-10265.52524166523,-10265.52109475037
V30_CO2_CO2_2-,-10265.522306623247,-10265.525244112134,-10265.521053328235
V30_CO2_CO2_3+,-10265.522226217447,-10265.525258436192,-10265.521072583524
V30_CO2_CO2_3-,-10265.522293215965,-10265.525228016319,-10265.521076146737
V30_CO2_CO2_4+,-10265.52225249041,-10265.525235812212,-10265.5210667445
V30_CO2_CO2_4-,-10265.52225249041,-10265.525235404031,-10265.521066663066
V30_CO2_CO2_5+,-10265.522252155015,-10265.525235525938,-10265.52106663382
V30_CO2_CO2_5-,-10265.522252155015,-10265.525235525132,-10265.521066631927
V30_CO2_CO2_6+,-10265.522223398704,-10265.52521277287,-10265.521058143553
V30_CO2_CO2_6-,-10265.522280940215,-10265.525258202833,-10265.521075109478
V30_CO2_CO2_7+,-10265.52225202701,-10265.525235650619,-10265.521066734747
V30_CO2_CO2_7-,-10265.52225202701,-10265.525235191124,-10265.521066344247
V30_CO2_CO2_8+,-10265.52198734488,-10265.524982634528,-10265.520806554438
V30_CO2_CO2_8-,-10265.522525682929,-10265.525497543771,-10265.52133588135
V30_CO2_N2,-8113.810868723437,-8113.847360279753,-8113.845731512262
V30_CO2_N2_2+,-8113.810792580424,-8113.847342281644,-8113.845698209292
V30_CO2_N2_2-,-8113.810943558694,-8113.847376399036,-8113.845763450044
V30_CO2_N2_3+,-8113.810861120471,-8113.847352517719,-8113.845723925725
V30_CO2_N2_3-,-8113.810861120471,-8113.847352807842,-8113.845724131096
V30_CO2_N2_4+,-8113.810822945282,-8113.847329244174,-8113.845711761029
V30_CO2_N2_4-,-8113.81089910497,-8113.847375196871,-8113.845735229753
V30_CO2_N2_5+,-8113.810860729908,-8113.84735202858,-8113.8457233736035
V30_CO2_N2_5-,-8113.810860729908,-8113.847352356948,-8113.845723570659
V30_CO2_N2_6+,-8113.810668524272,-8113.847173361004,-8113.845540191707
V30_CO2_N2_6-,-8113.811061939558,-8113.847540325534,-8113.84591596326
V30_CO2_N2_7+,-8113.810198593063,-8113.846702583592,-8113.8450712260055
V30_CO2_N2_7-,-8113.811517215983,-8113.847996898681,-8113.846370799625
V30_CO2_N2_8+,-8113.810858309424,-8113.847350340478,-8113.845721145377
V30_CO2_N2_8-,-8113.810858309424,-8113.847349447904,-8113.845721176397
V30_CO_Ar,-17438.458717494024,-17438.405911354832,-17438.412596365404
V30_CO_Ar_2+,-17438.45835756584,-17438.405543784513,-17438.412227565586
V30_CO_Ar_2-,-17438.459060224428,-17438.40626159062,-17438.412947674093
V30_CO_CO,-6168.225503836635,-6168.234194935273,-6168.249728568112
V30_CO_CO_3+,-6168.225486668618,-6168.234181816585,-6168.249680938211
V30_CO_CO_3-,-6168.225508248116,-6168.234195348439,-6168.2497638025025
V30_CO_CO_4+,-6168.225495107391,-6168.234185872855,-6168.249719703978
V30_CO_CO_4-,-6168.225495107391,-6168.234186529171,-6168.249719871808
V30_CO_CO_5+,-6168.2250123645,-6168.233685987951,-6168.249215917075
V30_CO_CO_5-,-6168.225977836,-6168.234686400721,-6168.250223649159
V30_H2O_Ar,-16434.102173848914,-16434.155288731945,-16434.167736558822
V30_H2O_Ar_1+,-16434.10220824483,-16434.155328589375,-16434.167744169405
V30_H2O_Ar_1-,-16434.10214600629,-16434.15525480764,-16434.167734740833
V30_H2O_Ar_2+,-16434.102182393948,-16434.15529848706,-16434.16774548359
V30_H2O_Ar_2-,-16434.102182393948,-16434.155294591732,-16434.16774316665
V30_H2O_Ar_3+,-16434.102230408695,-16434.15534619371,-16434.16779563193
V30_H2O_Ar_3-,-16434.102107634626,-16434.155221509267,-16434.167667857237
V30_H2O_Ar_4+,-16434.102422986994,-16434.155483636936,-16434.16793684957
V30_H2O_Ar_4-,-16434.101870271057,-16434.155039224028,-16434.167481806577
V30_H2O_Ar_5+,-16434.102120898064,-16434.155270583346,-16434.167707406796
V30_H2O_Ar_5-,-16434.102169673504,-16434.155249509542,-16434.167708563975
V30_H2O_CH4,-3181.7110991858103,-3181.7184225262076,-3181.7191456090472
V30_H2O_CH4_1+,-3181.711098653938,-3181.7184201000423,-3181.719139527741
V30_H2O_CH4_1-,-3181.7111053703475,-3181.718430373302,-3181.7191569718475
V30_H2O_CH4_10+,-3181.7110948676755,-3181.718418075486,-3181.7191411569033
V30_H2O_CH4_10-,-3181.7110948676755,-3181.7184180909535,-3181.7191411774593
V30_H2O_CH4_11+,-3181.7111419495086,-3181.718482178189,-3181.719203447689
V30_H2O_CH4_11-,-3181.7110467777643,-3181.7183531865526,-3181.719078078449
V30_H2O_CH4_12+,-3181.7111063579373,-3181.718430065615,-3181.71915447219
V30_H2O_CH4_12-,-3181.7110579531286,-3181.7183809631974,-3181.7191026425417
V30_H2O_CH4_13+,-3181.711087749761,-3181.718402408125,-3181.7191248234158
V30_H2O_CH4_13-,-3181.711074305752,-3181.718406223749,-3181.719129911587
V30_H2O_CH4_14+,-3181.7110809722485,-3181.718404223466,-3181.7191272951427
V30_H2O_CH4_14-,-3181.7110809722485,-3181.718404319355,-3181.7191273629737
V30_H2O_CH4_15+,-3181.711077898726,-3181.7183969494295,-3181.7191213946458
V30_H2O_CH4_15-,-3181.7110839278394,-3181.7184113804938,-3181.7191330160185
V30_H2O_CH4_16+,-3181.710867245716,-3181.7181627420146,-3181.718883747946
V30_H2O_CH4_16-,-3181.7112765640322,-3181.718627672421,-3181.719352747602
V30_H2O_CH4_17+,-3181.7110857662587,-3181.7183952656337,-3181.7191149531577
V30_H2O_CH4_17-,-3181.711055515054,-3181.7183924788314,-3181.7191188624583
V30_H2O_CH4_2+,-3181.7109672714887,-3181.7184231780084,-3181.719159988476
V30_H2O_CH4_2-,-3181.7112288959283,-3181.718418568783,-3181.7191280798565
V30_H2O_CH4_3+,-3181.711099462909,-3181.7184222080828,-3181.7191452173684
V30_H2O_CH4_3-,-3181.711099462909,-3181.7184221497037,-3181.719145149224
V30_H2O_CH4_5+,-3181.711099670022,-3181.718422882677,-3181.7191459294854
V30_H2O_CH4_5-,-3181.711099670022,-3181.718422506929,-3181.719145537612
V30_H2O_CH4_6+,-3181.7110959987194,-3181.7184192880095,-3181.7191423572626
V30_H2O_CH4_6-,-3181.7110959987194,-3181.7184192657933,-3181.7191423494755
V30_H2O_CH4_7+,-3181.711101288898,-3181.7184123324164,-3181.7191371667964
V30_H2O_CH4_7-,-3181.711090600451,-3181.7184261982666,-3181.719147528142
V30_H2O_CH4_8+,-3181.7111006429895,-3181.718434661792,-3181.7191515408376
V30_H2O_CH4_8-,-3181.7110912416356,-3181.7184038476,-3181.7191331407316
V30_H2O_CH4_9+,-3181.7111056861704,-3181.71842712511,-3181.719150599079
V30_H2O_CH4_9-,-3181.7110840291607,-3181.718409075405,-3181.7191317732954
V30_H2O_CO2,-7212.684557495006,-7212.728419714059,-7212.726530596524
V30_H2O_CO2_1+,-7212.684564537001,-7212.728424138308,-7212.726535853004
V30_H2O_CO2_1-,-7212.684564537001,-7212.72842304672,-7212.72653517209
V30_H2O_CO2_10+,-7212.684259747034,-7212.728173481826,-7212.726284498081
V30_H2O_CO2_10-,-7212.684799553818,-7212.728611188554,-7212.726721968324
V30_H2O_CO2_11+,-7212.684528413201,-7212.728391043836,-7212.726502011325
V30_H2O_CO2_11-,-7212.684528413201,-7212.7283909399175,-7212.726501738856
V30_H2O_CO2_2+,-7212.684580343659,-7212.72842006439,-7212.726535794498
V30_H2O_CO2_2-,-7212.684534087985,-7212.728418898485,-7212.726524912829
V30_H2O_CO2_3+,-7212.68455823659,-7212.728420229555,-7212.726531060012
V30_H2O_CO2_3-,-7212.68455823659,-7212.728420241524,-7212.726531076858
V30_H2O_CO2_4+,-7212.684557543012,-7212.728419517786,-7212.726530385343
V30_H2O_CO2_4-,-7212.684557543012,-7212.728419507872,-7212.726530477235
V30_H2O_CO2_5+,-7212.684445951841,-7212.728367113228,-7212.72651187694
V30_H2O_CO2_5-,-7212.684654087463,-7212.7284569074245,-7212.726533735038
V30_H2O_CO2_6+,-7212.684549567301,-7212.728411614559,-7212.726522316693
V30_H2O_CO2_6-,-7212.684549567301,-7212.7284116443525,-7212.726522615161
V30_H2O_CO2_7+,-7212.684726533387,-7212.728594003827,-7212.7267068507235
V30_H2O_CO2_7-,-7212.684381521444,-7212.728238579178,-7212.72634749327
V30_H2O_CO2_8+,-7212.684455032434,-7212.728338940901,-7212.726461210571
V30_H2O_CO2_8-,-7212.684649969791,-7212.728490896935,-7212.7265903672715
V30_H2O_CO2_9+,-7212.684547157051,-7212.728408707338,-7212.726519943618
V30_H2O_CO2_9-,-7212.684547157051,-7212.728410058219,-7212.726520584317
V30_H2O_H2O,-4159.944051626958,-4159.9473995647095,-4159.948795056163
V30_H2O_H2O_10+,-4159.944110938354,-4159.947457333262,-4159.948854768263
V30_H2O_H2O_10-,-4159.943935637626,-4159.947285074683,-4159.948678601
V30_H2O_H2O_11+,-4159.944023032344,-4159.947371058052,-4159.948766539563
V30_H2O_H2O_11-,-4159.944023032344,-4159.947370797757,-4159.948766267691
V30_H2O_H2O_2+,-4159.944041191741,-4159.947383480583,-4159.948780816757
V30_H2O_H2O_2-,-4159.944062191407,-4159.947415714527,-4159.948809381157
V30_H2O_H2O_3+,-4159.944023517599,-4159.947378576456,-4159.948775530433
V30_H2O_H2O_3-,-4159.9440789265545,-4159.9474197302725,-4159.948813775773
V30_H2O_H2O_4+,-4159.944087263959,-4159.947426315255,-4159.94881815831
V30_H2O_H2O_4-,-4159.944013306441,-4159.947370151644,-4159.948769349817
V30_H2O_H2O_5+,-4159.944046273809,-4159.947394540252,-4159.948789969548
V30_H2O_H2O_5-,-4159.944046273809,-4159.947393882325,-4159.948789436299
V30_H2O_H2O_6+,-4159.944101350586,-4159.9474493608295,-4159.948843880024
V30_H2O_H2O_6-,-4159.943992231608,-4159.947340098817,-4159.948736556963
V30_H2O_H2O_7+,-4159.94396685188,-4159.9473162794475,-4159.94871106765
V30_H2O_H2O_7-,-4159.944126537186,-4159.947472981526,-4159.948869169276
V30_H2O_H2O_8+,-4159.944283157317,-4159.947635234634,-4159.949028913028
V30_H2O_H2O_8-,-4159.943767959298,-4159.947111746616,-4159.9485090330745
V30_H2O_H2O_9+,-4159.943816681418,-4159.947166087617,-4159.948559461487
V30_H2O_H2O_9-,-4159.944232020172,-4159.947578386147,-4159.94897597934
V30_H2O_NH3,-3618.9689505833567,-3618.9562170146364,-3618.960165824423
V30_H2O_NH3_1+,-3618.968940497364,-3618.956200602644,-3618.9601597658866
V30_H2O_NH3_1-,-3618.9689602038507,-3618.956232946483,-3618.960171445443
V30_H2O_NH3_10+,-3618.9688681596076,-3618.956136493092,-3618.9600844695556
V30_H2O_NH3_10-,-3618.9689881204104,-3618.956252589065,-3618.960202323565
V30_H2O_NH3_11+,-3618.9689206434055,-3618.9561867473567,-3618.960135767839
V30_H2O_NH3_11-,-3618.9689329568037,-3618.956199520273,-3618.9601482234193
V30_H2O_NH3_12+,-3618.9689267548893,-3618.95619315846,-3618.9601419765927
V30_H2O_NH3_12-,-3618.9689267548893,-3618.9561930267223,-3618.9601419298647
V30_H2O_NH3_13+,-3618.9686875602356,-3618.955969706906,-3618.9599173924466
V30_H2O_NH3_13-,-3618.969164371219,-3618.95641543056,-3618.960365191749
V30_H2O_NH3_14+,-3618.9690240073105,-3618.9562947051377,-3618.960246445386
V30_H2O_NH3_14-,-3618.9688205122384,-3618.956082668197,-3618.9600286102523
V30_H2O_NH3_2+,-3618.9689503098566,-3618.956216868704,-3618.9601655939846
V30_H2O_NH3_2-,-3618.9689503098566,-3618.9562166808114,-3618.960165545096
V30_H2O_NH3_3+,-3618.968961619768,-3618.956211374896,-3618.960159639944
V30_H2O_NH3_3-,-3618.9689382321076,-3618.9562214560992,-3618.9601707492193
V30_H2O_NH3_4+,-3618.968989624314,-3618.9562429926414,-3618.960172689251
V30_H2O_NH3_4-,-3618.968906004082,-3618.9561858502702,-3618.960153769982
V30_H2O_NH3_5+,-3618.9689438365017,-3618.9562109424533,-3618.960159533176
V30_H2O_NH3_5-,-3618.9689438365017,-3618.9562093876493,-3618.9601583285958
V30_H2O_NH3_6+,-3618.968877513877,-3618.956139635316,-3618.9600918879855
V30_H2O_NH3_6-,-3618.969019124323,-3618.9562899667635,-3618.96023533727
V30_H2O_NH3_7+,-3618.9689788595288,-3618.9562469557686,-3618.9601945005465
V30_H2O_NH3_7-,-3618.968912459948,-3618.956177184129,-3618.9601272009168
V30_H2O_NH3_8+,-3618.9689456102587,-3618.956211964814,-3618.960160777778
V30_H2O_NH3_8-,-3618.9689456102587,-3618.956212003091,-3618.9601607611503
V30_H2O_NH3_9+,-3618.9689997922537,-3618.956259753214,-3618.9602131891356
V30_H2O_NH3_9-,-3618.9688912045435,-3618.9561641187925,-3618.9601082779977
V30_HF_Ar,-17087.944971028446,-17087.989850367656,-17088.01895749851
V30_HF_Ar_0+,-17087.945126178347,-17087.989963237083,-17088.019064092096
V30_HF_Ar_0-,-17087.94481162634,-17087.989735601182,-17088.018847522577
V30_HF_Ar_1+,-17087.944973394744,-17087.989853259776,-17088.018958776338
V30_HF_Ar_1-,-17087.944973394744,-17087.9898520369,-17088.018958323846
V30_HF_Ar_3+,-17087.94534216676,-17087.990248249298,-17088.019170276817
V30_HF_Ar_3-,-17087.944535625033,-17087.989388964917,-17088.018682192425
V30_HF_C2H2,-4837.978948637601,-4838.013324795091,-4838.016599889493
V30_HF_C2H2_0+,-4837.978943701032,-4838.013319812828,-4838.016594941569
V30_HF_C2H2_0-,-4837.978943701032,-4838.013319924162,-4838.016595028431
V30_HF_C2H2_1+,-4837.978902880483,-4838.013286192157,-4838.016597400702
V30_HF_C2H2_1-,-4837.978993375146,-4838.013362532008,-4838.016601593754
V30_HF_C2H2_10+,-4837.978728340194,-4838.013098399481,-4838.016377938333
V30_HF_C2H2_10-,-4837.979123191855,-4838.013506097973,-4838.016776861067
V30_HF_C2H2_11+,-4837.978630659771,-4838.012890337161,-4838.016156147293
V30_HF_C2H2_11-,-4837.979210174524,-4838.0137009032105,-4838.016985932863
V30_HF_C2H2_2+,-4837.978948727707,-4838.013324239232,-4838.016599315926
V30_HF_C2H2_2-,-4837.978948726783,-4838.01332394979,-4838.016598748296
V30_HF_C2H2_3+,-4837.978946315739,-4838.013322330007,-4838.016597747226
V30_HF_C2H2_3-,-4837.978946315739,-4838.013322756066,-4838.016597748451
V30_HF_C2H2_4+,-4837.978941251893,-4838.013316922063,-4838.016591871652
V30_HF_C2H2_4-,-4837.978941251893,-4838.013316916973,-4838.016591868367
V30_HF_C2H2_5+,-4837.978939891202,-4838.013316157286,-4838.0165916309215
V30_HF_C2H2_5-,-4837.978939891202,-4838.013316508416,-4838.016591730827
V30_HF_C2H2_6+,-4837.978938628861,-4838.013314849278,-4838.016589570002
V30_HF_C2H2_6-,-4837.978938641554,-4838.013315825231,-4838.016590299273
V30_HF_C2H2_7+,-4837.978922132096,-4838.013297412527,-4838.016545805698
V30_HF_C2H2_7-,-4837.978954405055,-4838.013331231458,-4838.0166334526375
V30_HF_C2H2_8+,-4837.979418435045,-4838.0137435831575,-4838.017026414906
V30_HF_C2H2_8-,-4837.978463668134,-4838.012890963744,-4838.016158235227
V30_HF_C2H2_9+,-4837.978927118927,-4838.013303243285,-4838.016578421336
V30_HF_C2H2_9-,-4837.978927118927,-4838.013303624531,-4838.016578748678
V30_HF_CH4,-3835.534708560568,-3835.5878802062944,-3835.5995522407757
V30_HF_CH4_0+,-3835.5347081229584,-3835.5878799554343,-3835.5995519684116
V30_HF_CH4_0-,-3835.5347081639898,-3835.5878799802776,-3835.5995519323255
V30_HF_CH4_10+,-3835.5346936470437,-3835.5878778189676,-3835.599553970155
V30_HF_CH4_10-,-3835.534689389375,-3835.587848747156,-3835.599516515544
V30_HF_CH4_11+,-3835.5346904011944,-3835.5878619893597,-3835.5995339250694
V30_HF_CH4_11-,-3835.5346904011944,-3835.587862170064,-3835.599534098113
V30_HF_CH4_13+,-3835.534698285632,-3835.58784355289,-3835.5995152816313
V30_HF_CH4_13-,-3835.534682178205,-3835.5878801041267,-3835.599552395492
V30_HF_CH4_14+,-3835.5345447953287,-3835.5874351475336,-3835.599136607015
V30_HF_CH4_14-,-3835.534808316065,-3835.5882622367017,-3835.5999060760746
V30_HF_CH4_2+,-3835.534952915115,-3835.5878809031956,-3835.5995445467124
V30_HF_CH4_2-,-3835.534462759172,-3835.58787896673,-3835.599559526117
V30_HF_CH4_3+,-3835.534710864151,-3835.587881358379,-3835.5995532126717
V30_HF_CH4_3-,-3835.534710864151,-3835.587881305763,-3835.59955309997
V30_HF_CH4_5+,-3835.5347053195146,-3835.587876955419,-3835.5995489697343
V30_HF_CH4_5-,-3835.5347053195146,-3835.5878769479223,-3835.5995489534057
V30_HF_CH4_7+,-3835.5346229643783,-3835.587859183793,-3835.599527334677
V30_HF_CH4_7-,-3835.534787408137,-3835.5878946947128,-3835.599570578351
V30_HF_CH4_8+,-3835.5347041348,-3835.5878757460923,-3835.599547746967
V30_HF_CH4_8-,-3835.5347041785917,-3835.587875796883,-3835.599547791741
V30_HF_CH4_9+,-3835.5347041536656,-3835.5878757661458,-3835.599547767723
V30_HF_CH4_9-,-3835.5347041536656,-3835.587875776883,-3835.5995477711363
V30_HF_CO,-5817.970428299341,-5817.9034322254365,-5817.902581690443
V30_HF_CO_0+,-5817.9704241168365,-5817.903426670569,-5817.902575472738
V30_HF_CO_0-,-5817.9704241168365,-5817.903428689871,-5817.902576732858
V30_HF_CO_2+,-5817.970533901129,-5817.903399444706,-5817.902583523498
V30_HF_CO_2-,-5817.970321895628,-5817.903464555612,-5817.902579484303
V30_HF_CO_3+,-5817.970429077667,-5817.903432774013,-5817.902582044961
V30_HF_CO_3-,-5817.970429077667,-5817.9034327704885,-5817.902582007808
V30_HF_CO_5+,-5817.970076437493,-5817.903105185527,-5817.902207834388
V30_HF_CO_5-,-5817.970762986603,-5817.903741964384,-5817.90293829721
V30_HF_CO_6+,-5817.970036826184,-5817.902975790121,-5817.902218732783
V30_HF_CO_6-,-5817.970755288382,-5817.903825940363,-5817.9028814022195
V30_HF_H2O,-4813.950004132521,-4813.963339956835,-4813.948942947567
V30_HF_H2O_0+,-4813.950046134246,-4813.96331660662,-4813.9489462616775
V30_HF_H2O_0-,-4813.949960907468,-4813.96336188086,-4813.948938432393
V30_HF_H2O_1+,-4813.950004392197,-4813.963340465814,-4813.948943422185
V30_HF_H2O_1-,-4813.950004392197,-4813.963339570049,-4813.948942937339
V30_HF_H2O_2+,-4813.949879657313,-4813.963324737724,-4813.94891009487
V30_HF_H2O_2-,-4813.950127206569,-4813.963353687272,-4813.948974495645
V30_HF_H2O_3+,-4813.949934379654,-4813.963384532939,-4813.948933134327
V30_HF_H2O_3-,-4813.950062971953,-4813.963283205181,-4813.948941690362
V30_HF_H2O_4+,-4813.949995658693,-4813.96333069626,-4813.948934401795
V30_HF_H2O_4-,-4813.949995658693,-4813.963329941826,-4813.948934355014
V30_HF_H2O_5+,-4813.95006685498,-4813.9633992228,-4813.949007691733
V30_HF_H2O_5-,-4813.949931785938,-4813.963271004328,-4813.948868548023
V30_HF_H2O_6+,-4813.949608438531,-4813.962825228042,-4813.948441269834
V30_HF_H2O_6-,-4813.950347541693,-4813.963801453026,-4813.949390850807
V30_HF_H2O_7+,-4813.950133302472,-4813.963447576774,-4813.949038661056
V30_HF_H2O_7-,-4813.949820287305,-4813.963177442416,-4813.9487925156845
V30_HF_H2O_8+,-4813.949975475563,-4813.9633110080085,-4813.948914136611
V30_HF_H2O_8-,-4813.949975475563,-4813.963311433984,-4813.948914571314
V30_HF_HCN,-5276.465112900695,-5276.456667663417,-5276.46027434564
V30_HF_HCN_0+,-5276.465105897415,-5276.456658178712,-5276.460264806553
V30_HF_HCN_0-,-5276.465105897415,-5276.4566621939175,-5276.460268736199
V30_HF_HCN_2+,-5276.465126353563,-5276.456673257974,-5276.460258395242
V30_HF_HCN_2-,-5276.46509751103,-5276.456660860889,-5276.460289142887
V30_HF_HCN_3+,-5276.465109121372,-5276.45666269522,-5276.4602697106175
V30_HF_HCN_3-,-5276.465109121372,-5276.456664327222,-5276.460271009506
V30_HF_HCN_5+,-5276.465103001001,-5276.4566568846685,-5276.460263721659
V30_HF_HCN_5-,-5276.465103001001,-5276.456658444944,-5276.460264632126
V30_HF_HCN_7+,-5276.464611737243,-5276.456104163375,-5276.45969084416
V30_HF_HCN_7-,-5276.4655967499475,-5276.457213662297,-5276.460840273084
V30_HF_HCN_8+,-5276.464920902906,-5276.456436061703,-5276.460028304289
V30_HF_HCN_8-,-5276.465260992065,-5276.4568553352,-5276.46047673276
V30_HF_HCN_9+,-5276.4646756115235,-5276.456260475364,-5276.4598774552105
V30_HF_HCN_9-,-5276.465493934197,-5276.45701889334,-5276.46061444368
V30_HF_HF,-5467.628459785194,-5467.610822061418,-5467.612262923617
V30_HF_HF_0+,-5467.62849372781,-5467.610796455146,-5467.6122736837515
V30_HF_HF_0-,-5467.628424917925,-5467.610847570175,-5467.612251971178
V30_HF_HF_1+,-5467.628458754299,-5467.610851365868,-5467.612290309189
V30_HF_HF_1-,-5467.628461607593,-5467.610794552263,-5467.612237240106
V30_HF_HF_2+,-5467.628458097292,-5467.610821160695,-5467.612262001592
V30_HF_HF_2-,-5467.628458097292,-5467.61082065507,-5467.612262133997
V30_HF_HF_3+,-5467.628397432282,-5467.610864121116,-5467.612227476866
V30_HF_HF_3-,-5467.628514752638,-5467.610773591625,-5467.612292538449
V30_HF_HF_4+,-5467.628789656077,-5467.6112671343,-5467.612729068052
V30_HF_HF_4-,-5467.628069462058,-5467.610317372285,-5467.611736207444
V30_HF_HF_5+,-5467.628147564214,-5467.6104864739455,-5467.611963448854
V30_HF_HF_5-,-5467.628707280145,-5467.611094647112,-5467.612500024677
V30_HF_N2,-5714.910634842699,-5714.8714325316105,-5714.878941808679
V30_HF_N2_0+,-5714.910625325444,-5714.871423259781,-5714.878931812607
V30_HF_N2_0-,-5714.910625325444,-5714.871423557111,-5714.878931862193
V30_HF_N2_2+,-5714.910589755805,-5714.871419547216,-5714.878936178879
V30_HF_N2_2-,-5714.910679673525,-5714.871445364761,-5714.878946975525
V30_HF_N2_3+,-5714.910634462005,-5714.871432342873,-5714.878941345119
V30_HF_N2_3-,-5714.910634462005,-5714.871432287681,-5714.878941497519
V30_HF_N2_5+,-5714.910015437842,-5714.870788209707,-5714.878280734539
V30_HF_N2_5-,-5714.911232819709,-5714.872055697281,-5714.879581623837
V30_HF_N2_6+,-5714.910271698325,-5714.871045923942,-5714.878585261903
V30_HF_N2_6-,-5714.910937526579,-5714.871757859436,-5714.879236558825
V30_HF_NH3,-4273.094919925187,-4273.084665581744,-4273.0655932472555
V30_HF_NH3_0+,-4273.094919313246,-4273.084665378557,-4273.065593004613
V30_HF_NH3_0-,-4273.094919306498,-4273.084664227424,-4273.065592156679
V30_HF_NH3_10+,-4273.094896031511,-4273.084641747769,-4273.065569435802
V30_HF_NH3_10-,-4273.094896031511,-4273.084641600609,-4273.0655693721
V30_HF_NH3_2+,-4273.094805362612,-4273.084663671879,-4273.065588557962
V30_HF_NH3_2-,-4273.095032387175,-4273.084664866941,-4273.065595632234
V30_HF_NH3_3+,-4273.094907060049,-4273.084652847643,-4273.065581393445
V30_HF_NH3_3-,-4273.094907060383,-4273.084650830904,-4273.065580487065
V30_HF_NH3_5+,-4273.09500700705,-4273.0847237158605,-4273.065659327105
V30_HF_NH3_5-,-4273.094827954259,-4273.084602736536,-4273.065522482259
V30_HF_NH3_6+,-4273.09491501906,-4273.084660611483,-4273.065588311848
V30_HF_NH3_6-,-4273.094915019051,-4273.084660472415,-4273.065588175855
V30_HF_NH3_7+,-4273.094915014502,-4273.084660611657,-4273.0655883116015
V30_HF_NH3_7-,-4273.0949150083225,-4273.084660472183,-4273.065588175674
V30_HF_NH3_8+,-4273.094661073862,-4273.084188603785,-4273.065165078291
V30_HF_NH3_8-,-4273.095136347688,-4273.08509694489,-4273.06597769807
V30_HF_NH3_9+,-4273.094930707143,-4273.084629469449,-4273.065565007444
V30_HF_NH3_9-,-4273.094863829866,-4273.084656521572,-4273.065576593818
V30_N2_Ar,-17335.330329666423,-17335.375518074186,-17335.350010568272
V30_N2_Ar_2+,-17335.33095498301,-17335.3761554862,-17335.350644524933
V30_N2_Ar_2-,-17335.3296839036,-17335.37485967452,-17335.34935560174
V30_N2_N2,-5962.149886641987,-5962.151623717528,-5962.158952304117
V30_N2_N2_3+,-5962.149956260551,-5962.151613118205,-5962.158963735033
V30_N2_N2_3-,-5962.149802243469,-5962.151620117002,-5962.158927044851
V30_N2_N2_4+,-5962.1489685389115,-5962.150687271263,-5962.158026848867
V30_N2_N2_4-,-5962.150783571128,-5962.152539169008,-5962.159856607759
V30_N2_N2_5+,-5962.14987605944,-5962.151613238357,-5962.158941675095
V30_N2_N2_5-,-5962.14987605944,-5962.151613182817,-5962.15894177664
V30_NH3_Ar,-15893.029587072378,-15893.104366714771,-15893.118715689343
V30_NH3_Ar_0+,-15893.029642338284,-15893.104388665864,-15893.118703396349
V30_NH3_Ar_0-,-15893.029531255836,-15893.104343953884,-15893.118727250509
V30_NH3_Ar_1+,-15893.029589826254,-15893.104368430775,-15893.118717655312
V30_NH3_Ar_1-,-15893.029589826254,-15893.104367233675,-15893.11871664728
V30_NH3_Ar_2+,-15893.02965112866,-15893.104337241668,-15893.118699596249
V30_NH3_Ar_2-,-15893.029529127918,-15893.104396589868,-15893.118732640587
V30_NH3_Ar_3+,-15893.029538546038,-15893.104309325216,-15893.11865588472
V30_NH3_Ar_3-,-15893.029631484998,-15893.10442007933,-15893.118771477803
V30_NH3_Ar_4+,-15893.029615908143,-15893.104351960552,-15893.118714649923
V30_NH3_Ar_4-,-15893.02954821017,-15893.10437143432,-15893.118706694924
V30_NH3_Ar_5+,-15893.029582044519,-15893.104361703798,-15893.118710676868
V30_NH3_Ar_5-,-15893.029582044519,-15893.104361669592,-15893.118710590234
V30_NH3_Ar_6+,-15893.029648137437,-15893.104390224655,-15893.118746195287
V30_NH3_Ar_6-,-15893.029481603495,-15893.104298434731,-15893.11864053536
V30_NH3_Ar_7+,-15893.029561567038,-15893.104346972808,-15893.118693887243
V30_NH3_Ar_7-,-15893.029565396437,-15893.104338926774,-15893.11868990972
V30_NH3_Ar_8+,-15893.029563401922,-15893.10434282701,-15893.118691900881
V30_NH3_Ar_8-,-15893.029563401922,-15893.10434297107,-15893.118691939819
V30_NH3_NH3,-3077.7667821936952,-3077.761418600703,-3077.763187549441
V30_NH3_NH3_0+,-3077.7669170611466,-3077.761445094159,-3077.7631994901535
V30_NH3_NH3_0-,-3077.7666530650686,-3077.7613929912072,-3077.763176450947
V30_NH3_NH3_1+,-3077.7667818376262,-3077.7614197874573,-3077.76318895617
V30_NH3_NH3_1-,-3077.7667818376262,-3077.761418256215,-3077.763187505664
V30_NH3_NH3_10+,-3077.766765670494,-3077.7614067246604,-3077.763175596131
V30_NH3_NH3_10-,-3077.7667885958767,-3077.7614203148373,-3077.763189308654
V30_NH3_NH3_11+,-3077.766776979145,-3077.761413500535,-3077.763182414875
V30_NH3_NH3_11-,-3077.766776979145,-3077.761413413185,-3077.7631823262795
V30_NH3_NH3_12+,-3077.7666973603223,-3077.761349659746,-3077.76311401277
V30_NH3_NH3_12-,-3077.766823048305,-3077.761443361623,-3077.7632169853014
V30_NH3_NH3_13+,-3077.766788885074,-3077.7614394806487,-3077.763207630285
V30_NH3_NH3_13-,-3077.7667304880692,-3077.7613528907264,-3077.7631227624684
V30_NH3_NH3_14+,-3077.7667337887574,-3077.761395039571,-3077.7631620857082
V30_NH3_NH3_14-,-3077.766783666599,-3077.761395297518,-3077.763166106434
V30_NH3_NH3_15+,-3077.7667630756046,-3077.761397191029,-3077.763167912816
V30_NH3_NH3_15-,-3077.766753588696,-3077.7613923660874,-3077.7631596445553
V30_NH3_NH3_16+,-3077.766758275603,-3077.76139467928,-3077.7631637345867
V30_NH3_NH3_16-,-3077.766758275603,-3077.7613948881235,-3077.763163782151
V30_NH3_NH3_17+,-3077.7667582126783,-3077.761394656561,-3077.7631636980777
V30_NH3_NH3_17-,-3077.7667582126783,-3077.7613947609007,-3077.7631637234595
V30_NH3_NH3_2+,-3077.7667823283095,-3077.7614184900144,-3077.763187580807
V30_NH3_NH3_2-,-3077.7667823283095,-3077.761418563661,-3077.763187432042
V30_NH3_NH3_3+,-3077.7667953185746,-3077.761421361116,-3077.7631810344965
V30_NH3_NH3_3-,-3077.766768361171,-3077.761415194611,-3077.7631934219094
V30_NH3_NH3_4+,-3077.7667813251787,-3077.7614176167026,-3077.763186554646
V30_NH3_NH3_4-,-3077.7667813251787,-3077.761417875612,-3077.763186940267
V30_NH3_NH3_5+,-3077.7668364341166,-3077.761453609762,-3077.7632090046227
V30_NH3_NH3_5-,-3077.766723633963,-3077.7613786539187,-3077.763161198617
V30_NH3_NH3_6+,-3077.7667529127866,-3077.7613993059963,-3077.763168318387
V30_NH3_NH3_6-,-3077.7668074083185,-3077.761433721713,-3077.763202617499
V30_NH3_NH3_7+,-3077.7668753034727,-3077.761490240968,-3077.7632643826523
V30_NH3_NH3_7-,-3077.7666847389305,-3077.761342657109,-3077.7631064241996
V30_NH3_NH3_8+,-3077.7667722112055,-3077.7614161943807,-3077.763182760368
V30_NH3_NH3_8-,-3077.7667821420164,-3077.7614110222758,-3077.76318232957
V30_NH3_NH3_9+,-3077.7667771520496,-3077.7614135373005,-3077.7631824488135
V30_NH3_NH3_9-,-3077.7667771520496,-3077.761413574503,-3077.763182496586
