,MACE-OMOL-0-100M,MACE-OMOL-0-4M
V30_C2H2_Ar,-16458.36328016425,-16457.237285830208
V30_C2H2_Ar_1+,-16458.363296774853,-16457.237495306643
V30_C2H2_Ar_1-,-16458.363259471207,-16457.237074369426
V30_C2H2_Ar_2+,-16458.363262035527,-16457.237221000712
V30_C2H2_Ar_2-,-16458.363282486116,-16457.23733554525
V30_C2H2_Ar_3+,-16458.36327225979,-16457.23727820742
V30_C2H2_Ar_3-,-16458.36327225979,-16457.23727820742
V30_C2H2_Ar_4+,-16458.363267185814,-16457.237227497204
V30_C2H2_Ar_4-,-16458.363273731055,-16457.237325327154
V30_C2H2_Ar_5+,-16458.363270499103,-16457.237276338896
V30_C2H2_Ar_5-,-16458.363270499103,-16457.237276338896
V30_C2H2_Ar_6+,-16458.36282597482,-16457.23686155675
V30_C2H2_Ar_6-,-16458.363719197707,-16457.23769483935
V30_C2H2_Ar_7+,-16458.363252529172,-16457.23725802093
V30_C2H2_Ar_7-,-16458.363264811695,-16457.23727071919
V30_C2H2_Ar_8+,-16458.363054989295,-16457.23705614852
V30_C2H2_Ar_8-,-16458.3634599914,-16457.237470251206
V30_C2H2_C2H2,-4208.273333926251,-4208.2740331644745
V30_C2H2_C2H2_1+,-4208.273328313134,-4208.274027571989
V30_C2H2_C2H2_1-,-4208.273328313134,-4208.274027571989
V30_C2H2_C2H2_10+,-4208.273323798138,-4208.2740231243315
V30_C2H2_C2H2_10-,-4208.273323798138,-4208.2740231243315
V30_C2H2_C2H2_11+,-4208.273323598131,-4208.274022881682
V30_C2H2_C2H2_11-,-4208.273323598131,-4208.274022881682
V30_C2H2_C2H2_12+,-4208.272797300531,-4208.273488789809
V30_C2H2_C2H2_12-,-4208.273855427486,-4208.27456247398
V30_C2H2_C2H2_13+,-4208.272990932537,-4208.27369270899
V30_C2H2_C2H2_13-,-4208.273661738401,-4208.274358487443
V30_C2H2_C2H2_14+,-4208.273359121476,-4208.2740663807945
V30_C2H2_C2H2_14-,-4208.273266170005,-4208.27395739225
V30_C2H2_C2H2_15+,-4208.273312476371,-4208.2740116728855
V30_C2H2_C2H2_15-,-4208.273312476371,-4208.2740116728855
V30_C2H2_C2H2_16+,-4208.273529966153,-4208.274235989381
V30_C2H2_C2H2_16-,-4208.273092771069,-4208.273785264158
V30_C2H2_C2H2_17+,-4208.273498204572,-4208.274196361685
V30_C2H2_C2H2_17-,-4208.273124368244,-4208.273824638528
V30_C2H2_C2H2_2+,-4208.273346983449,-4208.274048210252
V30_C2H2_C2H2_2-,-4208.273318694681,-4208.274016081818
V30_C2H2_C2H2_3+,-4208.2733333190845,-4208.2740325381865
V30_C2H2_C2H2_3-,-4208.2733333190845,-4208.2740325381865
V30_C2H2_C2H2_4+,-4208.273326057716,-4208.274025279108
V30_C2H2_C2H2_4-,-4208.273326057716,-4208.274025279108
V30_C2H2_C2H2_5+,-4208.27332587828,-4208.274025172162
V30_C2H2_C2H2_5-,-4208.27332587828,-4208.274025172162
V30_C2H2_C2H2_6+,-4208.273325875283,-4208.274025158538
V30_C2H2_C2H2_6-,-4208.273325875283,-4208.274025158538
V30_C2H2_C2H2_7+,-4208.273325731445,-4208.274024984953
V30_C2H2_C2H2_7-,-4208.273325731445,-4208.274024984953
V30_C2H2_C2H2_8+,-4208.273324252245,-4208.274023465893
V30_C2H2_C2H2_8-,-4208.273324252245,-4208.274023465893
V30_C2H2_C2H2_9+,-4208.273314876636,-4208.274017837983
V30_C2H2_C2H2_9-,-4208.273333113372,-4208.274028668774
V30_C2H4_Ar,-16492.179997839077,-16491.04753770415
V30_C2H4_Ar_1+,-16492.17999858206,-16491.047442501964
V30_C2H4_Ar_1-,-16492.179996271312,-16491.047631893693
V30_C2H4_Ar_10+,-16492.180251571273,-16491.047782583217
V30_C2H4_Ar_10-,-16492.179733861492,-16491.047282610223
V30_C2H4_Ar_11+,-16492.179979611203,-16491.04751935325
V30_C2H4_Ar_11-,-16492.179979611203,-16491.04751935325
V30_C2H4_Ar_12+,-16492.180046226833,-16491.047634340783
V30_C2H4_Ar_12-,-16492.179912662523,-16491.047404058554
V30_C2H4_Ar_13+,-16492.17997869837,-16491.047518432933
V30_C2H4_Ar_13-,-16492.17997869837,-16491.047518432933
V30_C2H4_Ar_14+,-16492.179982665806,-16491.04754530123
V30_C2H4_Ar_14-,-16492.17997414688,-16491.047491008427
V30_C2H4_Ar_2+,-16492.17999466393,-16491.047534456746
V30_C2H4_Ar_2-,-16492.17999466393,-16491.047534456746
V30_C2H4_Ar_3+,-16492.17998867765,-16491.047528116826
V30_C2H4_Ar_3-,-16492.179984689446,-16491.047525076134
V30_C2H4_Ar_4+,-16492.179981549165,-16491.04752179983
V30_C2H4_Ar_4-,-16492.179981549165,-16491.04752179983
V30_C2H4_Ar_5+,-16492.179982099544,-16491.047522394714
V30_C2H4_Ar_5-,-16492.179982099544,-16491.047522394714
V30_C2H4_Ar_6+,-16492.179995799375,-16491.047535670947
V30_C2H4_Ar_6-,-16492.179995799375,-16491.047535670947
V30_C2H4_Ar_7+,-16492.179995025577,-16491.047534910616
V30_C2H4_Ar_7-,-16492.179995025577,-16491.047534910616
V30_C2H4_Ar_8+,-16492.18013510421,-16491.04767547196
V30_C2H4_Ar_8-,-16492.179853751488,-16491.047393135268
V30_C2H4_Ar_9+,-16492.17999392303,-16491.047533843932
V30_C2H4_Ar_9-,-16492.17999392303,-16491.047533843932
V30_CH3OH_H2O,-5228.906204394464,-5228.905696166673
V30_CH3OH_H2O_0+,-5228.9062169981835,-5228.905717007753
V30_CH3OH_H2O_0-,-5228.906191430876,-5228.905674994218
V30_CH3OH_H2O_1+,-5228.906211001179,-5228.905702871402
V30_CH3OH_H2O_1-,-5228.906211001179,-5228.905702871402
V30_CH3OH_H2O_10+,-5228.906242106723,-5228.9057355887135
V30_CH3OH_H2O_10-,-5228.906159397489,-5228.905649434995
V30_CH3OH_H2O_11+,-5228.906232802324,-5228.905724155939
V30_CH3OH_H2O_11-,-5228.906168044467,-5228.905660231368
V30_CH3OH_H2O_12+,-5228.90620031756,-5228.905692084833
V30_CH3OH_H2O_12-,-5228.90620031756,-5228.905692084833
V30_CH3OH_H2O_13+,-5228.906210271188,-5228.905702591337
V30_CH3OH_H2O_13-,-5228.906190220471,-5228.9056814392725
V30_CH3OH_H2O_14+,-5228.9061316310945,-5228.905620867986
V30_CH3OH_H2O_14-,-5228.9062674938195,-5228.905761763978
V30_CH3OH_H2O_15+,-5228.906189919747,-5228.905682409364
V30_CH3OH_H2O_15-,-5228.906185493878,-5228.905676595483
V30_CH3OH_H2O_16+,-5228.906187179985,-5228.9056789965525
V30_CH3OH_H2O_16-,-5228.906187179985,-5228.9056789965525
V30_CH3OH_H2O_17+,-5228.906194313079,-5228.9056844487695
V30_CH3OH_H2O_17-,-5228.906178603491,-5228.905671990553
V30_CH3OH_H2O_18+,-5228.905984908876,-5228.90547395993
V30_CH3OH_H2O_18-,-5228.906371395062,-5228.905865809041
V30_CH3OH_H2O_19+,-5228.906382660039,-5228.905877244609
V30_CH3OH_H2O_19-,-5228.905971647953,-5228.905460475631
V30_CH3OH_H2O_2+,-5228.9062061142995,-5228.905698019632
V30_CH3OH_H2O_2-,-5228.9062061142995,-5228.905698019632
V30_CH3OH_H2O_20+,-5228.906175842962,-5228.905667575066
V30_CH3OH_H2O_20-,-5228.906175842962,-5228.905667575066
V30_CH3OH_H2O_3+,-5228.90620052505,-5228.905691441795
V30_CH3OH_H2O_3-,-5228.906207422377,-5228.905700039039
V30_CH3OH_H2O_4+,-5228.906204515897,-5228.90569629803
V30_CH3OH_H2O_4-,-5228.906204515897,-5228.90569629803
V30_CH3OH_H2O_5+,-5228.90617730607,-5228.905668544379
V30_CH3OH_H2O_5-,-5228.906230429752,-5228.905722696788
V30_CH3OH_H2O_6+,-5228.906198120318,-5228.905689901765
V30_CH3OH_H2O_6-,-5228.906198120318,-5228.905689901765
V30_CH3OH_H2O_7+,-5228.906169672542,-5228.905663337765
V30_CH3OH_H2O_7-,-5228.906234829434,-5228.905724715608
V30_CH3OH_H2O_8+,-5228.90620870047,-5228.905700377198
V30_CH3OH_H2O_8-,-5228.90619559926,-5228.905687456646
V30_CH3OH_H2O_9+,-5228.906201880752,-5228.9056936474135
V30_CH3OH_H2O_9-,-5228.906201880752,-5228.9056936474135
V30_CH4_Ar,-15456.078813423577,-15454.889271283302
V30_CH4_Ar_0+,-15456.078809758297,-15454.889425442503
V30_CH4_Ar_0-,-15456.078816304482,-15454.889118403657
V30_CH4_Ar_1+,-15456.078812282958,-15454.889272491722
V30_CH4_Ar_1-,-15456.078812282958,-15454.889272491722
V30_CH4_Ar_11+,-15456.078794480514,-15454.889254478112
V30_CH4_Ar_11-,-15456.07879571288,-15454.889251648381
V30_CH4_Ar_2+,-15456.078812286301,-15454.889272488097
V30_CH4_Ar_2-,-15456.078812279602,-15454.889272495318
V30_CH4_Ar_3+,-15456.078808334858,-15454.889260891683
V30_CH4_Ar_3-,-15456.078812065647,-15454.88927538556
V30_CH4_Ar_5+,-15456.078810194778,-15454.889268098557
V30_CH4_Ar_5-,-15456.078810194778,-15454.889268098557
V30_CH4_Ar_7+,-15456.078809028697,-15454.889266984874
V30_CH4_Ar_7-,-15456.07880902821,-15454.889266983726
V30_CH4_Ar_8+,-15456.07877371662,-15454.88925827811
V30_CH4_Ar_8-,-15456.078818932405,-15454.88925033499
V30_CH4_Ar_9+,-15456.078795085677,-15454.889253057585
V30_CH4_Ar_9-,-15456.078795085677,-15454.889253057585
V30_CH4_CH4,-2203.658008823585,-2203.6475193590313
V30_CH4_CH4_1+,-2203.6580076639634,-2203.6475183293696
V30_CH4_CH4_1-,-2203.658007678945,-2203.647518337676
V30_CH4_CH4_11+,-2203.658001912277,-2203.64751168191
V30_CH4_CH4_11-,-2203.658009222905,-2203.647520522184
V30_CH4_CH4_12+,-2203.6580044508637,-2203.647514978786
V30_CH4_CH4_12-,-2203.658004451976,-2203.647514979931
V30_CH4_CH4_14+,-2203.6580044037905,-2203.6475149343432
V30_CH4_CH4_14-,-2203.6580044037905,-2203.6475149343432
V30_CH4_CH4_16+,-2203.658028172826,-2203.6475414832626
V30_CH4_CH4_16-,-2203.657955296023,-2203.6474630242633
V30_CH4_CH4_18+,-2203.657990514764,-2203.647501046437
V30_CH4_CH4_18-,-2203.6579905069534,-2203.647501037898
V30_CH4_CH4_2+,-2203.6580076634823,-2203.6475183279513
V30_CH4_CH4_2-,-2203.658007678932,-2203.647518338552
V30_CH4_CH4_21+,-2203.657992271741,-2203.647505052794
V30_CH4_CH4_21-,-2203.657988720121,-2203.6474969646915
V30_CH4_CH4_3+,-2203.6580103867263,-2203.64753456455
V30_CH4_CH4_3-,-2203.6580058191003,-2203.647502822857
V30_CH4_CH4_4+,-2203.6580073738487,-2203.647517999968
V30_CH4_CH4_4-,-2203.6580073738487,-2203.647517999968
V30_CH4_CH4_5+,-2203.658007373848,-2203.6475179999657
V30_CH4_CH4_5-,-2203.658007373848,-2203.6475179999657
V30_CH4_CH4_6+,-2203.65800562001,-2203.647516151773
V30_CH4_CH4_6-,-2203.65800562001,-2203.647516151773
V30_CH4_CH4_7+,-2203.65800559825,-2203.6475161296175
V30_CH4_CH4_7-,-2203.65800559825,-2203.6475161296175
V30_CH4_CH4_9+,-2203.6580055795257,-2203.647516111327
V30_CH4_CH4_9-,-2203.658005585635,-2203.647516118096
V30_CH4_N2,-4082.902447576688,-4082.9026424866156
V30_CH4_N2_10+,-4082.901795508006,-4082.9019828339588
V30_CH4_N2_10-,-4082.903078600101,-4082.9032808769593
V30_CH4_N2_11+,-4082.9024558667616,-4082.9026513739564
V30_CH4_N2_11-,-4082.90240512891,-4082.9025994097833
V30_CH4_N2_12+,-4082.902430037784,-4082.902625192788
V30_CH4_N2_12-,-4082.9024285076957,-4082.902623171739
V30_CH4_N2_13+,-4082.9024292718846,-4082.902624187772
V30_CH4_N2_13-,-4082.9024292718846,-4082.902624187772
V30_CH4_N2_14+,-4082.9024283320655,-4082.9026240523312
V30_CH4_N2_14-,-4082.902430145376,-4082.9026243497497
V30_CH4_N2_2+,-4082.9024258259337,-4082.90260768221
V30_CH4_N2_2-,-4082.902468298015,-4082.902676012999
V30_CH4_N2_3+,-4082.9024522946265,-4082.9026447714323
V30_CH4_N2_3-,-4082.902440356826,-4082.90263739645
V30_CH4_N2_4+,-4082.902445969967,-4082.902640660216
V30_CH4_N2_4-,-4082.902445969967,-4082.902640660216
V30_CH4_N2_5+,-4082.9024397438384,-4082.9026360483385
V30_CH4_N2_5-,-4082.902448945469,-4082.90264244386
V30_CH4_N2_6+,-4082.902446305325,-4082.902642323065
V30_CH4_N2_6-,-4082.902442380551,-4082.902636165887
V30_CH4_N2_8+,-4082.9024431827243,-4082.9026380760033
V30_CH4_N2_8-,-4082.9024431827243,-4082.9026380760033
V30_CH4_N2_9+,-4082.902442618522,-4082.902637459217
V30_CH4_N2_9-,-4082.902443743396,-4082.902638690801
V30_CO2_Ar,-19486.980384206672,-19485.95692101414
V30_CO2_Ar_1+,-19486.98041759537,-19485.95697892246
V30_CO2_Ar_1-,-19486.980350433532,-19485.956862605675
V30_CO2_Ar_2+,-19486.980375520572,-19485.95689509865
V30_CO2_Ar_2-,-19486.980376860356,-19485.95693139147
V30_CO2_Ar_3+,-19486.980376106338,-19485.956913158112
V30_CO2_Ar_3-,-19486.980376106338,-19485.956913158112
V30_CO2_Ar_4+,-19486.98057071504,-19485.957106241738
V30_CO2_Ar_4-,-19486.980190844715,-19485.956728956353
V30_CO2_Ar_5+,-19486.980373924252,-19485.95691063636
V30_CO2_Ar_5-,-19486.980373924252,-19485.95691063636
V30_CO2_CO2,-10265.506069555411,-10265.504433720345
V30_CO2_CO2_1+,-10265.506067977194,-10265.504432191456
V30_CO2_CO2_1-,-10265.506067977194,-10265.504432191456
V30_CO2_CO2_10+,-10265.5060826566,-10265.504440139184
V30_CO2_CO2_10-,-10265.506035843442,-10265.504407052962
V30_CO2_CO2_11+,-10265.506059183905,-10265.50442354688
V30_CO2_CO2_11-,-10265.506059183905,-10265.50442354688
V30_CO2_CO2_2+,-10265.506083061902,-10265.504429613702
V30_CO2_CO2_2-,-10265.506054801197,-10265.504436643037
V30_CO2_CO2_3+,-10265.50607223407,-10265.504418465911
V30_CO2_CO2_3-,-10265.5060663097,-10265.504448440832
V30_CO2_CO2_4+,-10265.506061597029,-10265.504425830362
V30_CO2_CO2_4-,-10265.506061597029,-10265.504425830362
V30_CO2_CO2_5+,-10265.506061565959,-10265.504425822755
V30_CO2_CO2_5-,-10265.506061565959,-10265.504425822755
V30_CO2_CO2_6+,-10265.506055080792,-10265.50441193355
V30_CO2_CO2_6-,-10265.506068000004,-10265.50443953954
V30_CO2_CO2_7+,-10265.506061476688,-10265.504425713498
V30_CO2_CO2_7-,-10265.506061476688,-10265.504425713498
V30_CO2_CO2_8+,-10265.505802243839,-10265.504166752093
V30_CO2_CO2_8-,-10265.506329999915,-10265.504693994963
V30_CO2_N2,-8113.825644090337,-8113.817988789868
V30_CO2_N2_2+,-8113.825631891944,-8113.81798684587
V30_CO2_N2_2-,-8113.825655150108,-8113.817989423967
V30_CO2_N2_3+,-8113.825636719744,-8113.81798177499
V30_CO2_N2_3-,-8113.825636719744,-8113.81798177499
V30_CO2_N2_4+,-8113.82562784753,-8113.817995951656
V30_CO2_N2_4-,-8113.825644335963,-8113.817965889205
V30_CO2_N2_5+,-8113.825636036935,-8113.817980883411
V30_CO2_N2_5-,-8113.825636036935,-8113.817980883411
V30_CO2_N2_6+,-8113.825454660415,-8113.817802469348
V30_CO2_N2_6-,-8113.825826652184,-8113.818168385276
V30_CO2_N2_7+,-8113.8249864335085,-8113.817329402679
V30_CO2_N2_7-,-8113.826280643366,-8113.818627548419
V30_CO2_N2_8+,-8113.825633751055,-8113.817978605933
V30_CO2_N2_8-,-8113.825633751055,-8113.817978605933
V30_CO_Ar,-17438.341809147518,-17437.280840474057
V30_CO_Ar_2+,-17438.3414507728,-17437.2805566831
V30_CO_Ar_2-,-17438.342150190794,-17437.281107471714
V30_CO_CO,-6168.227441187825,-6168.242527176256
V30_CO_CO_3+,-6168.227402196807,-6168.242511594599
V30_CO_CO_3-,-6168.227468319668,-6168.242530960054
V30_CO_CO_4+,-6168.227432405809,-6168.242518456647
V30_CO_CO_4-,-6168.227432405809,-6168.242518456647
V30_CO_CO_5+,-6168.226939770892,-6168.24201335677
V30_CO_CO_5-,-6168.22792503204,-6168.24302353478
V30_H2O_Ar,-16434.116124651373,-16432.99084724781
V30_H2O_Ar_1+,-16434.116097171096,-16432.99091321461
V30_H2O_Ar_1-,-16434.11615901606,-16432.990791588043
V30_H2O_Ar_2+,-16434.116133135718,-16432.99085940092
V30_H2O_Ar_2-,-16434.116133135718,-16432.99085940092
V30_H2O_Ar_3+,-16434.116182534857,-16432.990894030452
V30_H2O_Ar_3-,-16434.11605714256,-16432.990790960812
V30_H2O_Ar_4+,-16434.1163309947,-16432.991112997883
V30_H2O_Ar_4-,-16434.115863806193,-16432.990527440208
V30_H2O_Ar_5+,-16434.116097289567,-16432.990807648002
V30_H2O_Ar_5-,-16434.116094744364,-16432.990830185434
V30_H2O_CH4,-3181.7243433891704,-3181.716942375113
V30_H2O_CH4_1+,-3181.7243320990183,-3181.7169367983574
V30_H2O_CH4_1-,-3181.724359968266,-3181.716953456521
V30_H2O_CH4_10+,-3181.724338968394,-3181.7169379369693
V30_H2O_CH4_10-,-3181.724338968394,-3181.7169379369693
V30_H2O_CH4_11+,-3181.7244027771876,-3181.7170000450114
V30_H2O_CH4_11-,-3181.7242743282313,-3181.7168750205165
V30_H2O_CH4_12+,-3181.7243499762,-3181.7169520537345
V30_H2O_CH4_12-,-3181.72430276058,-3181.716898502334
V30_H2O_CH4_13+,-3181.7243219610928,-3181.716922248748
V30_H2O_CH4_13-,-3181.724328408882,-3181.7169259312477
V30_H2O_CH4_14+,-3181.7243251366413,-3181.7169240319645
V30_H2O_CH4_14-,-3181.7243251366413,-3181.7169240319645
V30_H2O_CH4_15+,-3181.724315778296,-3181.7169153600007
V30_H2O_CH4_15-,-3181.7243343354057,-3181.716932537996
V30_H2O_CH4_16+,-3181.7240855858104,-3181.7166860997067
V30_H2O_CH4_16-,-3181.724546658399,-3181.7171441208084
V30_H2O_CH4_17+,-3181.724316955134,-3181.7169163675694
V30_H2O_CH4_17-,-3181.7243125948867,-3181.716911204915
V30_H2O_CH4_2+,-3181.7243491338395,-3181.7169364215333
V30_H2O_CH4_2-,-3181.7243345399693,-3181.7169452980424
V30_H2O_CH4_3+,-3181.7243430736416,-3181.7169421288877
V30_H2O_CH4_3-,-3181.7243430736416,-3181.7169421288877
V30_H2O_CH4_5+,-3181.724343511967,-3181.716942534837
V30_H2O_CH4_5-,-3181.724343511967,-3181.716942534837
V30_H2O_CH4_6+,-3181.724340152642,-3181.716939120432
V30_H2O_CH4_6-,-3181.724340152642,-3181.716939120432
V30_H2O_CH4_7+,-3181.7243323313937,-3181.71693347063
V30_H2O_CH4_7-,-3181.7243479548993,-3181.7169447517344
V30_H2O_CH4_8+,-3181.724354564176,-3181.7169490004167
V30_H2O_CH4_8-,-3181.7243257097725,-3181.7169292157923
V30_H2O_CH4_9+,-3181.7243494730483,-3181.7169467891167
V30_H2O_CH4_9-,-3181.7243284931924,-3181.716929119176
V30_H2O_CO2,-7212.719572830693,-7212.715626144207
V30_H2O_CO2_1+,-7212.719576320066,-7212.715631686415
V30_H2O_CO2_1-,-7212.719576320066,-7212.715631686415
V30_H2O_CO2_10+,-7212.719329956077,-7212.715376694488
V30_H2O_CO2_10-,-7212.719760982171,-7212.715821201747
V30_H2O_CO2_11+,-7212.71954408561,-7212.715597562543
V30_H2O_CO2_11-,-7212.71954408561,-7212.715597562543
V30_H2O_CO2_2+,-7212.719571570719,-7212.715612635797
V30_H2O_CO2_2-,-7212.719573649219,-7212.715639245273
V30_H2O_CO2_3+,-7212.719573346785,-7212.7156267011605
V30_H2O_CO2_3-,-7212.719573346785,-7212.7156267011605
V30_H2O_CO2_4+,-7212.7195726291675,-7212.715625993775
V30_H2O_CO2_4-,-7212.7195726291675,-7212.715625993775
V30_H2O_CO2_5+,-7212.719543767629,-7212.715611406874
V30_H2O_CO2_5-,-7212.7195863974885,-7212.715625683483
V30_H2O_CO2_6+,-7212.719564809618,-7212.7156182728195
V30_H2O_CO2_6-,-7212.719564809618,-7212.7156182728195
V30_H2O_CO2_7+,-7212.719748032283,-7212.715797010446
V30_H2O_CO2_7-,-7212.71939076857,-7212.71544861948
V30_H2O_CO2_8+,-7212.7194918033865,-7212.7155570184495
V30_H2O_CO2_8-,-7212.719644233674,-7212.715685775056
V30_H2O_CO2_9+,-7212.719562479165,-7212.715616064969
V30_H2O_CO2_9-,-7212.719562479165,-7212.715616064969
V30_H2O_H2O,-4159.947318074095,-4159.946050973906
V30_H2O_H2O_10+,-4159.947376800349,-4159.94610947697
V30_H2O_H2O_10-,-4159.947202614131,-4159.945935807129
V30_H2O_H2O_11+,-4159.947289497387,-4159.946022389623
V30_H2O_H2O_11-,-4159.947289497387,-4159.946022389623
V30_H2O_H2O_2+,-4159.9473063447,-4159.946035915047
V30_H2O_H2O_2-,-4159.947329879078,-4159.946066111652
V30_H2O_H2O_3+,-4159.947296607817,-4159.9460311400235
V30_H2O_H2O_3-,-4159.947338743384,-4159.946069979471
V30_H2O_H2O_4+,-4159.947342233531,-4159.946075441723
V30_H2O_H2O_4-,-4159.947291294431,-4159.946023883095
V30_H2O_H2O_5+,-4159.947312774446,-4159.946045634579
V30_H2O_H2O_5-,-4159.947312774446,-4159.946045634579
V30_H2O_H2O_6+,-4159.947366205948,-4159.946099248147
V30_H2O_H2O_6-,-4159.947260289091,-4159.945993021377
V30_H2O_H2O_7+,-4159.947236570215,-4159.945968036908
V30_H2O_H2O_7-,-4159.94738971201,-4159.946124032953
V30_H2O_H2O_8+,-4159.9475505054115,-4159.94628549722
V30_H2O_H2O_8-,-4159.947033512432,-4159.945764198438
V30_H2O_H2O_9+,-4159.947084333682,-4159.945815781109
V30_H2O_H2O_9-,-4159.947497279788,-4159.946231562067
V30_H2O_NH3,-3618.962686326579,-3618.9591053281993
V30_H2O_NH3_1+,-3618.962675957317,-3618.9590963291002
V30_H2O_NH3_1-,-3618.9626962816287,-3618.9591139187173
V30_H2O_NH3_10+,-3618.9626053434918,-3618.9590199515665
V30_H2O_NH3_10-,-3618.962722801774,-3618.959145674465
V30_H2O_NH3_11+,-3618.9626567421983,-3618.959074978189
V30_H2O_NH3_11-,-3618.9626684903724,-3618.9590878667145
V30_H2O_NH3_12+,-3618.962662636845,-3618.959081341162
V30_H2O_NH3_12-,-3618.962662636845,-3618.959081341162
V30_H2O_NH3_13+,-3618.9624467577923,-3618.9588599953804
V30_H2O_NH3_13-,-3618.962877003278,-3618.9593013801755
V30_H2O_NH3_14+,-3618.9627665106536,-3618.9591854864975
V30_H2O_NH3_14-,-3618.9625497054635,-3618.958968501239
V30_H2O_NH3_2+,-3618.962686076975,-3618.959105079325
V30_H2O_NH3_2-,-3618.962686076975,-3618.959105079325
V30_H2O_NH3_3+,-3618.9626737955205,-3618.9590948985515
V30_H2O_NH3_3-,-3618.962697596817,-3618.959114504293
V30_H2O_NH3_4+,-3618.962701980872,-3618.959112599172
V30_H2O_NH3_4-,-3618.962665497319,-3618.9590928959387
V30_H2O_NH3_5+,-3618.962679518336,-3618.959098440078
V30_H2O_NH3_5-,-3618.962679518336,-3618.959098440078
V30_H2O_NH3_6+,-3618.9626136834027,-3618.959030543736
V30_H2O_NH3_6-,-3618.962754562338,-3618.959175699927
V30_H2O_NH3_7+,-3618.9627144709325,-3618.9591339542
V30_H2O_NH3_7-,-3618.9626482920785,-3618.959066739371
V30_H2O_NH3_8+,-3618.962681303939,-3618.9591002597317
V30_H2O_NH3_8-,-3618.962681303939,-3618.9591002597317
V30_H2O_NH3_9+,-3618.9627289492832,-3618.959150412991
V30_H2O_NH3_9-,-3618.962633567764,-3618.9590500647005
V30_HF_Ar,-17087.93133470783,-17086.815833933175
V30_HF_Ar_0+,-17087.93139500919,-17086.815795864757
V30_HF_Ar_0-,-17087.93127200573,-17086.815872313386
V30_HF_Ar_1+,-17087.931337215487,-17086.815838630588
V30_HF_Ar_1-,-17087.931337215487,-17086.815838630588
V30_HF_Ar_3+,-17087.9317423519,-17086.81644724105
V30_HF_Ar_3-,-17087.93086331754,-17086.815158222453
V30_HF_C2H2,-4838.022528789735,-4838.023550726906
V30_HF_C2H2_0+,-4838.02252411292,-4838.0235460785325
V30_HF_C2H2_0-,-4838.02252411292,-4838.0235460785325
V30_HF_C2H2_1+,-4838.022531916496,-4838.0235481524305
V30_HF_C2H2_1-,-4838.022524995082,-4838.023552656723
V30_HF_C2H2_10+,-4838.022303209939,-4838.023337472549
V30_HF_C2H2_10-,-4838.022709285216,-4838.023719082921
V30_HF_C2H2_11+,-4838.022071673078,-4838.023218269788
V30_HF_C2H2_11-,-4838.022927214065,-4838.023828210805
V30_HF_C2H2_2+,-4838.022528058632,-4838.023549856067
V30_HF_C2H2_2-,-4838.022528056979,-4838.023549854658
V30_HF_C2H2_3+,-4838.022526592153,-4838.02354828832
V30_HF_C2H2_3-,-4838.022526592153,-4838.02354828832
V30_HF_C2H2_4+,-4838.022520899742,-4838.023542846105
V30_HF_C2H2_4-,-4838.022520899742,-4838.023542846105
V30_HF_C2H2_5+,-4838.022520469115,-4838.023542312672
V30_HF_C2H2_5-,-4838.022520469115,-4838.023542312672
V30_HF_C2H2_6+,-4838.022519002335,-4838.023540976754
V30_HF_C2H2_6-,-4838.022519014114,-4838.023540988503
V30_HF_C2H2_7+,-4838.022519971461,-4838.023503865336
V30_HF_C2H2_7-,-4838.0225170412305,-4838.023576781277
V30_HF_C2H2_8+,-4838.022952982343,-4838.023970166293
V30_HF_C2H2_8-,-4838.022089446657,-4838.023116141038
V30_HF_C2H2_9+,-4838.022507456607,-4838.023529447455
V30_HF_C2H2_9-,-4838.022507456607,-4838.023529447455
V30_HF_CH4,-3835.598383903744,-3835.6051313237454
V30_HF_CH4_0+,-3835.5983836580103,-3835.605131049851
V30_HF_CH4_0-,-3835.598383657817,-3835.60513104486
V30_HF_CH4_10+,-3835.5983776965218,-3835.6051338248617
V30_HF_CH4_10-,-3835.5983562522747,-3835.605095004133
V30_HF_CH4_11+,-3835.5983657786787,-3835.605113224022
V30_HF_CH4_11-,-3835.5983657786787,-3835.605113224022
V30_HF_CH4_13+,-3835.5983500671637,-3835.6050985765764
V30_HF_CH4_13-,-3835.598381162283,-3835.605127182543
V30_HF_CH4_14+,-3835.5979710497877,-3835.604725302488
V30_HF_CH4_14-,-3835.5987341140144,-3835.6054749760146
V30_HF_CH4_2+,-3835.598393353372,-3835.60512834278
V30_HF_CH4_2-,-3835.5983739665458,-3835.605133772276
V30_HF_CH4_3+,-3835.59838508651,-3835.605132195319
V30_HF_CH4_3-,-3835.59838508651,-3835.605132195319
V30_HF_CH4_5+,-3835.5983806570566,-3835.605128062791
V30_HF_CH4_5-,-3835.5983806570566,-3835.605128062791
V30_HF_CH4_7+,-3835.598346787106,-3835.605097549901
V30_HF_CH4_7-,-3835.598414547741,-3835.6051586141434
V30_HF_CH4_8+,-3835.5983794545728,-3835.6051268848723
V30_HF_CH4_8-,-3835.598379495206,-3835.6051269256554
V30_HF_CH4_9+,-3835.598379474884,-3835.605126905259
V30_HF_CH4_9-,-3835.598379474884,-3835.605126905259
V30_HF_CO,-5817.905001769235,-5817.890542425429
V30_HF_CO_0+,-5817.904996596962,-5817.890537319237
V30_HF_CO_0-,-5817.904996596962,-5817.890537319237
V30_HF_CO_2+,-5817.90498852696,-5817.890568712249
V30_HF_CO_2-,-5817.905014632525,-5817.890515622278
V30_HF_CO_3+,-5817.905001675267,-5817.890542550043
V30_HF_CO_3-,-5817.905001675267,-5817.890542550043
V30_HF_CO_5+,-5817.904660004771,-5817.890154965395
V30_HF_CO_5-,-5817.905325978195,-5817.890912806239
V30_HF_CO_6+,-5817.90461179505,-5817.890227513521
V30_HF_CO_6-,-5817.905328490125,-5817.890797509284
V30_HF_H2O,-4813.951595202245,-4813.940204156879
V30_HF_H2O_0+,-4813.951606289671,-4813.940282694396
V30_HF_H2O_0-,-4813.951582922167,-4813.940124322386
V30_HF_H2O_1+,-4813.951595374336,-4813.940204496894
V30_HF_H2O_1-,-4813.951595374336,-4813.940204496894
V30_HF_H2O_2+,-4813.951569958727,-4813.94009759175
V30_HF_H2O_2-,-4813.951619090993,-4813.940309209945
V30_HF_H2O_3+,-4813.951588969397,-4813.940177221795
V30_HF_H2O_3-,-4813.951590034769,-4813.940222276792
V30_HF_H2O_4+,-4813.9515864954765,-4813.94019640778
V30_HF_H2O_4-,-4813.9515864954765,-4813.94019640778
V30_HF_H2O_5+,-4813.951653048148,-4813.940276408062
V30_HF_H2O_5-,-4813.95152773623,-4813.940122231445
V30_HF_H2O_6+,-4813.951101788743,-4813.939698293063
V30_HF_H2O_6-,-4813.952035476933,-4813.940658060579
V30_HF_H2O_7+,-4813.951700379873,-4813.940293839717
V30_HF_H2O_7-,-4813.951435671452,-4813.940059481687
V30_HF_H2O_8+,-4813.951566779963,-4813.940175363569
V30_HF_H2O_8-,-4813.951566779963,-4813.940175363569
V30_HF_HCN,-5276.463999179294,-5276.449413229068
V30_HF_HCN_0+,-5276.463991578572,-5276.449406399431
V30_HF_HCN_0-,-5276.463991578572,-5276.449406399431
V30_HF_HCN_2+,-5276.46398889163,-5276.449356144704
V30_HF_HCN_2-,-5276.464008236485,-5276.449468957895
V30_HF_HCN_3+,-5276.46399499952,-5276.449408953344
V30_HF_HCN_3-,-5276.46399499952,-5276.449408953344
V30_HF_HCN_5+,-5276.463989188423,-5276.449403366956
V30_HF_HCN_5-,-5276.463989188423,-5276.449403366956
V30_HF_HCN_7+,-5276.463421112554,-5276.448834100286
V30_HF_HCN_7-,-5276.464559708784,-5276.449974870984
V30_HF_HCN_8+,-5276.463756708627,-5276.449157107248
V30_HF_HCN_8-,-5276.464197636985,-5276.449625663212
V30_HF_HCN_9+,-5276.463616477119,-5276.449048289871
V30_HF_HCN_9-,-5276.464325703633,-5276.449726152492
V30_HF_HF,-5467.6260310558355,-5467.62544439218
V30_HF_HF_0+,-5467.626021939711,-5467.625427118968
V30_HF_HF_0-,-5467.626039997589,-5467.625461504768
V30_HF_HF_1+,-5467.626032098619,-5467.62552616626
V30_HF_HF_1-,-5467.626031443947,-5467.625364022613
V30_HF_HF_2+,-5467.626029793568,-5467.625443480338
V30_HF_HF_2-,-5467.626029793568,-5467.625443480338
V30_HF_HF_3+,-5467.626008132548,-5467.6254785650835
V30_HF_HF_3-,-5467.626047198717,-5467.625403660937
V30_HF_HF_4+,-5467.626477268379,-5467.625874524764
V30_HF_HF_4-,-5467.625523982512,-5467.624954657769
V30_HF_HF_5+,-5467.625712608902,-5467.625139625309
V30_HF_HF_5-,-5467.6262856435005,-5467.625686510684
V30_HF_N2,-5714.880275443718,-5714.887563164937
V30_HF_N2_0+,-5714.880265422479,-5714.887553840697
V30_HF_N2_0-,-5714.880265422479,-5714.887553840697
V30_HF_N2_2+,-5714.880268624716,-5714.887554319346
V30_HF_N2_2-,-5714.880281795451,-5714.887571449517
V30_HF_N2_3+,-5714.880275091456,-5714.887561894421
V30_HF_N2_3-,-5714.880275091456,-5714.887561894421
V30_HF_N2_5+,-5714.879603216336,-5714.886917105465
V30_HF_N2_5-,-5714.8809265213495,-5714.888187324469
V30_HF_N2_6+,-5714.879861097636,-5714.887210857952
V30_HF_N2_6-,-5714.880627715293,-5714.887857217386
V30_HF_NH3,-4273.0716838794315,-4273.068557404275
V30_HF_NH3_0+,-4273.07168312969,-4273.068557000932
V30_HF_NH3_0-,-4273.07168312874,-4273.068556999856
V30_HF_NH3_10+,-4273.071660100371,-4273.068533279022
V30_HF_NH3_10-,-4273.071660100371,-4273.068533279022
V30_HF_NH3_2+,-4273.071663531172,-4273.068465780674
V30_HF_NH3_2-,-4273.071701890344,-4273.068646523477
V30_HF_NH3_3+,-4273.071671496474,-4273.068546247648
V30_HF_NH3_3-,-4273.0716714964565,-4273.068546247044
V30_HF_NH3_5+,-4273.071753485446,-4273.068635390039
V30_HF_NH3_5-,-4273.071609538276,-4273.068474628097
V30_HF_NH3_6+,-4273.071678875502,-4273.068552343424
V30_HF_NH3_6-,-4273.071678875506,-4273.068552343428
V30_HF_NH3_7+,-4273.071678876284,-4273.068552344212
V30_HF_NH3_7-,-4273.071678874723,-4273.06855234264
V30_HF_NH3_8+,-4273.071275056475,-4273.068007745182
V30_HF_NH3_8-,-4273.072048993601,-4273.069063414318
V30_HF_NH3_9+,-4273.071652288099,-4273.068503581908
V30_HF_NH3_9-,-4273.071670669742,-4273.068565803126
V30_N2_Ar,-17335.297529297364,-17334.18488829793
V30_N2_Ar_2+,-17335.298163338415,-17334.1854886433
V30_N2_Ar_2-,-17335.296874295593,-17334.1842662657
V30_N2_N2,-5962.143690316105,-5962.143732789151
V30_N2_N2_3+,-5962.143669042718,-5962.143705616639
V30_N2_N2_3-,-5962.14369748552,-5962.143745807142
V30_N2_N2_4+,-5962.142770236881,-5962.142805644929
V30_N2_N2_4-,-5962.144589387112,-5962.1446393027245
V30_N2_N2_5+,-5962.143679804558,-5962.143722476909
V30_N2_N2_5-,-5962.143679804558,-5962.143722476909
V30_NH3_Ar,-15893.074674441767,-15891.939950741396
V30_NH3_Ar_0+,-15893.074651122886,-15891.939850742727
V30_NH3_Ar_0-,-15893.07469734437,-15891.940050916372
V30_NH3_Ar_1+,-15893.074675266338,-15891.939952474419
V30_NH3_Ar_1-,-15893.074675266338,-15891.939952474419
V30_NH3_Ar_2+,-15893.07464821266,-15891.940022757903
V30_NH3_Ar_2-,-15893.074701547199,-15891.939883131625
V30_NH3_Ar_3+,-15893.074620082725,-15891.939908895842
V30_NH3_Ar_3-,-15893.074724812452,-15891.939988667238
V30_NH3_Ar_4+,-15893.074669829834,-15891.939970702468
V30_NH3_Ar_4-,-15893.074669030646,-15891.939920926665
V30_NH3_Ar_5+,-15893.07466941534,-15891.939945814998
V30_NH3_Ar_5-,-15893.07466941534,-15891.939945814998
V30_NH3_Ar_6+,-15893.074695843772,-15891.940018595442
V30_NH3_Ar_6-,-15893.074608749637,-15891.939838897206
V30_NH3_Ar_7+,-15893.074651957248,-15891.939908954906
V30_NH3_Ar_7-,-15893.0746496322,-15891.939945542648
V30_NH3_Ar_8+,-15893.074650845665,-15891.939927322277
V30_NH3_Ar_8-,-15893.074650845665,-15891.939927322277
V30_NH3_NH3,-3077.7655351515923,-3077.7622590642977
V30_NH3_NH3_0+,-3077.765538075633,-3077.7622882895676
V30_NH3_NH3_0-,-3077.765533343049,-3077.762231110518
V30_NH3_NH3_1+,-3077.765535993652,-3077.762259926046
V30_NH3_NH3_1-,-3077.765535993652,-3077.762259926046
V30_NH3_NH3_10+,-3077.765524189924,-3077.762249310495
V30_NH3_NH3_10-,-3077.765535952384,-3077.7622586438156
V30_NH3_NH3_11+,-3077.76552998107,-3077.7622538865435
V30_NH3_NH3_11-,-3077.76552998107,-3077.7622538865435
V30_NH3_NH3_12+,-3077.7654534125745,-3077.7621788588103
V30_NH3_NH3_12-,-3077.7655730704964,-3077.76229507759
V30_NH3_NH3_13+,-3077.76555745679,-3077.7622838272882
V30_NH3_NH3_13-,-3077.765468408014,-3077.7621894620456
V30_NH3_NH3_14+,-3077.7655139951135,-3077.7622407623057
V30_NH3_NH3_14-,-3077.765509647946,-3077.762230351388
V30_NH3_NH3_15+,-3077.7655152974166,-3077.7622403699747
V30_NH3_NH3_15-,-3077.7655076114415,-3077.7622300705957
V30_NH3_NH3_16+,-3077.765511556732,-3077.7622352844764
V30_NH3_NH3_16-,-3077.765511556732,-3077.7622352844764
V30_NH3_NH3_17+,-3077.7655114920176,-3077.76223518339
V30_NH3_NH3_17-,-3077.7655114920176,-3077.76223518339
V30_NH3_NH3_2+,-3077.765535110879,-3077.7622590322917
V30_NH3_NH3_2-,-3077.765535110879,-3077.7622590322917
V30_NH3_NH3_3+,-3077.765532142966,-3077.7622597390878
V30_NH3_NH3_3-,-3077.765537499281,-3077.7622577122493
V30_NH3_NH3_4+,-3077.765534398967,-3077.7622583022685
V30_NH3_NH3_4-,-3077.765534398967,-3077.7622583022685
V30_NH3_NH3_5+,-3077.765569704043,-3077.762289522239
V30_NH3_NH3_5-,-3077.7654958398202,-3077.762223796249
V30_NH3_NH3_6+,-3077.765517340276,-3077.7622398688404
V30_NH3_NH3_6-,-3077.765548803234,-3077.762274103224
V30_NH3_NH3_7+,-3077.7656115394107,-3077.76233705364
V30_NH3_NH3_7-,-3077.765454470859,-3077.7621767776227
V30_NH3_NH3_8+,-3077.7655320787608,-3077.7622531981847
V30_NH3_NH3_8-,-3077.765528235163,-3077.762254942512
V30_NH3_NH3_9+,-3077.7655300952724,-3077.7622539869076
V30_NH3_NH3_9-,-3077.7655300952724,-3077.7622539869076
