Molecule,charge,multiplicity,num_atoms,fd_step,field_au_x,field_au_y,field_au_z,field_VA_x,field_VA_y,field_VA_z,mace-polar-1-s,mace-polar-1-m,mace-polar-1-l
Pol130_AlF,0,1,2,0.01,0.0,0.0,0.0,0.0,0.0,0.0,-9315.703105914257,-9315.835157189402,-9315.715865365904
Pol130_AlF0+,0,1,2,0.01,0.01,0.0,0.0,0.514220674763,0.0,0.0,-9315.703105914257,-9315.835157189402,-9315.715865365904
Pol130_AlF0-,0,1,2,0.01,-0.01,0.0,0.0,-0.514220674763,0.0,0.0,-9315.703105914257,-9315.835157189402,-9315.715865365904
Pol130_AlF2+,0,1,2,0.01,0.0,0.0,0.01,0.0,0.0,0.514220674763,-9316.02552943597,-9315.912650341437,-9315.890967088906
Pol130_AlF2-,0,1,2,0.01,0.0,0.0,-0.01,0.0,0.0,-0.514220674763,-9315.374799934809,-9315.821437789333,-9315.571575756867
Pol130_Ar,0,1,1,0.01,0.0,0.0,0.0,0.0,0.0,0.0,-14354.916226271584,-14354.290338220077,-14354.278956198292
Pol130_Ar0+,0,1,1,0.01,0.01,0.0,0.0,0.514220674763,0.0,0.0,-14354.916226271584,-14354.290338220077,-14354.278956198292
Pol130_Ar0-,0,1,1,0.01,-0.01,0.0,0.0,-0.514220674763,0.0,0.0,-14354.916226271584,-14354.290338220077,-14354.278956198292
Pol130_BF,0,1,2,0.01,0.0,0.0,0.0,0.0,0.0,0.0,-3392.5326942998795,-3393.0018438996954,-3393.088093600516
Pol130_BF0+,0,1,2,0.01,0.01,0.0,0.0,0.514220674763,0.0,0.0,-3392.5326942998795,-3393.0018438996954,-3393.088093600516
Pol130_BF0-,0,1,2,0.01,-0.01,0.0,0.0,-0.514220674763,0.0,0.0,-3392.5326942998795,-3393.0018438996954,-3393.088093600516
Pol130_BF2+,0,1,2,0.01,0.0,0.0,0.01,0.0,0.0,0.514220674763,-3392.565756626168,-3392.8558434789293,-3392.9965456556956
Pol130_BF2-,0,1,2,0.01,0.0,0.0,-0.01,0.0,0.0,-0.514220674763,-3392.496113596241,-3393.1476817599782,-3393.195584881496
Pol130_BH2,0,2,3,0.01,0.0,0.0,0.0,0.0,0.0,0.0,-704.8131283190514,-704.9199812862175,-705.0558427542181
Pol130_BH20+,0,2,3,0.01,0.01,0.0,0.0,0.514220674763,0.0,0.0,-704.8131283190514,-704.9199812862175,-705.0558427542181
Pol130_BH20-,0,2,3,0.01,-0.01,0.0,0.0,-0.514220674763,0.0,0.0,-704.8131283190514,-704.9199812862175,-705.0558427542181
Pol130_BH21+,0,2,3,0.01,0.0,0.01,0.0,0.0,0.514220674763,0.0,-704.8074595194876,-704.9688790154141,-704.9890860226006
Pol130_BH21-,0,2,3,0.01,0.0,-0.01,0.0,0.0,-0.514220674763,0.0,-704.8182569928628,-704.8652946494441,-705.1310471349993
Pol130_BH22+,0,2,3,0.01,0.0,0.0,0.01,0.0,0.0,0.514220674763,-704.8093972581569,-704.9372404687673,-705.0560000724288
Pol130_BH22-,0,2,3,0.01,0.0,0.0,-0.01,0.0,0.0,-0.514220674763,-704.8093972581569,-704.9367127356279,-705.0542774779195
Pol130_BH2Cl,0,1,4,0.01,0.0,0.0,0.0,0.0,0.0,0.0,-13231.399719664758,-13231.384138745116,-13231.382468427186
Pol130_BH2Cl0+,0,1,4,0.01,0.01,0.0,0.0,0.514220674763,0.0,0.0,-13231.399719664758,-13231.384138745116,-13231.382468427186
Pol130_BH2Cl0-,0,1,4,0.01,-0.01,0.0,0.0,-0.514220674763,0.0,0.0,-13231.399719664758,-13231.384138745116,-13231.382468427186
Pol130_BH2Cl1+,0,1,4,0.01,0.0,0.01,0.0,0.0,0.514220674763,0.0,-13231.395722630008,-13231.408070237374,-13231.408688817923
Pol130_BH2Cl1-,0,1,4,0.01,0.0,-0.01,0.0,0.0,-0.514220674763,0.0,-13231.395722630008,-13231.408281943643,-13231.408721660298
Pol130_BH2Cl2+,0,1,4,0.01,0.0,0.0,0.01,0.0,0.0,0.514220674763,-13231.468395111773,-13231.482142300018,-13231.494481606525
Pol130_BH2Cl2-,0,1,4,0.01,0.0,0.0,-0.01,0.0,0.0,-0.514220674763,-13231.31645430248,-13231.382261027751,-13231.344519746734
Pol130_BH2F,0,1,4,0.01,0.0,0.0,0.0,0.0,0.0,0.0,-3426.870381121034,-3426.85725498447,-3426.854096993249
Pol130_BH2F0+,0,1,4,0.01,0.01,0.0,0.0,0.514220674763,0.0,0.0,-3426.870381121034,-3426.85725498447,-3426.854096993249
Pol130_BH2F0-,0,1,4,0.01,-0.01,0.0,0.0,-0.514220674763,0.0,0.0,-3426.870381121034,-3426.85725498447,-3426.854096993249
Pol130_BH2F1+,0,1,4,0.01,0.0,0.01,0.0,0.0,0.514220674763,0.0,-3426.866502248951,-3426.8842786936207,-3426.883229783688
Pol130_BH2F1-,0,1,4,0.01,0.0,-0.01,0.0,0.0,-0.514220674763,0.0,-3426.866502248951,-3426.8844432321034,-3426.8832696456393
Pol130_BH2F2+,0,1,4,0.01,0.0,0.0,0.01,0.0,0.0,0.514220674763,-3426.933757613386,-3426.9348757814214,-3426.947321263452
Pol130_BH2F2-,0,1,4,0.01,0.0,0.0,-0.01,0.0,0.0,-0.514220674763,-3426.800782264522,-3426.8291674171887,-3426.8050664775683
Pol130_BH3,0,1,4,0.01,0.0,0.0,0.0,0.0,0.0,0.0,-723.3424004579857,-723.3459736310379,-723.3606517264321
Pol130_BH30+,0,1,4,0.01,0.01,0.0,0.0,0.514220674763,0.0,0.0,-723.3387353798115,-723.3751560653836,-723.3849813921901
Pol130_BH30-,0,1,4,0.01,-0.01,0.0,0.0,-0.514220674763,0.0,0.0,-723.3387353798115,-723.3753783413189,-723.3850322712157
Pol130_BH32+,0,1,4,0.01,0.0,0.0,0.01,0.0,0.0,0.514220674763,-723.3424004579857,-723.3459736310379,-723.3606517264321
Pol130_BH32-,0,1,4,0.01,0.0,0.0,-0.01,0.0,0.0,-0.514220674763,-723.3424004579857,-723.3459736310379,-723.3606517264321
Pol130_BHF2,0,1,4,0.01,0.0,0.0,0.0,0.0,0.0,0.0,-6130.443413699993,-6130.463436459121,-6130.456532473641
Pol130_BHF20+,0,1,4,0.01,0.01,0.0,0.0,0.514220674763,0.0,0.0,-6130.443413699993,-6130.463436459121,-6130.456532473641
Pol130_BHF20-,0,1,4,0.01,-0.01,0.0,0.0,-0.514220674763,0.0,0.0,-6130.443413699993,-6130.463436459121,-6130.456532473641
Pol130_BHF21+,0,1,4,0.01,0.0,0.01,0.0,0.0,0.514220674763,0.0,-6130.440720620271,-6130.486411688928,-6130.477319151164
Pol130_BHF21-,0,1,4,0.01,0.0,-0.01,0.0,0.0,-0.514220674763,0.0,-6130.440720620271,-6130.486505543847,-6130.477343953363
Pol130_BHF22+,0,1,4,0.01,0.0,0.0,0.01,0.0,0.0,0.514220674763,-6130.363027893404,-6130.405166447759,-6130.4156659433365
Pol130_BHF22-,0,1,4,0.01,0.0,0.0,-0.01,0.0,0.0,-0.514220674763,-6130.516735862767,-6130.567472489855,-6130.547123293418
Pol130_BO,0,2,2,0.01,0.0,0.0,0.0,0.0,0.0,0.0,-2721.5795043742105,-2721.717901212485,-2721.7121181387206
Pol130_BO0+,0,2,2,0.01,0.01,0.0,0.0,0.514220674763,0.0,0.0,-2721.5795043742105,-2721.717901212485,-2721.7121181387206
Pol130_BO0-,0,2,2,0.01,-0.01,0.0,0.0,-0.514220674763,0.0,0.0,-2721.5795043742105,-2721.717901212485,-2721.7121181387206
Pol130_BO2+,0,2,2,0.01,0.0,0.0,0.01,0.0,0.0,0.514220674763,-2721.6741817662787,-2721.939719175461,-2721.9539277160156
Pol130_BO2-,0,2,2,0.01,0.0,0.0,-0.01,0.0,0.0,-0.514220674763,-2721.4835883111723,-2721.5398616269085,-2721.4759173436455
Pol130_BS,0,2,2,0.01,0.0,0.0,0.0,0.0,0.0,0.0,-11508.402397391303,-11508.775216674323,-11508.715149827036
Pol130_BS0+,0,2,2,0.01,0.01,0.0,0.0,0.514220674763,0.0,0.0,-11508.402397391303,-11508.775216674323,-11508.715149827036
Pol130_BS0-,0,2,2,0.01,-0.01,0.0,0.0,-0.514220674763,0.0,0.0,-11508.402397391303,-11508.775216674323,-11508.715149827036
Pol130_BS2+,0,2,2,0.01,0.0,0.0,0.01,0.0,0.0,0.514220674763,-11508.440783228705,-11508.654415388863,-11508.766964729499
Pol130_BS2-,0,2,2,0.01,0.0,0.0,-0.01,0.0,0.0,-0.514220674763,-11508.36244743983,-11508.904962711757,-11508.76506397775
Pol130_Be,0,1,1,0.01,0.0,0.0,0.0,0.0,0.0,0.0,-398.65055868721123,-398.72386904918955,-398.588073475541
Pol130_Be0+,0,1,1,0.01,0.01,0.0,0.0,0.514220674763,0.0,0.0,-398.65055868721123,-398.72386904918955,-398.588073475541
Pol130_Be0-,0,1,1,0.01,-0.01,0.0,0.0,-0.514220674763,0.0,0.0,-398.65055868721123,-398.72386904918955,-398.588073475541
Pol130_BeH,0,2,2,0.01,0.0,0.0,0.0,0.0,0.0,0.0,-414.63924756095577,-414.6205524109667,-414.5501140440513
Pol130_BeH0+,0,2,2,0.01,0.01,0.0,0.0,0.514220674763,0.0,0.0,-414.63924756095577,-414.6205524109667,-414.5501140440513
Pol130_BeH0-,0,2,2,0.01,-0.01,0.0,0.0,-0.514220674763,0.0,0.0,-414.63924756095577,-414.6205524109667,-414.5501140440513
Pol130_BeH2,0,1,3,0.01,0.0,0.0,0.0,0.0,0.0,0.0,-431.6559949374315,-432.4789186847416,-432.2972552112584
Pol130_BeH2+,0,2,2,0.01,0.0,0.0,0.01,0.0,0.0,0.514220674763,-414.40665740482365,-414.5050344553672,-414.5749676204784
Pol130_BeH2-,0,2,2,0.01,0.0,0.0,-0.01,0.0,0.0,-0.514220674763,-414.8669902699572,-414.7608486608796,-414.6337797612272
Pol130_BeH21+,0,1,3,0.01,0.0,0.01,0.0,0.0,0.514220674763,0.0,-431.6559949374315,-432.4789186847416,-432.2972552112584
Pol130_BeH21-,0,1,3,0.01,0.0,-0.01,0.0,0.0,-0.514220674763,0.0,-431.6559949374315,-432.4789186847416,-432.2972552112584
Pol130_BeH22+,0,1,3,0.01,0.0,0.0,0.01,0.0,0.0,0.514220674763,-431.6460035670531,-432.54305889301713,-432.35048644725333
Pol130_BeH22-,0,1,3,0.01,0.0,0.0,-0.01,0.0,0.0,-0.514220674763,-431.6460035670531,-432.5462922646586,-432.35254211420045
Pol130_C2H,0,2,3,0.01,0.0,0.0,0.0,0.0,0.0,0.0,-2084.2099074321554,-2084.3711259732327,-2084.4245279157976
Pol130_C2H0+,0,2,3,0.01,0.01,0.0,0.0,0.514220674763,0.0,0.0,-2084.2099074321554,-2084.3711259732327,-2084.4245279157976
Pol130_C2H0-,0,2,3,0.01,-0.01,0.0,0.0,-0.514220674763,0.0,0.0,-2084.2099074321554,-2084.3711259732327,-2084.4245279157976
Pol130_C2H2,0,1,4,0.01,0.0,0.0,0.0,0.0,0.0,0.0,-2104.1033022452484,-2104.1058804463073,-2104.1075852081563
Pol130_C2H2+,0,2,3,0.01,0.0,0.0,0.01,0.0,0.0,0.514220674763,-2084.117168813983,-2084.2865197543374,-2084.5330622898655
Pol130_C2H2-,0,2,3,0.01,0.0,0.0,-0.01,0.0,0.0,-0.514220674763,-2084.2866781929165,-2084.5204893312366,-2084.381103178971
Pol130_C2H20+,0,1,4,0.01,0.01,0.0,0.0,0.514220674763,0.0,0.0,-2104.1033022452484,-2104.1058804463073,-2104.1075852081563
Pol130_C2H20-,0,1,4,0.01,-0.01,0.0,0.0,-0.514220674763,0.0,0.0,-2104.1033022452484,-2104.1058804463073,-2104.1075852081563
Pol130_C2H22+,0,1,4,0.01,0.0,0.0,0.01,0.0,0.0,0.514220674763,-2104.092384994041,-2104.16758806009,-2104.1590024217357
Pol130_C2H22-,0,1,4,0.01,0.0,0.0,-0.01,0.0,0.0,-0.514220674763,-2104.092384994041,-2104.1676901801247,-2104.15904198297
Pol130_C2H3,0,2,5,0.01,0.0,0.0,0.0,0.0,0.0,0.0,-2119.205878937146,-2119.3279622222444,-2119.330554215703
Pol130_C2H30+,0,2,5,0.01,0.01,0.0,0.0,0.514220674763,0.0,0.0,-2119.245250650178,-2119.4094005940738,-2119.4490156795996
Pol130_C2H30-,0,2,5,0.01,-0.01,0.0,0.0,-0.514220674763,0.0,0.0,-2119.1591711556175,-2119.3004817429846,-2119.2511225632193
Pol130_C2H31+,0,2,5,0.01,0.0,0.01,0.0,0.0,0.514220674763,0.0,-2119.2109551431085,-2119.392106845126,-2119.3837535414527
Pol130_C2H31-,0,2,5,0.01,0.0,-0.01,0.0,0.0,-0.514220674763,0.0,-2119.181574347756,-2119.347644115475,-2119.3461058366397
Pol130_C2H32+,0,2,5,0.01,0.0,0.0,0.01,0.0,0.0,0.514220674763,-2119.205878937146,-2119.3279622222444,-2119.330554215703
Pol130_C2H32-,0,2,5,0.01,0.0,0.0,-0.01,0.0,0.0,-0.514220674763,-2119.205878937146,-2119.3279622222444,-2119.330554215703
Pol130_C2H4,0,1,6,0.01,0.0,0.0,0.0,0.0,0.0,0.0,-2137.8915447679815,-2137.8936171957166,-2137.893647487361
Pol130_C2H40+,0,1,6,0.01,0.01,0.0,0.0,0.514220674763,0.0,0.0,-2137.8915447679815,-2137.8936171957166,-2137.893647487361
Pol130_C2H40-,0,1,6,0.01,-0.01,0.0,0.0,-0.514220674763,0.0,0.0,-2137.8915447679815,-2137.8936171957166,-2137.893647487361
Pol130_C2H41+,0,1,6,0.01,0.0,0.01,0.0,0.0,0.514220674763,0.0,-2137.887847102004,-2137.9338368147874,-2137.9347799957613
Pol130_C2H41-,0,1,6,0.01,0.0,-0.01,0.0,0.0,-0.514220674763,0.0,-2137.887847102004,-2137.933741763938,-2137.934721142393
Pol130_C2H42+,0,1,6,0.01,0.0,0.0,0.01,0.0,0.0,0.514220674763,-2137.8854097085336,-2137.954180303912,-2137.948076262003
Pol130_C2H42-,0,1,6,0.01,0.0,0.0,-0.01,0.0,0.0,-0.514220674763,-2137.8854097085336,-2137.9541447936326,-2137.9480717529973
Pol130_CH2-t,0,3,3,0.01,0.0,0.0,0.0,0.0,0.0,0.0,-1065.19549606496,-1065.0374767152357,-1064.9169016184205
Pol130_CH2-t0+,0,3,3,0.01,0.01,0.0,0.0,0.514220674763,0.0,0.0,-1065.19549606496,-1065.0374767152357,-1064.9169016184205
Pol130_CH2-t0-,0,3,3,0.01,-0.01,0.0,0.0,-0.514220674763,0.0,0.0,-1065.19549606496,-1065.0374767152357,-1064.9169016184205
Pol130_CH2-t1+,0,3,3,0.01,0.0,0.01,0.0,0.0,0.514220674763,0.0,-1065.1935915125,-1065.0532940809082,-1064.9511092635387
Pol130_CH2-t1-,0,3,3,0.01,0.0,-0.01,0.0,0.0,-0.514220674763,0.0,-1065.1935915125,-1065.0521059592145,-1064.9499627609184
Pol130_CH2-t2+,0,3,3,0.01,0.0,0.0,0.01,0.0,0.0,0.514220674763,-1065.2449698460598,-1065.0284286658907,-1064.9792290417402
Pol130_CH2-t2-,0,3,3,0.01,0.0,0.0,-0.01,0.0,0.0,-0.514220674763,-1065.1459035107418,-1065.0439526410892,-1064.8639875805334
Pol130_CH2BH,0,1,5,0.01,0.0,0.0,0.0,0.0,0.0,0.0,-1759.585290616363,-1759.6380122184876,-1759.6615504307786
Pol130_CH2BH0+,0,1,5,0.01,0.01,0.0,0.0,0.514220674763,0.0,0.0,-1759.585290616363,-1759.6380122184876,-1759.6615504307786
Pol130_CH2BH0-,0,1,5,0.01,-0.01,0.0,0.0,-0.514220674763,0.0,0.0,-1759.585290616363,-1759.6380122184876,-1759.6615504307786
Pol130_CH2BH1+,0,1,5,0.01,0.0,0.01,0.0,0.0,0.514220674763,0.0,-1759.5821770058797,-1759.6590287636564,-1759.6830321452014
Pol130_CH2BH1-,0,1,5,0.01,0.0,-0.01,0.0,0.0,-0.514220674763,0.0,-1759.5821770058797,-1759.6588803718598,-1759.6829216718165
Pol130_CH2BH2+,0,1,5,0.01,0.0,0.0,0.01,0.0,0.0,0.514220674763,-1759.6752637700888,-1759.720127096209,-1759.7579624603666
Pol130_CH2BH2-,0,1,5,0.01,0.0,0.0,-0.01,0.0,0.0,-0.514220674763,-1759.467964914397,-1759.6772686225802,-1759.670645209916
Pol130_CH2F,0,2,4,0.01,0.0,0.0,0.0,0.0,0.0,0.0,-3784.558352589468,-3784.590279007903,-3784.581322860669
Pol130_CH2F0+,0,2,4,0.01,0.01,0.0,0.0,0.514220674763,0.0,0.0,-3784.5296660165127,-3784.5328047222747,-3784.526323997395
Pol130_CH2F0-,0,2,4,0.01,-0.01,0.0,0.0,-0.514220674763,0.0,0.0,-3784.58688355493,-3784.649513052841,-3784.636495990964
Pol130_CH2F1+,0,2,4,0.01,0.0,0.01,0.0,0.0,0.514220674763,0.0,-3784.439534764065,-3784.445945120219,-3784.4557201038365
Pol130_CH2F1-,0,2,4,0.01,0.0,-0.01,0.0,0.0,-0.514220674763,0.0,-3784.673239855159,-3784.755190691781,-3784.7462900935952
Pol130_CH2F2+,0,2,4,0.01,0.0,0.0,0.01,0.0,0.0,0.514220674763,-3784.5558188885116,-3784.6171471144544,-3784.595463634405
Pol130_CH2F2-,0,2,4,0.01,0.0,0.0,-0.01,0.0,0.0,-0.514220674763,-3784.5558188885116,-3784.6165707205464,-3784.594745104777
Pol130_CH2NH,0,1,5,0.01,0.0,0.0,0.0,0.0,0.0,0.0,-2574.8196051572036,-2574.821808944652,-2574.8199276642267
Pol130_CH2NH0+,0,1,5,0.01,0.01,0.0,0.0,0.514220674763,0.0,0.0,-2574.9090466351745,-2575.009907307173,-2575.0085843731836
Pol130_CH2NH0-,0,1,5,0.01,-0.01,0.0,0.0,-0.514220674763,0.0,0.0,-2574.7249155860595,-2574.700755208165,-2574.7008277747937
Pol130_CH2NH1+,0,1,5,0.01,0.0,0.01,0.0,0.0,0.514220674763,0.0,-2574.8196051572036,-2574.821808944652,-2574.8199276642267
Pol130_CH2NH1-,0,1,5,0.01,0.0,-0.01,0.0,0.0,-0.514220674763,0.0,-2574.8196051572036,-2574.821808944652,-2574.8199276642267
Pol130_CH2NH2+,0,1,5,0.01,0.0,0.0,0.01,0.0,0.0,0.514220674763,-2574.6744627602047,-2574.697427408838,-2574.691393083464
Pol130_CH2NH2-,0,1,5,0.01,0.0,0.0,-0.01,0.0,0.0,-0.514220674763,-2574.957701250286,-2575.0308385202857,-2575.0367208716375
Pol130_CH2PH,0,1,5,0.01,0.0,0.0,0.0,0.0,0.0,0.0,-10372.917468554093,-10372.907575386185,-10372.90406477946
Pol130_CH2PH0+,0,1,5,0.01,0.01,0.0,0.0,0.514220674763,0.0,0.0,-10372.846892453028,-10372.88937641331,-10372.868046532436
Pol130_CH2PH0-,0,1,5,0.01,-0.01,0.0,0.0,-0.514220674763,0.0,0.0,-10372.972649183814,-10373.061682756284,-10373.043524535575
Pol130_CH2PH1+,0,1,5,0.01,0.0,0.01,0.0,0.0,0.514220674763,0.0,-10372.917468554093,-10372.907575386185,-10372.90406477946
Pol130_CH2PH1-,0,1,5,0.01,0.0,-0.01,0.0,0.0,-0.514220674763,0.0,-10372.917468554093,-10372.907575386185,-10372.90406477946
Pol130_CH2PH2+,0,1,5,0.01,0.0,0.0,0.01,0.0,0.0,0.514220674763,-10372.922443977723,-10372.921880273308,-10372.913951217814
Pol130_CH2PH2-,0,1,5,0.01,0.0,0.0,-0.01,0.0,0.0,-0.514220674763,-10372.902020670055,-10372.981594162706,-10372.990539020248
Pol130_CH3,0,2,4,0.01,0.0,0.0,0.0,0.0,0.0,0.0,-1083.460332634611,-1083.484739561385,-1083.4937967621631
Pol130_CH30+,0,2,4,0.01,0.01,0.0,0.0,0.514220674763,0.0,0.0,-1083.4581160519074,-1083.5099160220777,-1083.5107676427763
Pol130_CH30-,0,2,4,0.01,-0.01,0.0,0.0,-0.514220674763,0.0,0.0,-1083.4581407909636,-1083.5123142897455,-1083.5081076564627
Pol130_CH32+,0,2,4,0.01,0.0,0.0,0.01,0.0,0.0,0.514220674763,-1083.460332634611,-1083.484739561385,-1083.4937967621631
Pol130_CH32-,0,2,4,0.01,0.0,0.0,-0.01,0.0,0.0,-0.514220674763,-1083.460332634611,-1083.484739561385,-1083.4937967621631
Pol130_CH3BH2,0,1,7,0.01,0.0,0.0,0.0,0.0,0.0,0.0,-1793.44748638295,-1793.4396201836853,-1793.4588955146978
Pol130_CH3BH20+,0,1,7,0.01,0.01,0.0,0.0,0.514220674763,0.0,0.0,-1793.4414160501183,-1793.4487899579622,-1793.47313955762
Pol130_CH3BH20-,0,1,7,0.01,-0.01,0.0,0.0,-0.514220674763,0.0,0.0,-1793.4514506836038,-1793.470226804797,-1793.4853465793756
Pol130_CH3BH21+,0,1,7,0.01,0.0,0.01,0.0,0.0,0.514220674763,0.0,-1793.47881994136,-1793.572490697961,-1793.5766351888467
Pol130_CH3BH21-,0,1,7,0.01,0.0,-0.01,0.0,0.0,-0.514220674763,0.0,-1793.398066302919,-1793.4185053951553,-1793.440651702414
Pol130_CH3BH22+,0,1,7,0.01,0.0,0.0,0.01,0.0,0.0,0.514220674763,-1793.4429864847975,-1793.4838004104001,-1793.5009413439213
Pol130_CH3BH22-,0,1,7,0.01,0.0,0.0,-0.01,0.0,0.0,-0.514220674763,-1793.4429865001025,-1793.4839337731075,-1793.5009194538532
Pol130_CH3Cl,0,1,5,0.01,0.0,0.0,0.0,0.0,0.0,0.0,-13607.983824043038,-13607.983975025774,-13607.98320803864
Pol130_CH3Cl0+,0,1,5,0.01,0.01,0.0,0.0,0.514220674763,0.0,0.0,-13607.982699446908,-13608.0063922408,-13608.008777414156
Pol130_CH3Cl0-,0,1,5,0.01,-0.01,0.0,0.0,-0.514220674763,0.0,0.0,-13607.982691060983,-13608.005033516687,-13608.00669135628
Pol130_CH3Cl2+,0,1,5,0.01,0.0,0.0,0.01,0.0,0.0,0.514220674763,-13608.131964825072,-13608.237417933175,-13608.237644553621
Pol130_CH3Cl2-,0,1,5,0.01,0.0,0.0,-0.01,0.0,0.0,-0.514220674763,-13607.831055981038,-13607.834699883131,-13607.82331889136
Pol130_CH3F,0,1,5,0.01,0.0,0.0,0.0,0.0,0.0,0.0,-3802.723961677975,-3802.715740157063,-3802.722048214875
Pol130_CH3F0+,0,1,5,0.01,0.01,0.0,0.0,0.514220674763,0.0,0.0,-3802.7228315279094,-3802.736682455825,-3802.7449096072473
Pol130_CH3F0-,0,1,5,0.01,-0.01,0.0,0.0,-0.514220674763,0.0,0.0,-3802.7228315279094,-3802.736672637238,-3802.74491467407
Pol130_CH3F2+,0,1,5,0.01,0.0,0.0,0.01,0.0,0.0,0.514220674763,-3802.884007590486,-3802.93003124264,-3802.939400449771
Pol130_CH3F2-,0,1,5,0.01,0.0,0.0,-0.01,0.0,0.0,-0.514220674763,-3802.5614188855284,-3802.548115253669,-3802.5548946058593
Pol130_CH3NH2,0,1,7,0.01,0.0,0.0,0.0,0.0,0.0,0.0,-2607.9052223869817,-2607.9053433917857,-2607.907921408417
Pol130_CH3NH20+,0,1,7,0.01,0.01,0.0,0.0,0.514220674763,0.0,0.0,-2607.9469774980107,-2607.974539897623,-2607.9831499644097
Pol130_CH3NH20-,0,1,7,0.01,-0.01,0.0,0.0,-0.514220674763,0.0,0.0,-2607.8587928853985,-2607.9085941523185,-2607.920321096479
Pol130_CH3NH21+,0,1,7,0.01,0.0,0.01,0.0,0.0,0.514220674763,0.0,-2607.793323050298,-2607.7805661160187,-2607.782373044215
Pol130_CH3NH21-,0,1,7,0.01,0.0,-0.01,0.0,0.0,-0.514220674763,0.0,-2608.015267387773,-2608.0797282017725,-2608.086650383311
Pol130_CH3NH22+,0,1,7,0.01,0.0,0.0,0.01,0.0,0.0,0.514220674763,-2607.9038975405497,-2607.940156954996,-2607.9490055259052
Pol130_CH3NH22-,0,1,7,0.01,0.0,0.0,-0.01,0.0,0.0,-0.514220674763,-2607.903897541088,-2607.9400368776855,-2607.9489235664723
Pol130_CH3O,0,2,5,0.01,0.0,0.0,0.0,0.0,0.0,0.0,-3130.5211687725073,-3130.537052558125,-3130.555186094087
Pol130_CH3O0+,0,2,5,0.01,0.01,0.0,0.0,0.514220674763,0.0,0.0,-3130.520069842375,-3130.5552574458306,-3130.5699223155866
Pol130_CH3O0-,0,2,5,0.01,-0.01,0.0,0.0,-0.514220674763,0.0,0.0,-3130.520069842375,-3130.554773489168,-3130.569711812931
Pol130_CH3O2+,0,2,5,0.01,0.0,0.0,0.01,0.0,0.0,0.514220674763,-3130.6816345617053,-3130.723378420388,-3130.7463474308597
Pol130_CH3O2-,0,2,5,0.01,0.0,0.0,-0.01,0.0,0.0,-0.514220674763,-3130.353894363319,-3130.3635516976624,-3130.3788179280245
Pol130_CH3OH,0,1,6,0.01,0.0,0.0,0.0,0.0,0.0,0.0,-3148.8076198797494,-3148.80300712964,-3148.8047394053124
Pol130_CH3OH0+,0,1,6,0.01,0.01,0.0,0.0,0.514220674763,0.0,0.0,-3148.686848306956,-3148.6807447202214,-3148.681971156154
Pol130_CH3OH0-,0,1,6,0.01,-0.01,0.0,0.0,-0.514220674763,0.0,0.0,-3148.925974019569,-3148.9819538512406,-3148.9890997636526
Pol130_CH3OH1+,0,1,6,0.01,0.0,0.01,0.0,0.0,0.514220674763,0.0,-3148.703728367208,-3148.7231760512686,-3148.729440702121
Pol130_CH3OH1-,0,1,6,0.01,0.0,-0.01,0.0,0.0,-0.514220674763,0.0,-3148.908430841244,-3148.9425337469097,-3148.9498091598616
Pol130_CH3OH2+,0,1,6,0.01,0.0,0.0,0.01,0.0,0.0,0.514220674763,-3148.806699150072,-3148.8256786038246,-3148.8281975515315
Pol130_CH3OH2-,0,1,6,0.01,0.0,0.0,-0.01,0.0,0.0,-0.514220674763,-3148.806699150072,-3148.8256380891135,-3148.8281795104185
Pol130_CH3SH,0,1,6,0.01,0.0,0.0,0.0,0.0,0.0,0.0,-11936.861145569424,-11936.855323068989,-11936.860138766393
Pol130_CH3SH0+,0,1,6,0.01,0.01,0.0,0.0,0.514220674763,0.0,0.0,-11936.962117920426,-11937.041133166469,-11937.04671527386
Pol130_CH3SH0-,0,1,6,0.01,-0.01,0.0,0.0,-0.514220674763,0.0,0.0,-11936.751901270925,-11936.782341739474,-11936.775447260514
Pol130_CH3SH1+,0,1,6,0.01,0.0,0.01,0.0,0.0,0.514220674763,0.0,-11936.78600633674,-11936.778567805728,-11936.777838922593
Pol130_CH3SH1-,0,1,6,0.01,0.0,-0.01,0.0,0.0,-0.514220674763,0.0,-11936.933168806036,-11937.001194068926,-11937.010215194658
Pol130_CH3SH2+,0,1,6,0.01,0.0,0.0,0.01,0.0,0.0,0.514220674763,-11936.845205834143,-11936.85511816422,-11936.859026376767
Pol130_CH3SH2-,0,1,6,0.01,0.0,0.0,-0.01,0.0,0.0,-0.514220674763,-11936.874181671474,-11936.90782893271,-11936.914765516467
Pol130_CH4,0,1,5,0.01,0.0,0.0,0.0,0.0,0.0,0.0,-1101.818793120731,-1101.8150801389886,-1101.8121607019048
Pol130_CH40+,0,1,5,0.01,0.01,0.0,0.0,0.514220674763,0.0,0.0,-1101.8179231145198,-1101.8317814503318,-1101.8345559628965
Pol130_CH40-,0,1,5,0.01,-0.01,0.0,0.0,-0.514220674763,0.0,0.0,-1101.8179231145198,-1101.8317198843235,-1101.83451542117
Pol130_CN,0,2,2,0.01,0.0,0.0,0.0,0.0,0.0,0.0,-2522.454147672518,-2522.765496266168,-2522.797688737921
Pol130_CN0+,0,2,2,0.01,0.01,0.0,0.0,0.514220674763,0.0,0.0,-2522.454147672518,-2522.765496266168,-2522.797688737921
Pol130_CN0-,0,2,2,0.01,-0.01,0.0,0.0,-0.514220674763,0.0,0.0,-2522.454147672518,-2522.765496266168,-2522.797688737921
Pol130_CN2+,0,2,2,0.01,0.0,0.0,0.01,0.0,0.0,0.514220674763,-2522.4696011501915,-2522.5925779397107,-2522.4722068404435
Pol130_CN2-,0,2,2,0.01,0.0,0.0,-0.01,0.0,0.0,-0.514220674763,-2522.436071171979,-2522.95848596048,-2523.165058421167
Pol130_CO,0,1,2,0.01,0.0,0.0,0.0,0.0,0.0,0.0,-3084.109389365427,-3084.1101493677825,-3084.1214177358193
Pol130_CO0+,0,1,2,0.01,0.01,0.0,0.0,0.514220674763,0.0,0.0,-3084.109389365427,-3084.1101493677825,-3084.1214177358193
Pol130_CO0-,0,1,2,0.01,-0.01,0.0,0.0,-0.514220674763,0.0,0.0,-3084.109389365427,-3084.1101493677825,-3084.1214177358193
Pol130_CO2,0,1,3,0.01,0.0,0.0,0.0,0.0,0.0,0.0,-5132.734886010092,-5132.732011476481,-5132.7353613957475
Pol130_CO2+,0,1,2,0.01,0.0,0.0,0.01,0.0,0.0,0.514220674763,-3084.1407740877594,-3084.1137658025314,-3084.1237116538027
Pol130_CO2-,0,1,2,0.01,0.0,0.0,-0.01,0.0,0.0,-0.514220674763,-3084.0761149456134,-3084.117407622587,-3084.154117572264
Pol130_CO20+,0,1,3,0.01,0.01,0.0,0.0,0.514220674763,0.0,0.0,-5132.734886010092,-5132.732011476481,-5132.7353613957475
Pol130_CO20-,0,1,3,0.01,-0.01,0.0,0.0,-0.514220674763,0.0,0.0,-5132.734886010092,-5132.732011476481,-5132.7353613957475
Pol130_CO22+,0,1,3,0.01,0.0,0.0,0.01,0.0,0.0,0.514220674763,-5132.730230641494,-5132.775462711495,-5132.75949091729
Pol130_CO22-,0,1,3,0.01,0.0,0.0,-0.01,0.0,0.0,-0.514220674763,-5132.730230641494,-5132.776111626244,-5132.7596893692935
Pol130_CS,0,1,2,0.01,0.0,0.0,0.0,0.0,0.0,0.0,-11869.913013084066,-11869.926114531978,-11869.933245702647
Pol130_CS0+,0,1,2,0.01,0.01,0.0,0.0,0.514220674763,0.0,0.0,-11869.913013084066,-11869.926114531978,-11869.933245702647
Pol130_CS0-,0,1,2,0.01,-0.01,0.0,0.0,-0.514220674763,0.0,0.0,-11869.913013084066,-11869.926114531978,-11869.933245702647
Pol130_CS2+,0,1,2,0.01,0.0,0.0,0.01,0.0,0.0,0.514220674763,-11869.832007439105,-11869.761646239858,-11869.761646322147
Pol130_CS2-,0,1,2,0.01,0.0,0.0,-0.01,0.0,0.0,-0.514220674763,-11869.98658404321,-11870.134394740204,-11870.169044720851
Pol130_CSO,0,1,3,0.01,0.0,0.0,0.0,0.0,0.0,0.0,-13920.068875534393,-13920.074864037431,-13920.070718533843
Pol130_CSO0+,0,1,3,0.01,0.01,0.0,0.0,0.514220674763,0.0,0.0,-13920.068875534393,-13920.074864037431,-13920.070718533843
Pol130_CSO0-,0,1,3,0.01,-0.01,0.0,0.0,-0.514220674763,0.0,0.0,-13920.068875534393,-13920.074864037431,-13920.070718533843
Pol130_CSO2+,0,1,3,0.01,0.0,0.0,0.01,0.0,0.0,0.514220674763,-13920.089697043231,-13920.226051500276,-13920.17335143185
Pol130_CSO2-,0,1,3,0.01,0.0,0.0,-0.01,0.0,0.0,-0.514220674763,-13920.023166919547,-13920.051394117214,-13920.052748688688
Pol130_Cl2,0,1,2,0.01,0.0,0.0,0.0,0.0,0.0,0.0,-25043.959914449315,-25043.965708708794,-25043.9572873254
Pol130_Cl20+,0,1,2,0.01,0.01,0.0,0.0,0.514220674763,0.0,0.0,-25043.959914449315,-25043.965708708794,-25043.9572873254
Pol130_Cl20-,0,1,2,0.01,-0.01,0.0,0.0,-0.514220674763,0.0,0.0,-25043.959914449315,-25043.965708708794,-25043.9572873254
Pol130_Cl22+,0,1,2,0.01,0.0,0.0,0.01,0.0,0.0,0.514220674763,-25043.957370200937,-25044.028651707322,-25043.986758501742
Pol130_Cl22-,0,1,2,0.01,0.0,0.0,-0.01,0.0,0.0,-0.514220674763,-25043.957370200937,-25044.02862658398,-25043.98670662371
Pol130_ClCN,0,1,3,0.01,0.0,0.0,0.0,0.0,0.0,0.0,-15048.48368974934,-15048.475935842016,-15048.48418157809
Pol130_ClCN0+,0,1,3,0.01,0.01,0.0,0.0,0.514220674763,0.0,0.0,-15048.48368974934,-15048.475935842016,-15048.48418157809
Pol130_ClCN0-,0,1,3,0.01,-0.01,0.0,0.0,-0.514220674763,0.0,0.0,-15048.48368974934,-15048.475935842016,-15048.48418157809
Pol130_ClCN2+,0,1,3,0.01,0.0,0.0,0.01,0.0,0.0,0.514220674763,-15048.241011598599,-15048.223692944232,-15048.210313777548
Pol130_ClCN2-,0,1,3,0.01,0.0,0.0,-0.01,0.0,0.0,-0.514220674763,-15048.706940280403,-15048.856637817084,-15048.864011430915
Pol130_ClF,0,1,2,0.01,0.0,0.0,0.0,0.0,0.0,0.0,-15237.656598038797,-15237.650781849483,-15237.659728307528
Pol130_ClF1+,0,1,2,0.01,0.0,0.01,0.0,0.0,0.514220674763,0.0,-15237.656598038797,-15237.650781849483,-15237.659728307528
Pol130_ClF1-,0,1,2,0.01,0.0,-0.01,0.0,0.0,-0.514220674763,0.0,-15237.656598038797,-15237.650781849483,-15237.659728307528
Pol130_ClF2+,0,1,2,0.01,0.0,0.0,0.01,0.0,0.0,0.514220674763,-15237.572954137537,-15237.616484047901,-15237.604781071082
Pol130_ClF2-,0,1,2,0.01,0.0,0.0,-0.01,0.0,0.0,-0.514220674763,-15237.73516824546,-15237.753983902188,-15237.750296413727
Pol130_F2,0,1,2,0.01,0.0,0.0,0.0,0.0,0.0,0.0,-5430.094677832972,-5430.088820442364,-5430.081776071767
Pol130_F20+,0,1,2,0.01,0.01,0.0,0.0,0.514220674763,0.0,0.0,-5430.094677832972,-5430.088820442364,-5430.081776071767
Pol130_F20-,0,1,2,0.01,-0.01,0.0,0.0,-0.514220674763,0.0,0.0,-5430.094677832972,-5430.088820442364,-5430.081776071767
Pol130_F22+,0,1,2,0.01,0.0,0.0,0.01,0.0,0.0,0.514220674763,-5430.091816789023,-5430.128009155386,-5430.099917051496
Pol130_F22-,0,1,2,0.01,0.0,0.0,-0.01,0.0,0.0,-0.514220674763,-5430.091816789023,-5430.128074335937,-5430.099869243985
Pol130_FCN,0,1,3,0.01,0.0,0.0,0.0,0.0,0.0,0.0,-5242.959809736658,-5242.934563632763,-5242.931223501127
Pol130_FCN0+,0,1,3,0.01,0.01,0.0,0.0,0.514220674763,0.0,0.0,-5242.959809736658,-5242.934563632763,-5242.931223501127
Pol130_FCN0-,0,1,3,0.01,-0.01,0.0,0.0,-0.514220674763,0.0,0.0,-5242.959809736658,-5242.934563632763,-5242.931223501127
Pol130_FCN2+,0,1,3,0.01,0.0,0.0,0.01,0.0,0.0,0.514220674763,-5243.13075625126,-5243.227289741165,-5243.229167410366
Pol130_FCN2-,0,1,3,0.01,0.0,0.0,-0.01,0.0,0.0,-0.514220674763,-5242.773413615725,-5242.730858817957,-5242.70521194736
Pol130_FCO,0,2,3,0.01,0.0,0.0,0.0,0.0,0.0,0.0,-5799.81540507336,-5799.88575533536,-5799.889582092482
Pol130_FCO0+,0,2,3,0.01,0.01,0.0,0.0,0.514220674763,0.0,0.0,-5799.912950275219,-5800.011022080541,-5799.973965320633
Pol130_FCO0-,0,2,3,0.01,-0.01,0.0,0.0,-0.514220674763,0.0,0.0,-5799.71076289995,-5799.803450134374,-5799.81298723836
Pol130_FCO1+,0,2,3,0.01,0.0,0.01,0.0,0.0,0.514220674763,0.0,-5799.773301478265,-5799.844733069994,-5799.857633245794
Pol130_FCO1-,0,2,3,0.01,0.0,-0.01,0.0,0.0,-0.514220674763,0.0,-5799.856470442353,-5799.933520302339,-5799.913376920947
Pol130_FCO2+,0,2,3,0.01,0.0,0.0,0.01,0.0,0.0,0.514220674763,-5799.81540507336,-5799.88575533536,-5799.889582092482
Pol130_FCO2-,0,2,3,0.01,0.0,0.0,-0.01,0.0,0.0,-0.514220674763,-5799.81540507336,-5799.88575533536,-5799.889582092482
Pol130_FH-OH,0,2,4,0.01,0.0,0.0,0.0,0.0,0.0,0.0,-4794.767618583253,-4795.029928816847,-4795.016276823299
Pol130_FH-OH0+,0,2,4,0.01,0.01,0.0,0.0,0.514220674763,0.0,0.0,-4794.650453951166,-4794.850080871854,-4794.863326856288
Pol130_FH-OH0-,0,2,4,0.01,-0.01,0.0,0.0,-0.514220674763,0.0,0.0,-4794.88360413456,-4795.22651953581,-4795.180325747347
Pol130_FH-OH1+,0,2,4,0.01,0.0,0.01,0.0,0.0,0.514220674763,0.0,-4794.767618583253,-4795.029928816847,-4795.016276823299
Pol130_FH-OH1-,0,2,4,0.01,0.0,-0.01,0.0,0.0,-0.514220674763,0.0,-4794.767618583253,-4795.029928816847,-4795.016276823299
Pol130_FH-OH2+,0,2,4,0.01,0.0,0.0,0.01,0.0,0.0,0.514220674763,-4794.955483124688,-4795.42117632065,-4795.367627487895
Pol130_FH-OH2-,0,2,4,0.01,0.0,0.0,-0.01,0.0,0.0,-0.514220674763,-4794.570540957013,-4794.680269336253,-4794.695407088366
Pol130_FNO,0,1,3,0.01,0.0,0.0,0.0,0.0,0.0,0.0,-6252.169601341881,-6252.169843931992,-6252.169823230517
Pol130_FNO0+,0,1,3,0.01,0.01,0.0,0.0,0.514220674763,0.0,0.0,-6252.06502695868,-6252.094449616762,-6252.05141522921
Pol130_FNO0-,0,1,3,0.01,-0.01,0.0,0.0,-0.514220674763,0.0,0.0,-6252.263968150141,-6252.297353087208,-6252.325366744745
Pol130_FNO1+,0,1,3,0.01,0.0,0.01,0.0,0.0,0.514220674763,0.0,-6252.040478153529,-6252.075396320135,-6252.057511549252
Pol130_FNO1-,0,1,3,0.01,0.0,-0.01,0.0,0.0,-0.514220674763,0.0,-6252.296463829893,-6252.287237181853,-6252.298086250519
Pol130_FNO2+,0,1,3,0.01,0.0,0.0,0.01,0.0,0.0,0.514220674763,-6252.169601341881,-6252.169843931992,-6252.169823230517
Pol130_FNO2-,0,1,3,0.01,0.0,0.0,-0.01,0.0,0.0,-0.514220674763,-6252.169601341881,-6252.169843931992,-6252.169823230517
Pol130_H,0,2,1,0.01,0.0,0.0,0.0,0.0,0.0,0.0,-10.163159542847158,-13.567599397995911,-13.48910696279916
Pol130_H0+,0,2,1,0.01,0.01,0.0,0.0,0.514220674763,0.0,0.0,-10.163159542847158,-13.567599397995911,-13.48910696279916
Pol130_H0-,0,2,1,0.01,-0.01,0.0,0.0,-0.514220674763,0.0,0.0,-10.163159542847158,-13.567599397995911,-13.48910696279916
Pol130_H2,0,1,2,0.01,0.0,0.0,0.0,0.0,0.0,0.0,-31.58515914735506,-31.588805576903045,-31.59161700433943
Pol130_H20+,0,1,2,0.01,0.01,0.0,0.0,0.514220674763,0.0,0.0,-31.58515914735506,-31.588805576903045,-31.59161700433943
Pol130_H20-,0,1,2,0.01,-0.01,0.0,0.0,-0.514220674763,0.0,0.0,-31.58515914735506,-31.588805576903045,-31.59161700433943
Pol130_H22+,0,1,2,0.01,0.0,0.0,0.01,0.0,0.0,0.514220674763,-31.585115839264848,-31.573396974123124,-31.528782728555687
Pol130_H22-,0,1,2,0.01,0.0,0.0,-0.01,0.0,0.0,-0.514220674763,-31.585115839264848,-31.573208123373977,-31.528610390837283
Pol130_H2CN,0,2,4,0.01,0.0,0.0,0.0,0.0,0.0,0.0,-2557.0919781026323,-2557.2251343354706,-2557.2520784773997
Pol130_H2CN0+,0,2,4,0.01,0.01,0.0,0.0,0.514220674763,0.0,0.0,-2557.0919781026323,-2557.2251343354706,-2557.2520784773997
Pol130_H2CN0-,0,2,4,0.01,-0.01,0.0,0.0,-0.514220674763,0.0,0.0,-2557.0919781026323,-2557.2251343354706,-2557.2520784773997
Pol130_H2CN1+,0,2,4,0.01,0.0,0.01,0.0,0.0,0.514220674763,0.0,-2557.0886395543503,-2557.244387424093,-2557.2681415397915
Pol130_H2CN1-,0,2,4,0.01,0.0,-0.01,0.0,0.0,-0.514220674763,0.0,-2557.0886395543503,-2557.2439264383966,-2557.2678895968666
Pol130_H2CN2+,0,2,4,0.01,0.0,0.0,0.01,0.0,0.0,0.514220674763,-2557.257707441947,-2557.5461947555555,-2557.4778819345506
Pol130_H2CN2-,0,2,4,0.01,0.0,0.0,-0.01,0.0,0.0,-0.514220674763,-2556.9190761375826,-2556.9476748232823,-2557.0539754213414
Pol130_H2O,0,1,3,0.01,0.0,0.0,0.0,0.0,0.0,0.0,-2079.864895182726,-2079.8642433945706,-2079.8651391941053
Pol130_H2O-Li,0,2,4,0.001,0.0,0.0,0.0,0.0,0.0,0.0,-2283.7653940106193,-2283.7552435615025,-2283.6266980434357
Pol130_H2O-Li0+,0,2,4,0.001,0.001,0.0,0.0,0.0514220674763,0.0,0.0,-2283.7621104618593,-2283.7518691592604,-2283.622753371436
Pol130_H2O-Li0-,0,2,4,0.001,-0.001,0.0,0.0,-0.0514220674763,0.0,0.0,-2283.768650023163,-2283.7592327605953,-2283.630418525312
Pol130_H2O-Li1+,0,2,4,0.001,0.0,0.001,0.0,0.0,0.0514220674763,0.0,-2283.7575615762835,-2283.7465185878527,-2283.617458134622
Pol130_H2O-Li1-,0,2,4,0.001,0.0,-0.001,0.0,0.0,-0.0514220674763,0.0,-2283.773219642896,-2283.7641756514377,-2283.6358899301763
Pol130_H2O-Li2+,0,2,4,0.001,0.0,0.0,0.001,0.0,0.0,0.0514220674763,-2283.7472182945858,-2283.7127127316644,-2283.590095429951
Pol130_H2O-Li2-,0,2,4,0.001,0.0,0.0,-0.001,0.0,0.0,-0.0514220674763,-2283.783503139307,-2283.7996142439806,-2283.66423902832
Pol130_H2O0+,0,1,3,0.01,0.01,0.0,0.0,0.514220674763,0.0,0.0,-2079.864895182726,-2079.8642433945706,-2079.8651391941053
Pol130_H2O0-,0,1,3,0.01,-0.01,0.0,0.0,-0.514220674763,0.0,0.0,-2079.864895182726,-2079.8642433945706,-2079.8651391941053
Pol130_H2O1+,0,1,3,0.01,0.0,0.01,0.0,0.0,0.514220674763,0.0,-2079.864789044573,-2079.877095705746,-2079.879668605949
Pol130_H2O1-,0,1,3,0.01,0.0,-0.01,0.0,0.0,-0.514220674763,0.0,-2079.864789044573,-2079.8770183337106,-2079.8796022561737
Pol130_H2O2+,0,1,3,0.01,0.0,0.0,0.01,0.0,0.0,0.514220674763,-2080.029786002708,-2080.0716121210835,-2080.0771961797195
Pol130_H2O2-,0,1,3,0.01,0.0,0.0,-0.01,0.0,0.0,-0.514220674763,-2079.699615130301,-2079.6669775674136,-2079.6637804057095
Pol130_HBO,0,1,3,0.01,0.0,0.0,0.0,0.0,0.0,0.0,-2740.743166504758,-2740.7116621914442,-2740.6854333079814
Pol130_HBO0+,0,1,3,0.01,0.01,0.0,0.0,0.514220674763,0.0,0.0,-2740.743166504758,-2740.7116621914442,-2740.6854333079814
Pol130_HBO0-,0,1,3,0.01,-0.01,0.0,0.0,-0.514220674763,0.0,0.0,-2740.743166504758,-2740.7116621914442,-2740.6854333079814
Pol130_HBO2+,0,1,3,0.01,0.0,0.0,0.01,0.0,0.0,0.514220674763,-2740.9766251402575,-2741.034028493586,-2740.9884405839134
Pol130_HBO2-,0,1,3,0.01,0.0,0.0,-0.01,0.0,0.0,-0.514220674763,-2740.4973239591245,-2740.441762065263,-2740.4429067177107
Pol130_HBS,0,1,3,0.01,0.0,0.0,0.0,0.0,0.0,0.0,-11527.724249794357,-11527.723026343863,-11527.699550846553
Pol130_HBS0+,0,1,3,0.01,0.01,0.0,0.0,0.514220674763,0.0,0.0,-11527.724249794357,-11527.723026343863,-11527.699550846553
Pol130_HBS0-,0,1,3,0.01,-0.01,0.0,0.0,-0.514220674763,0.0,0.0,-11527.724249794357,-11527.723026343863,-11527.699550846553
Pol130_HBS2+,0,1,3,0.01,0.0,0.0,0.01,0.0,0.0,0.514220674763,-11527.444613653352,-11527.671506371606,-11527.599285960947
Pol130_HBS2-,0,1,3,0.01,0.0,0.0,-0.01,0.0,0.0,-0.514220674763,-11527.984262728187,-11527.869616971393,-11527.88808652013
Pol130_HCCCl,0,1,4,0.01,0.0,0.0,0.0,0.0,0.0,0.0,-14610.210132695403,-14610.210191405315,-14610.21049842186
Pol130_HCCCl0+,0,1,4,0.01,0.01,0.0,0.0,0.514220674763,0.0,0.0,-14610.210132695403,-14610.210191405315,-14610.21049842186
Pol130_HCCCl0-,0,1,4,0.01,-0.01,0.0,0.0,-0.514220674763,0.0,0.0,-14610.210132695403,-14610.210191405315,-14610.21049842186
Pol130_HCCCl2+,0,1,4,0.01,0.0,0.0,0.01,0.0,0.0,0.514220674763,-14610.19992146964,-14610.345849814124,-14610.31620015837
Pol130_HCCCl2-,0,1,4,0.01,0.0,0.0,-0.01,0.0,0.0,-0.514220674763,-14610.183190888885,-14610.253627104781,-14610.246203064951
Pol130_HCCF,0,1,4,0.01,0.0,0.0,0.0,0.0,0.0,0.0,-4804.663279705211,-4804.656154706506,-4804.654101704491
Pol130_HCCF0+,0,1,4,0.01,0.01,0.0,0.0,0.514220674763,0.0,0.0,-4804.663279705211,-4804.656154706506,-4804.654101704491
Pol130_HCCF0-,0,1,4,0.01,-0.01,0.0,0.0,-0.514220674763,0.0,0.0,-4804.663279705211,-4804.656154706506,-4804.654101704491
Pol130_HCCF2+,0,1,4,0.01,0.0,0.0,0.01,0.0,0.0,0.514220674763,-4804.681661493699,-4804.799850465211,-4804.74837404449
Pol130_HCCF2-,0,1,4,0.01,0.0,0.0,-0.01,0.0,0.0,-0.514220674763,-4804.618654446864,-4804.635989201197,-4804.6625172404365
Pol130_HCHO,0,1,4,0.01,0.0,0.0,0.0,0.0,0.0,0.0,-3115.9394759072215,-3115.937090804968,-3115.9406200477897
Pol130_HCHO0+,0,1,4,0.01,0.01,0.0,0.0,0.514220674763,0.0,0.0,-3115.9394759072215,-3115.937090804968,-3115.9406200477897
Pol130_HCHO0-,0,1,4,0.01,-0.01,0.0,0.0,-0.514220674763,0.0,0.0,-3115.9394759072215,-3115.937090804968,-3115.9406200477897
Pol130_HCHO1+,0,1,4,0.01,0.0,0.01,0.0,0.0,0.514220674763,0.0,-3115.937014313944,-3115.9643024303336,-3115.9666106532113
Pol130_HCHO1-,0,1,4,0.01,0.0,-0.01,0.0,0.0,-0.514220674763,0.0,-3115.937014313944,-3115.9644041806832,-3115.9666652922424
Pol130_HCHO2+,0,1,4,0.01,0.0,0.0,0.01,0.0,0.0,0.514220674763,-3116.1720796771124,-3116.2332812675368,-3116.2474718971444
Pol130_HCHO2-,0,1,4,0.01,0.0,0.0,-0.01,0.0,0.0,-0.514220674763,-3115.700643400896,-3115.7037220004836,-3115.7092623628932
Pol130_HCHS,0,1,4,0.01,0.0,0.0,0.0,0.0,0.0,0.0,-11903.505771297854,-11903.50448203281,-11903.506791808348
Pol130_HCHS0+,0,1,4,0.01,0.01,0.0,0.0,0.514220674763,0.0,0.0,-11903.505771297854,-11903.50448203281,-11903.506791808348
Pol130_HCHS0-,0,1,4,0.01,-0.01,0.0,0.0,-0.514220674763,0.0,0.0,-11903.505771297854,-11903.50448203281,-11903.506791808348
Pol130_HCHS1+,0,1,4,0.01,0.0,0.01,0.0,0.0,0.514220674763,0.0,-11903.503301123448,-11903.529157605506,-11903.529642215852
Pol130_HCHS1-,0,1,4,0.01,0.0,-0.01,0.0,0.0,-0.514220674763,0.0,-11903.503301123448,-11903.529207523137,-11903.529683507213
Pol130_HCHS2+,0,1,4,0.01,0.0,0.0,0.01,0.0,0.0,0.514220674763,-11903.728897278927,-11903.759689541554,-11903.779969379806
Pol130_HCHS2-,0,1,4,0.01,0.0,0.0,-0.01,0.0,0.0,-0.514220674763,-11903.271000585713,-11903.358604494186,-11903.338161800839
Pol130_HCN,0,1,3,0.01,0.0,0.0,0.0,0.0,0.0,0.0,-2542.4250677809573,-2542.422178161306,-2542.4267663044334
Pol130_HCN0+,0,1,3,0.01,0.01,0.0,0.0,0.514220674763,0.0,0.0,-2542.4250677809573,-2542.422178161306,-2542.4267663044334
Pol130_HCN0-,0,1,3,0.01,-0.01,0.0,0.0,-0.514220674763,0.0,0.0,-2542.4250677809573,-2542.422178161306,-2542.4267663044334
Pol130_HCN2+,0,1,3,0.01,0.0,0.0,0.01,0.0,0.0,0.514220674763,-2542.1774057299745,-2542.1188930012668,-2542.128347279848
Pol130_HCN2-,0,1,3,0.01,0.0,0.0,-0.01,0.0,0.0,-0.514220674763,-2542.6656083861203,-2542.794798394271,-2542.7978647292384
Pol130_HCO,0,2,3,0.01,0.0,0.0,0.0,0.0,0.0,0.0,-3098.262486315132,-3098.2762975603832,-3098.3304317886123
Pol130_HCO0+,0,2,3,0.01,0.01,0.0,0.0,0.514220674763,0.0,0.0,-3098.1457718822608,-3098.1200279323198,-3098.1950307023158
Pol130_HCO0-,0,2,3,0.01,-0.01,0.0,0.0,-0.514220674763,0.0,0.0,-3098.37419779713,-3098.479980108042,-3098.505880079642
Pol130_HCO1+,0,2,3,0.01,0.0,0.01,0.0,0.0,0.514220674763,0.0,-3098.359673581922,-3098.3815867055687,-3098.387065920954
Pol130_HCO1-,0,2,3,0.01,0.0,-0.01,0.0,0.0,-0.514220674763,0.0,-3098.1635470399865,-3098.194008301619,-3098.277362322377
Pol130_HCO2+,0,2,3,0.01,0.0,0.0,0.01,0.0,0.0,0.514220674763,-3098.262486315132,-3098.2762975603832,-3098.3304317886123
Pol130_HCO2-,0,2,3,0.01,0.0,0.0,-0.01,0.0,0.0,-0.514220674763,-3098.262486315132,-3098.2762975603832,-3098.3304317886123
Pol130_HCONH2,0,1,6,0.01,0.0,0.0,0.0,0.0,0.0,0.0,-4623.433845989093,-4623.43231309965,-4623.43423906326
Pol130_HCONH20+,0,1,6,0.01,0.01,0.0,0.0,0.514220674763,0.0,0.0,-4623.7978289802595,-4623.907638354892,-4623.922816371285
Pol130_HCONH20-,0,1,6,0.01,-0.01,0.0,0.0,-0.514220674763,0.0,0.0,-4623.060562088356,-4623.052555858641,-4623.055623101351
Pol130_HCONH21+,0,1,6,0.01,0.0,0.01,0.0,0.0,0.514220674763,0.0,-4623.483963626363,-4623.52744885137,-4623.54139700522
Pol130_HCONH21-,0,1,6,0.01,0.0,-0.01,0.0,0.0,-0.514220674763,0.0,-4623.377390437533,-4623.414669075508,-4623.417544726118
Pol130_HCONH22+,0,1,6,0.01,0.0,0.0,0.01,0.0,0.0,0.514220674763,-4623.433845989093,-4623.43231309965,-4623.43423906326
Pol130_HCONH22-,0,1,6,0.01,0.0,0.0,-0.01,0.0,0.0,-0.514220674763,-4623.433845989093,-4623.43231309965,-4623.43423906326
Pol130_HCOOH,0,1,5,0.01,0.0,0.0,0.0,0.0,0.0,0.0,-5164.217466956748,-5164.2190357888385,-5164.218778554428
Pol130_HCOOH0+,0,1,5,0.01,0.01,0.0,0.0,0.514220674763,0.0,0.0,-5164.383127791247,-5164.408562502546,-5164.415356299676
Pol130_HCOOH0-,0,1,5,0.01,-0.01,0.0,0.0,-0.514220674763,0.0,0.0,-5164.045904486652,-5164.091903079486,-5164.089669877909
Pol130_HCOOH1+,0,1,5,0.01,0.0,0.01,0.0,0.0,0.514220674763,0.0,-5164.218569035362,-5164.270499831692,-5164.275810053887
Pol130_HCOOH1-,0,1,5,0.01,0.0,-0.01,0.0,0.0,-0.514220674763,0.0,-5164.208972165416,-5164.244227792403,-5164.237652091223
Pol130_HCOOH2+,0,1,5,0.01,0.0,0.0,0.01,0.0,0.0,0.514220674763,-5164.217466956748,-5164.2190357888385,-5164.218778554428
Pol130_HCOOH2-,0,1,5,0.01,0.0,0.0,-0.01,0.0,0.0,-0.514220674763,-5164.217466956748,-5164.2190357888385,-5164.218778554428
Pol130_HCP,0,1,3,0.01,0.0,0.0,0.0,0.0,0.0,0.0,-10339.918774159063,-10339.928401609735,-10339.932663374111
Pol130_HCP0+,0,1,3,0.01,0.01,0.0,0.0,0.514220674763,0.0,0.0,-10339.918774159063,-10339.928401609735,-10339.932663374111
Pol130_HCP0-,0,1,3,0.01,-0.01,0.0,0.0,-0.514220674763,0.0,0.0,-10339.918774159063,-10339.928401609735,-10339.932663374111
Pol130_HCP2+,0,1,3,0.01,0.0,0.0,0.01,0.0,0.0,0.514220674763,-10339.85936401066,-10339.92747404231,-10339.94074902547
Pol130_HCP2-,0,1,3,0.01,0.0,0.0,-0.01,0.0,0.0,-0.514220674763,-10339.967211821142,-10340.035240992747,-10340.036614901252
Pol130_HCl,0,1,2,0.01,0.0,0.0,0.0,0.0,0.0,0.0,-12538.753443279664,-12538.75887737222,-12538.758686864569
Pol130_HCl0+,0,1,2,0.01,0.01,0.0,0.0,0.514220674763,0.0,0.0,-12538.753443279664,-12538.75887737222,-12538.758686864569
Pol130_HCl0-,0,1,2,0.01,-0.01,0.0,0.0,-0.514220674763,0.0,0.0,-12538.753443279664,-12538.75887737222,-12538.758686864569
Pol130_HCl2+,0,1,2,0.01,0.0,0.0,0.01,0.0,0.0,0.514220674763,-12538.64949562973,-12538.649968862526,-12538.657701864284
Pol130_HCl2-,0,1,2,0.01,0.0,0.0,-0.01,0.0,0.0,-0.514220674763,-12538.856516516298,-12538.888710420173,-12538.88522827774
Pol130_HF,0,1,2,0.01,0.0,0.0,0.0,0.0,0.0,0.0,-2733.7144303695827,-2733.7117291595437,-2733.711296778367
Pol130_HF0+,0,1,2,0.01,0.01,0.0,0.0,0.514220674763,0.0,0.0,-2733.7144303695827,-2733.7117291595437,-2733.711296778367
Pol130_HF0-,0,1,2,0.01,-0.01,0.0,0.0,-0.514220674763,0.0,0.0,-2733.7144303695827,-2733.7117291595437,-2733.711296778367
Pol130_HF2+,0,1,2,0.01,0.0,0.0,0.01,0.0,0.0,0.514220674763,-2733.5667018647914,-2733.5136016534357,-2733.5288988494226
Pol130_HF2-,0,1,2,0.01,0.0,0.0,-0.01,0.0,0.0,-0.514220674763,-2733.8615056781637,-2733.920094036248,-2733.8996553330862
Pol130_HNC,0,1,3,0.01,0.0,0.0,0.0,0.0,0.0,0.0,-2541.8977715342176,-2541.877539250759,-2541.891076961683
Pol130_HNC0+,0,1,3,0.01,0.01,0.0,0.0,0.514220674763,0.0,0.0,-2541.8977715342176,-2541.877539250759,-2541.891076961683
Pol130_HNC0-,0,1,3,0.01,-0.01,0.0,0.0,-0.514220674763,0.0,0.0,-2541.8977715342176,-2541.877539250759,-2541.891076961683
Pol130_HNC2+,0,1,3,0.01,0.0,0.0,0.01,0.0,0.0,0.514220674763,-2541.695329811812,-2541.558791491832,-2541.5923375328903
Pol130_HNC2-,0,1,3,0.01,0.0,0.0,-0.01,0.0,0.0,-0.514220674763,-2542.0911669990137,-2542.2605025835805,-2542.2559724138832
Pol130_HNO,0,1,3,0.01,0.0,0.0,0.0,0.0,0.0,0.0,-3550.8977591679245,-3550.9071885556828,-3550.9062529460484
Pol130_HNO0+,0,1,3,0.01,0.01,0.0,0.0,0.514220674763,0.0,0.0,-3550.8977591679245,-3550.9071885556828,-3550.9062529460484
Pol130_HNO0-,0,1,3,0.01,-0.01,0.0,0.0,-0.514220674763,0.0,0.0,-3550.8977591679245,-3550.9071885556828,-3550.9062529460484
Pol130_HNO1+,0,1,3,0.01,0.0,0.01,0.0,0.0,0.514220674763,0.0,-3550.9685387704235,-3551.0719864351736,-3551.0795681294726
Pol130_HNO1-,0,1,3,0.01,0.0,-0.01,0.0,0.0,-0.514220674763,0.0,-3550.8256711306226,-3550.771465525692,-3550.765912351135
Pol130_HNO2+,0,1,3,0.01,0.0,0.0,0.01,0.0,0.0,0.514220674763,-3550.8002777772745,-3550.8260853892407,-3550.8366437693167
Pol130_HNO2-,0,1,3,0.01,0.0,0.0,-0.01,0.0,0.0,-0.514220674763,-3550.991351824258,-3551.02856095838,-3551.023297909574
Pol130_HNS,0,1,3,0.01,0.0,0.0,0.0,0.0,0.0,0.0,-12339.491703742564,-12339.508585568521,-12339.511300529983
Pol130_HNS0+,0,1,3,0.01,0.01,0.0,0.0,0.514220674763,0.0,0.0,-12339.439654923326,-12339.56654276644,-12339.535904390415
Pol130_HNS0-,0,1,3,0.01,-0.01,0.0,0.0,-0.514220674763,0.0,0.0,-12339.532747097754,-12339.537015267482,-12339.559721608784
Pol130_HNS1+,0,1,3,0.01,0.0,0.01,0.0,0.0,0.514220674763,0.0,-12339.561390989993,-12339.659327961126,-12339.661831368956
Pol130_HNS1-,0,1,3,0.01,0.0,-0.01,0.0,0.0,-0.514220674763,0.0,-12339.421037996906,-12339.376208281064,-12339.380333435049
Pol130_HNS2+,0,1,3,0.01,0.0,0.0,0.01,0.0,0.0,0.514220674763,-12339.491703742564,-12339.508585568521,-12339.511300529983
Pol130_HNS2-,0,1,3,0.01,0.0,0.0,-0.01,0.0,0.0,-0.514220674763,-12339.491703742564,-12339.508585568521,-12339.511300529983
Pol130_HO2,0,2,3,0.01,0.0,0.0,0.0,0.0,0.0,0.0,-4106.981639332559,-4107.0630292315645,-4107.046334191192
Pol130_HO20+,0,2,3,0.01,0.01,0.0,0.0,0.514220674763,0.0,0.0,-4107.097482056808,-4107.230443960772,-4107.211622613985
Pol130_HO20-,0,2,3,0.01,-0.01,0.0,0.0,-0.514220674763,0.0,0.0,-4106.864314804181,-4106.906210867129,-4106.902956318246
Pol130_HO21+,0,2,3,0.01,0.0,0.01,0.0,0.0,0.514220674763,0.0,-4107.1003690856605,-4107.201134983795,-4107.189086494033
Pol130_HO21-,0,2,3,0.01,0.0,-0.01,0.0,0.0,-0.514220674763,0.0,-4106.858574560663,-4106.928569344306,-4106.921016539777
Pol130_HO22+,0,2,3,0.01,0.0,0.0,0.01,0.0,0.0,0.514220674763,-4106.981639332559,-4107.0630292315645,-4107.046334191192
Pol130_HO22-,0,2,3,0.01,0.0,0.0,-0.01,0.0,0.0,-0.514220674763,-4106.981639332559,-4107.0630292315645,-4107.046334191192
Pol130_HOCl,0,1,3,0.01,0.0,0.0,0.0,0.0,0.0,0.0,-14584.278574189017,-14584.281949243466,-14584.286287630704
Pol130_HOCl0+,0,1,3,0.01,0.01,0.0,0.0,0.514220674763,0.0,0.0,-14584.391594808048,-14584.451647567057,-14584.459049045967
Pol130_HOCl0-,0,1,3,0.01,-0.01,0.0,0.0,-0.514220674763,0.0,0.0,-14584.16519152874,-14584.132439625275,-14584.13237285509
Pol130_HOCl1+,0,1,3,0.01,0.0,0.01,0.0,0.0,0.514220674763,0.0,-14584.278574189017,-14584.281949243466,-14584.286287630704
Pol130_HOCl1-,0,1,3,0.01,0.0,-0.01,0.0,0.0,-0.514220674763,0.0,-14584.278574189017,-14584.281949243466,-14584.286287630704
Pol130_HOCl2+,0,1,3,0.01,0.0,0.0,0.01,0.0,0.0,0.514220674763,-14584.253575459064,-14584.28702321306,-14584.262419678491
Pol130_HOCl2-,0,1,3,0.01,0.0,0.0,-0.01,0.0,0.0,-0.514220674763,-14584.300125901209,-14584.353925942074,-14584.36561939197
Pol130_HOF,0,1,3,0.01,0.0,0.0,0.0,0.0,0.0,0.0,-4777.486588826974,-4777.492748730529,-4777.475282704656
Pol130_HOF0+,0,1,3,0.01,0.01,0.0,0.0,0.514220674763,0.0,0.0,-4777.603341152333,-4777.682020911546,-4777.661401679721
Pol130_HOF0-,0,1,3,0.01,-0.01,0.0,0.0,-0.514220674763,0.0,0.0,-4777.369346463227,-4777.322963456904,-4777.305437253457
Pol130_HOF1+,0,1,3,0.01,0.0,0.01,0.0,0.0,0.514220674763,0.0,-4777.486588826974,-4777.492748730529,-4777.475282704656
Pol130_HOF1-,0,1,3,0.01,0.0,-0.01,0.0,0.0,-0.514220674763,0.0,-4777.486588826974,-4777.492748730529,-4777.475282704656
Pol130_HOF2+,0,1,3,0.01,0.0,0.0,0.01,0.0,0.0,0.514220674763,-4777.403110257332,-4777.409189834108,-4777.40554670779
Pol130_HOF2-,0,1,3,0.01,0.0,0.0,-0.01,0.0,0.0,-0.514220674763,-4777.566377454115,-4777.624519420457,-4777.5863075910775
Pol130_HOOH,0,1,4,0.01,0.0,0.0,0.0,0.0,0.0,0.0,-4124.376897416091,-4124.382548351196,-4124.383637354514
Pol130_HOOH0+,0,1,4,0.01,0.01,0.0,0.0,0.514220674763,0.0,0.0,-4124.3764464089345,-4124.395307016428,-4124.400377323106
Pol130_HOOH0-,0,1,4,0.01,-0.01,0.0,0.0,-0.514220674763,0.0,0.0,-4124.3764464089345,-4124.39518779183,-4124.400262795582
Pol130_HOOH1+,0,1,4,0.01,0.0,0.01,0.0,0.0,0.514220674763,0.0,-4124.375335687406,-4124.404881306716,-4124.407664719605
Pol130_HOOH1-,0,1,4,0.01,0.0,-0.01,0.0,0.0,-0.514220674763,0.0,-4124.375335687406,-4124.404801012876,-4124.407656852859
Pol130_HOOH2+,0,1,4,0.01,0.0,0.0,0.01,0.0,0.0,0.514220674763,-4124.263177884371,-4124.218826407462,-4124.219686245923
Pol130_HOOH2-,0,1,4,0.01,0.0,0.0,-0.01,0.0,0.0,-0.514220674763,-4124.490354518396,-4124.555771174259,-4124.558264275417
Pol130_He,0,1,1,0.01,0.0,0.0,0.0,0.0,0.0,0.0,-79.32577187350375,-78.81918484644686,-78.82895185655318
Pol130_He0+,0,1,1,0.01,0.01,0.0,0.0,0.514220674763,0.0,0.0,-79.32577187350375,-78.81918484644686,-78.82895185655318
Pol130_He0-,0,1,1,0.01,-0.01,0.0,0.0,-0.514220674763,0.0,0.0,-79.32577187350375,-78.81918484644686,-78.82895185655318
Pol130_Li2,0,1,2,0.001,0.0,0.0,0.0,0.0,0.0,0.0,-407.5861455146499,-407.9328756901923,-407.957839935507
Pol130_Li20+,0,1,2,0.001,0.001,0.0,0.0,0.0514220674763,0.0,0.0,-407.5861455146499,-407.9328756901923,-407.957839935507
Pol130_Li20-,0,1,2,0.001,-0.001,0.0,0.0,-0.0514220674763,0.0,0.0,-407.5861455146499,-407.9328756901923,-407.957839935507
Pol130_Li22+,0,1,2,0.001,0.0,0.0,0.001,0.0,0.0,0.0514220674763,-407.5862679766719,-407.93272443188226,-407.9577259794836
Pol130_Li22-,0,1,2,0.001,0.0,0.0,-0.001,0.0,0.0,-0.0514220674763,-407.5862679766719,-407.93276672835475,-407.95777021534866
Pol130_LiBH4,0,1,6,0.01,0.0,0.0,0.0,0.0,0.0,0.0,-945.5994668066618,-945.5936013449511,-945.6060747439525
Pol130_LiBH40+,0,1,6,0.01,0.01,0.0,0.0,0.514220674763,0.0,0.0,-945.5975440382753,-945.6166779290236,-945.6359237154611
Pol130_LiBH40-,0,1,6,0.01,-0.01,0.0,0.0,-0.514220674763,0.0,0.0,-945.5975440382753,-945.6166169768964,-945.6358607935915
Pol130_LiBH42+,0,1,6,0.01,0.0,0.0,0.01,0.0,0.0,0.514220674763,-946.209115681802,-946.2621254002541,-946.3217922295455
Pol130_LiBH42-,0,1,6,0.01,0.0,0.0,-0.01,0.0,0.0,-0.514220674763,-944.9799136374908,-945.030500520481,-944.9849228451513
Pol130_LiCN,0,1,3,0.01,0.0,0.0,0.0,0.0,0.0,0.0,-2731.480128627774,-2731.6530426913264,-2731.7034324870256
Pol130_LiCN0+,0,1,3,0.01,0.01,0.0,0.0,0.514220674763,0.0,0.0,-2730.9715256303307,-2730.9843080706487,-2731.0207874308503
Pol130_LiCN0-,0,1,3,0.01,-0.01,0.0,0.0,-0.514220674763,0.0,0.0,-2731.9851158794677,-2732.3927962193984,-2732.423185479988
Pol130_LiCN1+,0,1,3,0.01,0.0,0.01,0.0,0.0,0.514220674763,0.0,-2731.7074967013077,-2731.965635291107,-2731.9975683717585
Pol130_LiCN1-,0,1,3,0.01,0.0,-0.01,0.0,0.0,-0.514220674763,0.0,-2731.2507786821293,-2731.3593610276607,-2731.431044886836
Pol130_LiCN2+,0,1,3,0.01,0.0,0.0,0.01,0.0,0.0,0.514220674763,-2731.480128627774,-2731.6530426913264,-2731.7034324870256
Pol130_LiCN2-,0,1,3,0.01,0.0,0.0,-0.01,0.0,0.0,-0.514220674763,-2731.480128627774,-2731.6530426913264,-2731.7034324870256
Pol130_LiCl,0,1,2,0.01,0.0,0.0,0.0,0.0,0.0,0.0,-12728.925439373696,-12728.920831662275,-12728.93071888507
Pol130_LiCl0+,0,1,2,0.01,0.01,0.0,0.0,0.514220674763,0.0,0.0,-12728.925439373696,-12728.920831662275,-12728.93071888507
Pol130_LiCl0-,0,1,2,0.01,-0.01,0.0,0.0,-0.514220674763,0.0,0.0,-12728.925439373696,-12728.920831662275,-12728.93071888507
Pol130_LiCl2+,0,1,2,0.01,0.0,0.0,0.01,0.0,0.0,0.514220674763,-12729.582580764649,-12729.710723198925,-12729.717209278782
Pol130_LiCl2-,0,1,2,0.01,0.0,0.0,-0.01,0.0,0.0,-0.514220674763,-12728.26309882021,-12728.182598908446,-12728.179895848254
Pol130_LiH,0,1,2,0.001,0.0,0.0,0.0,0.0,0.0,0.0,-219.39162487700273,-219.4055358011559,-219.39406899221783
Pol130_LiH0+,0,1,2,0.001,0.001,0.0,0.0,0.0514220674763,0.0,0.0,-219.39162487700273,-219.4055358011559,-219.39406899221783
Pol130_LiH0-,0,1,2,0.001,-0.001,0.0,0.0,-0.0514220674763,0.0,0.0,-219.39162487700273,-219.4055358011559,-219.39406899221783
Pol130_LiH2+,0,1,2,0.001,0.0,0.0,0.001,0.0,0.0,0.0514220674763,-219.4540424642209,-219.46652499407588,-219.4547919724038
Pol130_LiH2-,0,1,2,0.001,0.0,0.0,-0.001,0.0,0.0,-0.0514220674763,-219.32915580847938,-219.34518006674432,-219.3335447990571
Pol130_Mg,0,1,1,0.001,0.0,0.0,0.0,0.0,0.0,0.0,-5443.899221819649,-5443.867775457422,-5443.828714372511
Pol130_Mg0+,0,1,1,0.001,0.001,0.0,0.0,0.0514220674763,0.0,0.0,-5443.899221819649,-5443.867775457422,-5443.828714372511
Pol130_Mg0-,0,1,1,0.001,-0.001,0.0,0.0,-0.0514220674763,0.0,0.0,-5443.899221819649,-5443.867775457422,-5443.828714372511
Pol130_Mg2,0,1,2,0.001,0.0,0.0,0.0,0.0,0.0,0.0,-10887.249521338168,-10887.69707272028,-10887.86186765062
Pol130_Mg20+,0,1,2,0.001,0.001,0.0,0.0,0.0514220674763,0.0,0.0,-10887.249521338168,-10887.69707272028,-10887.86186765062
Pol130_Mg20-,0,1,2,0.001,-0.001,0.0,0.0,-0.0514220674763,0.0,0.0,-10887.249521338168,-10887.69707272028,-10887.86186765062
Pol130_Mg22+,0,1,2,0.001,0.0,0.0,0.001,0.0,0.0,0.0514220674763,-10887.248656619027,-10887.696753142165,-10887.861769253946
Pol130_Mg22-,0,1,2,0.001,0.0,0.0,-0.001,0.0,0.0,-0.0514220674763,-10887.248656619027,-10887.696718132796,-10887.861807309913
Pol130_N,0,4,1,0.01,0.0,0.0,0.0,0.0,0.0,0.0,-1485.048686745222,-1485.2061040769406,-1485.4981904684785
Pol130_N0+,0,4,1,0.01,0.01,0.0,0.0,0.514220674763,0.0,0.0,-1485.048686745222,-1485.2061040769406,-1485.4981904684785
Pol130_N0-,0,4,1,0.01,-0.01,0.0,0.0,-0.514220674763,0.0,0.0,-1485.048686745222,-1485.2061040769406,-1485.4981904684785
Pol130_N2,0,1,2,0.01,0.0,0.0,0.0,0.0,0.0,0.0,-2981.0694018441377,-2981.0702284823706,-2981.0775179755115
Pol130_N20+,0,1,2,0.01,0.01,0.0,0.0,0.514220674763,0.0,0.0,-2981.0694018441377,-2981.0702284823706,-2981.0775179755115
Pol130_N20-,0,1,2,0.01,-0.01,0.0,0.0,-0.514220674763,0.0,0.0,-2981.0694018441377,-2981.0702284823706,-2981.0775179755115
Pol130_N22+,0,1,2,0.01,0.0,0.0,0.01,0.0,0.0,0.514220674763,-2981.06971011006,-2981.0712704449056,-2981.0902538580003
Pol130_N22-,0,1,2,0.01,0.0,0.0,-0.01,0.0,0.0,-0.514220674763,-2981.06971011006,-2981.071291609888,-2981.0903387146204
Pol130_N2H2,0,1,4,0.01,0.0,0.0,0.0,0.0,0.0,0.0,-3010.703040243825,-3010.700659278902,-3010.700853328978
Pol130_N2H20+,0,1,4,0.01,0.01,0.0,0.0,0.514220674763,0.0,0.0,-3010.64594600165,-3010.6131977547593,-3010.611959032777
Pol130_N2H20-,0,1,4,0.01,-0.01,0.0,0.0,-0.514220674763,0.0,0.0,-3010.755486481394,-3010.8383154412145,-3010.8467660037936
Pol130_N2H21+,0,1,4,0.01,0.0,0.01,0.0,0.0,0.514220674763,0.0,-3010.703040243825,-3010.700659278902,-3010.700853328978
Pol130_N2H21-,0,1,4,0.01,0.0,-0.01,0.0,0.0,-0.514220674763,0.0,-3010.703040243825,-3010.700659278902,-3010.700853328978
Pol130_N2H22+,0,1,4,0.01,0.0,0.0,0.01,0.0,0.0,0.514220674763,-3010.5634260510183,-3010.4378125397907,-3010.426187430666
Pol130_N2H22-,0,1,4,0.01,0.0,0.0,-0.01,0.0,0.0,-0.514220674763,-3010.8409093708865,-3011.005032047305,-3011.022136280764
Pol130_N2H4,0,1,6,0.01,0.0,0.0,0.0,0.0,0.0,0.0,-3043.8234950761284,-3043.8265798272846,-3043.826207615606
Pol130_N2H40+,0,1,6,0.01,0.01,0.0,0.0,0.514220674763,0.0,0.0,-3043.8226682526442,-3043.852075056928,-3043.861236799082
Pol130_N2H40-,0,1,6,0.01,-0.01,0.0,0.0,-0.514220674763,0.0,0.0,-3043.8226682526442,-3043.8519038025074,-3043.861104054073
Pol130_N2H41+,0,1,6,0.01,0.0,0.01,0.0,0.0,0.514220674763,0.0,-3043.82181253958,-3043.8531499694695,-3043.8676839356644
Pol130_N2H41-,0,1,6,0.01,0.0,-0.01,0.0,0.0,-0.514220674763,0.0,-3043.82181253958,-3043.8530388905947,-3043.8676450166995
Pol130_N2H42+,0,1,6,0.01,0.0,0.0,0.01,0.0,0.0,0.514220674763,-3043.6202825877276,-3043.5396331731076,-3043.5377292640837
Pol130_N2H42-,0,1,6,0.01,0.0,0.0,-0.01,0.0,0.0,-0.514220674763,-3044.026105173059,-3044.141379800245,-3044.1489721791477
Pol130_NCO,0,2,3,0.01,0.0,0.0,0.0,0.0,0.0,0.0,-4571.752433832476,-4572.130215208737,-4572.299651095529
Pol130_NCO0+,0,2,3,0.01,0.01,0.0,0.0,0.514220674763,0.0,0.0,-4571.752433900846,-4572.130215291755,-4572.299651301589
Pol130_NCO0-,0,2,3,0.01,-0.01,0.0,0.0,-0.514220674763,0.0,0.0,-4571.752433761137,-4572.130215084446,-4572.299650885565
Pol130_NCO2+,0,2,3,0.01,0.0,0.0,0.01,0.0,0.0,0.514220674763,-4571.773250671117,-4572.148630657428,-4572.228084039077
Pol130_NCO2-,0,2,3,0.01,0.0,0.0,-0.01,0.0,0.0,-0.514220674763,-4571.713174510254,-4572.165895572694,-4572.2821828125125
Pol130_NH,0,3,2,0.01,0.0,0.0,0.0,0.0,0.0,0.0,-1502.8023527066323,-1502.6045837610584,-1502.6158211131274
Pol130_NH0+,0,3,2,0.01,0.01,0.0,0.0,0.514220674763,0.0,0.0,-1502.8023527066323,-1502.6045837610584,-1502.6158211131274
Pol130_NH0-,0,3,2,0.01,-0.01,0.0,0.0,-0.514220674763,0.0,0.0,-1502.8023527066323,-1502.6045837610584,-1502.6158211131274
Pol130_NH2,0,2,3,0.01,0.0,0.0,0.0,0.0,0.0,0.0,-1520.4396859962358,-1520.4244618316498,-1520.395372359558
Pol130_NH2+,0,3,2,0.01,0.0,0.0,0.01,0.0,0.0,0.514220674763,-1502.7417814244045,-1502.4074757889243,-1502.4611286278916
Pol130_NH2-,0,3,2,0.01,0.0,0.0,-0.01,0.0,0.0,-0.514220674763,-1502.8616300673523,-1502.828188657737,-1502.7996033282227
Pol130_NH20+,0,2,3,0.01,0.01,0.0,0.0,0.514220674763,0.0,0.0,-1520.4396859962358,-1520.4244618316498,-1520.395372359558
Pol130_NH20-,0,2,3,0.01,-0.01,0.0,0.0,-0.514220674763,0.0,0.0,-1520.4396859962358,-1520.4244618316498,-1520.395372359558
Pol130_NH21+,0,2,3,0.01,0.0,0.01,0.0,0.0,0.514220674763,0.0,-1520.4386448973528,-1520.4312749539215,-1520.4062336623206
Pol130_NH21-,0,2,3,0.01,0.0,-0.01,0.0,0.0,-0.514220674763,0.0,-1520.4386448973528,-1520.4307731747087,-1520.4059591606112
Pol130_NH22+,0,2,3,0.01,0.0,0.0,0.01,0.0,0.0,0.514220674763,-1520.3098229371872,-1520.252229823891,-1520.231540766682
Pol130_NH22-,0,2,3,0.01,0.0,0.0,-0.01,0.0,0.0,-0.514220674763,-1520.5686847961117,-1520.6059033912225,-1520.5700978812702
Pol130_NH2Cl,0,1,4,0.01,0.0,0.0,0.0,0.0,0.0,0.0,-14043.925894059545,-14043.950377931495,-14043.948207603999
Pol130_NH2Cl0+,0,1,4,0.01,0.01,0.0,0.0,0.514220674763,0.0,0.0,-14043.858639189553,-14043.8647132424,-14043.861795914636
Pol130_NH2Cl0-,0,1,4,0.01,-0.01,0.0,0.0,-0.514220674763,0.0,0.0,-14043.992691551332,-14044.063775671731,-14044.065708199596
Pol130_NH2Cl1+,0,1,4,0.01,0.0,0.01,0.0,0.0,0.514220674763,0.0,-14044.020831650847,-14044.101483946726,-14044.104182246763
Pol130_NH2Cl1-,0,1,4,0.01,0.0,-0.01,0.0,0.0,-0.514220674763,0.0,-14043.83059505733,-14043.818623334511,-14043.813589679527
Pol130_NH2Cl2+,0,1,4,0.01,0.0,0.0,0.01,0.0,0.0,0.514220674763,-14043.846268246562,-14043.872050556629,-14043.849788958863
Pol130_NH2Cl2-,0,1,4,0.01,0.0,0.0,-0.01,0.0,0.0,-0.514220674763,-14044.00147031912,-14044.113892495203,-14044.126691611107
Pol130_NH2F,0,1,4,0.01,0.0,0.0,0.0,0.0,0.0,0.0,-4237.86686966351,-4237.867476807578,-4237.870137930971
Pol130_NH2F0+,0,1,4,0.01,0.01,0.0,0.0,0.514220674763,0.0,0.0,-4237.744804569083,-4237.694960192631,-4237.700317180124
Pol130_NH2F0-,0,1,4,0.01,-0.01,0.0,0.0,-0.514220674763,0.0,0.0,-4237.9881142214135,-4238.065513063403,-4238.070853836672
Pol130_NH2F1+,0,1,4,0.01,0.0,0.01,0.0,0.0,0.514220674763,0.0,-4237.939784032865,-4237.963586997428,-4237.971255140027
Pol130_NH2F1-,0,1,4,0.01,0.0,-0.01,0.0,0.0,-0.514220674763,0.0,-4237.791871796187,-4237.805849412944,-4237.810092363159
Pol130_NH2F2+,0,1,4,0.01,0.0,0.0,0.01,0.0,0.0,0.514220674763,-4237.772652705194,-4237.738835477725,-4237.7451465255035
Pol130_NH2F2-,0,1,4,0.01,0.0,0.0,-0.01,0.0,0.0,-0.514220674763,-4237.960334456044,-4238.024581588866,-4238.02970403039
Pol130_NH2OH,0,1,5,0.01,0.0,0.0,0.0,0.0,0.0,0.0,-3584.4611546212072,-3584.4704883160143,-3584.4754033765057
Pol130_NH2OH0+,0,1,5,0.01,0.01,0.0,0.0,0.514220674763,0.0,0.0,-3584.4639547755223,-3584.4709821339534,-3584.4800537457236
Pol130_NH2OH0-,0,1,5,0.01,-0.01,0.0,0.0,-0.514220674763,0.0,0.0,-3584.457441907704,-3584.496569256528,-3584.508159826671
Pol130_NH2OH1+,0,1,5,0.01,0.0,0.01,0.0,0.0,0.514220674763,0.0,-3584.40624693468,-3584.419749686847,-3584.430143659591
Pol130_NH2OH1-,0,1,5,0.01,0.0,-0.01,0.0,0.0,-0.514220674763,0.0,-3584.5134682070825,-3584.5714554990413,-3584.5837799018814
Pol130_NH2OH2+,0,1,5,0.01,0.0,0.0,0.01,0.0,0.0,0.514220674763,-3584.4608956986704,-3584.486526856241,-3584.497328536466
Pol130_NH2OH2-,0,1,5,0.01,0.0,0.0,-0.01,0.0,0.0,-0.514220674763,-3584.4608956986704,-3584.486407768427,-3584.497250011486
Pol130_NH3,0,1,4,0.01,0.0,0.0,0.0,0.0,0.0,0.0,-1538.8085466021646,-1538.8113292593503,-1538.8122425387614
Pol130_NH30+,0,1,4,0.01,0.01,0.0,0.0,0.514220674763,0.0,0.0,-1538.8083818814382,-1538.8262739876834,-1538.8308081853882
Pol130_NH30-,0,1,4,0.01,-0.01,0.0,0.0,-0.514220674763,0.0,0.0,-1538.8083818814382,-1538.8261829975124,-1538.8307484601994
Pol130_NH32+,0,1,4,0.01,0.0,0.0,0.01,0.0,0.0,0.514220674763,-1538.9299616004917,-1538.9852979271109,-1538.988884158625
Pol130_NH32-,0,1,4,0.01,0.0,0.0,-0.01,0.0,0.0,-0.514220674763,-1538.6870336696675,-1538.6421120671291,-1538.6430829895685
Pol130_NH3O,0,1,5,0.01,0.0,0.0,0.0,0.0,0.0,0.0,-3583.460457072872,-3583.4883650722218,-3583.4748485506193
Pol130_NH3O0+,0,1,5,0.01,0.01,0.0,0.0,0.514220674763,0.0,0.0,-3583.459808908986,-3583.5012686417567,-3583.4948032862353
Pol130_NH3O0-,0,1,5,0.01,-0.01,0.0,0.0,-0.514220674763,0.0,0.0,-3583.4597955115555,-3583.500639512366,-3583.493466244975
Pol130_NH3O2+,0,1,5,0.01,0.0,0.0,0.01,0.0,0.0,0.514220674763,-3583.9557967119954,-3584.1069214556,-3584.0736527751424
Pol130_NH3O2-,0,1,5,0.01,0.0,0.0,-0.01,0.0,0.0,-0.514220674763,-3582.9549210144814,-3582.9045537291017,-3582.9307871576916
Pol130_NO,0,2,2,0.01,0.0,0.0,0.0,0.0,0.0,0.0,-3535.064666249021,-3535.2130149885584,-3535.2036991203713
Pol130_NO0+,0,2,2,0.01,0.01,0.0,0.0,0.514220674763,0.0,0.0,-3535.064666249021,-3535.2130149885584,-3535.2036991203713
Pol130_NO0-,0,2,2,0.01,-0.01,0.0,0.0,-0.514220674763,0.0,0.0,-3535.064666249021,-3535.2130149885584,-3535.2036991203713
Pol130_NO2+,0,2,2,0.01,0.0,0.0,0.01,0.0,0.0,0.514220674763,-3534.9959044572092,-3535.2211629455464,-3535.203203907558
Pol130_NO2-,0,2,2,0.01,0.0,0.0,-0.01,0.0,0.0,-0.514220674763,-3535.131667206459,-3535.1959257208932,-3535.2536173646654
Pol130_NOCl,0,1,3,0.01,0.0,0.0,0.0,0.0,0.0,0.0,-16057.533430882748,-16057.529332643195,-16057.528015949021
Pol130_NOCl0+,0,1,3,0.01,0.01,0.0,0.0,0.514220674763,0.0,0.0,-16057.437179881936,-16057.483103405342,-16057.4447800926
Pol130_NOCl0-,0,1,3,0.01,-0.01,0.0,0.0,-0.514220674763,0.0,0.0,-16057.621739282888,-16057.624894272578,-16057.645679595225
Pol130_NOCl1+,0,1,3,0.01,0.0,0.01,0.0,0.0,0.514220674763,0.0,-16057.287623113843,-16057.38235136332,-16057.337464790255
Pol130_NOCl1-,0,1,3,0.01,0.0,-0.01,0.0,0.0,-0.514220674763,0.0,-16057.768588677336,-16057.77398243709,-16057.803173675815
Pol130_NOCl2+,0,1,3,0.01,0.0,0.0,0.01,0.0,0.0,0.514220674763,-16057.533430882748,-16057.529332643195,-16057.528015949021
Pol130_NOCl2-,0,1,3,0.01,0.0,0.0,-0.01,0.0,0.0,-0.514220674763,-16057.533430882748,-16057.529332643195,-16057.528015949021
Pol130_NP,0,1,2,0.01,0.0,0.0,0.0,0.0,0.0,0.0,-10777.559883631404,-10777.598461769381,-10777.614235929217
Pol130_NP0+,0,1,2,0.01,0.01,0.0,0.0,0.514220674763,0.0,0.0,-10777.559883631404,-10777.598461769381,-10777.614235929217
Pol130_NP0-,0,1,2,0.01,-0.01,0.0,0.0,-0.514220674763,0.0,0.0,-10777.559883631404,-10777.598461769381,-10777.614235929217
Pol130_NP2+,0,1,2,0.01,0.0,0.0,0.01,0.0,0.0,0.514220674763,-10777.802016813184,-10777.96377321262,-10777.976688181814
Pol130_NP2-,0,1,2,0.01,0.0,0.0,-0.01,0.0,0.0,-0.514220674763,-10777.312534764735,-10777.277772744643,-10777.31893140292
Pol130_Na,0,2,1,0.003,0.0,0.0,0.0,0.0,0.0,0.0,-4415.183691549652,-4415.571978913277,-4415.144210124993
Pol130_Na0+,0,2,1,0.003,0.003,0.0,0.0,0.15426620242890002,0.0,0.0,-4415.183691549652,-4415.571978913277,-4415.144210124993
Pol130_Na0-,0,2,1,0.003,-0.003,0.0,0.0,-0.15426620242890002,0.0,0.0,-4415.183691549652,-4415.571978913277,-4415.144210124993
Pol130_Na2,0,1,2,0.001,0.0,0.0,0.0,0.0,0.0,0.0,-8832.466991774296,-8831.827153294733,-8831.663441693734
Pol130_Na20+,0,1,2,0.001,0.001,0.0,0.0,0.0514220674763,0.0,0.0,-8832.466991774296,-8831.827153294733,-8831.663441693734
Pol130_Na20-,0,1,2,0.001,-0.001,0.0,0.0,-0.0514220674763,0.0,0.0,-8832.466991774296,-8831.827153294733,-8831.663441693734
Pol130_Na22+,0,1,2,0.001,0.0,0.0,0.001,0.0,0.0,0.0514220674763,-8832.467144230632,-8831.82721261228,-8831.66340436416
Pol130_Na22-,0,1,2,0.001,0.0,0.0,-0.001,0.0,0.0,-0.0514220674763,-8832.467144230632,-8831.827223162923,-8831.66342350626
Pol130_NaCN,0,1,3,0.01,0.0,0.0,0.0,0.0,0.0,0.0,-6942.788559414786,-6942.926177704099,-6942.955931690733
Pol130_NaCN0+,0,1,3,0.01,0.01,0.0,0.0,0.514220674763,0.0,0.0,-6943.139469094435,-6943.426770169806,-6943.474816333021
Pol130_NaCN0-,0,1,3,0.01,-0.01,0.0,0.0,-0.514220674763,0.0,0.0,-6942.435867638096,-6942.464681716784,-6942.483229831907
Pol130_NaCN1+,0,1,3,0.01,0.0,0.01,0.0,0.0,0.514220674763,0.0,-6943.417579495948,-6943.808010726014,-6943.790858709361
Pol130_NaCN1-,0,1,3,0.01,0.0,-0.01,0.0,0.0,-0.514220674763,0.0,-6942.15563523718,-6942.1011544902385,-6942.14479333666
Pol130_NaCN2+,0,1,3,0.01,0.0,0.0,0.01,0.0,0.0,0.514220674763,-6942.788559414786,-6942.926177704099,-6942.955931690733
Pol130_NaCN2-,0,1,3,0.01,0.0,0.0,-0.01,0.0,0.0,-0.514220674763,-6942.788559414786,-6942.926177704099,-6942.955931690733
Pol130_NaCl,0,1,2,0.001,0.0,0.0,0.0,0.0,0.0,0.0,-16940.16918748611,-16940.164810770453,-16940.17889382648
Pol130_NaCl0+,0,1,2,0.001,0.001,0.0,0.0,0.0514220674763,0.0,0.0,-16940.16918748611,-16940.164810770453,-16940.17889382648
Pol130_NaCl0-,0,1,2,0.001,-0.001,0.0,0.0,-0.0514220674763,0.0,0.0,-16940.16918748611,-16940.164810770453,-16940.17889382648
Pol130_NaCl2+,0,1,2,0.001,0.0,0.0,0.001,0.0,0.0,0.0514220674763,-16940.2519378278,-16940.26329378589,-16940.275475225073
Pol130_NaCl2-,0,1,2,0.001,0.0,0.0,-0.001,0.0,0.0,-0.0514220674763,-16940.086378265158,-16940.067034326723,-16940.082707783076
Pol130_NaH,0,1,2,0.001,0.0,0.0,0.0,0.0,0.0,0.0,-4430.727575214189,-4430.725109315985,-4430.752129423161
Pol130_NaH0+,0,1,2,0.001,0.001,0.0,0.0,0.0514220674763,0.0,0.0,-4430.727575214189,-4430.725109315985,-4430.752129423161
Pol130_NaH0-,0,1,2,0.001,-0.001,0.0,0.0,-0.0514220674763,0.0,0.0,-4430.727575214189,-4430.725109315985,-4430.752129423161
Pol130_NaH2+,0,1,2,0.001,0.0,0.0,0.001,0.0,0.0,0.0514220674763,-4430.802197461419,-4430.799063562189,-4430.819273804131
Pol130_NaH2-,0,1,2,0.001,0.0,0.0,-0.001,0.0,0.0,-0.0514220674763,-4430.652875745394,-4430.651782691793,-4430.68531297411
Pol130_NaLi,0,1,2,0.001,0.0,0.0,0.0,0.0,0.0,0.0,-4619.830161521315,-4619.941080614374,-4619.795962445874
Pol130_NaLi0+,0,1,2,0.001,0.001,0.0,0.0,0.0514220674763,0.0,0.0,-4619.830161521315,-4619.941080614374,-4619.795962445874
Pol130_NaLi0-,0,1,2,0.001,-0.001,0.0,0.0,-0.0514220674763,0.0,0.0,-4619.830161521315,-4619.941080614374,-4619.795962445874
Pol130_NaLi2+,0,1,2,0.001,0.0,0.0,0.001,0.0,0.0,0.0514220674763,-4619.806448583139,-4619.933748349037,-4619.7944951801655
Pol130_NaLi2-,0,1,2,0.001,0.0,0.0,-0.001,0.0,0.0,-0.0514220674763,-4619.854134579307,-4619.948304983195,-4619.797290429159
Pol130_Ne,0,1,1,0.01,0.0,0.0,0.0,0.0,0.0,0.0,-3508.9436300889497,-3508.7456308835363,-3508.04098699178
Pol130_Ne0+,0,1,1,0.01,0.01,0.0,0.0,0.514220674763,0.0,0.0,-3508.9436300889497,-3508.7456308835363,-3508.04098699178
Pol130_Ne0-,0,1,1,0.01,-0.01,0.0,0.0,-0.514220674763,0.0,0.0,-3508.9436300889497,-3508.7456308835363,-3508.04098699178
Pol130_O2,0,3,2,0.01,0.0,0.0,0.0,0.0,0.0,0.0,-4091.1848959175923,-4091.2719671386308,-4091.2192281482
Pol130_O20+,0,3,2,0.01,0.01,0.0,0.0,0.514220674763,0.0,0.0,-4091.1848959175923,-4091.2719671386308,-4091.2192281482
Pol130_O20-,0,3,2,0.01,-0.01,0.0,0.0,-0.514220674763,0.0,0.0,-4091.1848959175923,-4091.2719671386308,-4091.2192281482
Pol130_O22+,0,3,2,0.01,0.0,0.0,0.01,0.0,0.0,0.514220674763,-4091.1850544128756,-4091.245275296932,-4091.2381896572506
Pol130_O22-,0,3,2,0.01,0.0,0.0,-0.01,0.0,0.0,-0.514220674763,-4091.1850544128756,-4091.2463834339665,-4091.2383797929783
Pol130_O3,0,1,3,0.01,0.0,0.0,0.0,0.0,0.0,0.0,-6134.87823954568,-6134.876377970473,-6134.871766826585
Pol130_O30+,0,1,3,0.01,0.01,0.0,0.0,0.514220674763,0.0,0.0,-6134.87823954568,-6134.876377970473,-6134.871766826585
Pol130_O30-,0,1,3,0.01,-0.01,0.0,0.0,-0.514220674763,0.0,0.0,-6134.87823954568,-6134.876377970473,-6134.871766826585
Pol130_O31+,0,1,3,0.01,0.0,0.01,0.0,0.0,0.514220674763,0.0,-6134.869916166869,-6134.892308882785,-6134.900539850802
Pol130_O31-,0,1,3,0.01,0.0,-0.01,0.0,0.0,-0.514220674763,0.0,-6134.869916166869,-6134.89282622622,-6134.900914077137
Pol130_O32+,0,1,3,0.01,0.0,0.0,0.01,0.0,0.0,0.514220674763,-6135.010838537752,-6134.969349223189,-6134.984068817268
Pol130_O32-,0,1,3,0.01,0.0,0.0,-0.01,0.0,0.0,-0.514220674763,-6134.74548510366,-6134.801535817004,-6134.766027247018
Pol130_OCl,0,2,2,0.01,0.0,0.0,0.0,0.0,0.0,0.0,-14566.161081324806,-14566.526133480329,-14566.551020531542
Pol130_OCl0+,0,2,2,0.01,0.01,0.0,0.0,0.514220674763,0.0,0.0,-14566.161081324806,-14566.526133480329,-14566.551020531542
Pol130_OCl0-,0,2,2,0.01,-0.01,0.0,0.0,-0.514220674763,0.0,0.0,-14566.161081324806,-14566.526133480329,-14566.551020531542
Pol130_OCl2,0,1,3,0.01,0.0,0.0,0.0,0.0,0.0,0.0,-27088.747778964174,-27088.733425079772,-27088.766376190993
Pol130_OCl2+,0,2,2,0.01,0.0,0.0,0.01,0.0,0.0,0.514220674763,-14566.10281063985,-14566.452257480229,-14566.49458737559
Pol130_OCl2-,0,2,2,0.01,0.0,0.0,-0.01,0.0,0.0,-0.514220674763,-14566.213645948746,-14566.614253709411,-14566.596519312528
Pol130_OCl20+,0,1,3,0.01,0.01,0.0,0.0,0.514220674763,0.0,0.0,-27088.747778964174,-27088.733425079772,-27088.766376190993
Pol130_OCl20-,0,1,3,0.01,-0.01,0.0,0.0,-0.514220674763,0.0,0.0,-27088.747778964174,-27088.733425079772,-27088.766376190993
Pol130_OCl21+,0,1,3,0.01,0.0,0.01,0.0,0.0,0.514220674763,0.0,-27088.743420310373,-27088.795377424063,-27088.81228506447
Pol130_OCl21-,0,1,3,0.01,0.0,-0.01,0.0,0.0,-0.514220674763,0.0,-27088.743420310373,-27088.79540517017,-27088.8122618571
Pol130_OCl22+,0,1,3,0.01,0.0,0.0,0.01,0.0,0.0,0.514220674763,-27088.750258571577,-27088.810661757892,-27088.810030466648
Pol130_OCl22-,0,1,3,0.01,0.0,0.0,-0.01,0.0,0.0,-0.514220674763,-27088.744229235774,-27088.69664752238,-27088.742147153105
Pol130_OF,0,2,2,0.01,0.0,0.0,0.0,0.0,0.0,0.0,-4759.452766507485,-4759.532873519122,-4759.647498094115
Pol130_OF0+,0,2,2,0.01,0.01,0.0,0.0,0.514220674763,0.0,0.0,-4759.452766507485,-4759.532873519122,-4759.647498094115
Pol130_OF0-,0,2,2,0.01,-0.01,0.0,0.0,-0.514220674763,0.0,0.0,-4759.452766507485,-4759.532873519122,-4759.647498094115
Pol130_OF2,0,1,3,0.01,0.0,0.0,0.0,0.0,0.0,0.0,-7475.616734797225,-7475.510676064942,-7475.55084635619
Pol130_OF2+,0,2,2,0.01,0.0,0.0,0.01,0.0,0.0,0.514220674763,-4759.439698439855,-4759.539181775524,-4759.760055505677
Pol130_OF2-,0,2,2,0.01,0.0,0.0,-0.01,0.0,0.0,-0.514220674763,-4759.463277212292,-4759.531657784356,-4759.542359085991
Pol130_OF20+,0,1,3,0.01,0.01,0.0,0.0,0.514220674763,0.0,0.0,-7475.616734797225,-7475.510676064942,-7475.55084635619
Pol130_OF20-,0,1,3,0.01,-0.01,0.0,0.0,-0.514220674763,0.0,0.0,-7475.616734797225,-7475.510676064942,-7475.55084635619
Pol130_OF21+,0,1,3,0.01,0.0,0.01,0.0,0.0,0.514220674763,0.0,-7475.612199640435,-7475.542189619536,-7475.575832352405
Pol130_OF21-,0,1,3,0.01,0.0,-0.01,0.0,0.0,-0.514220674763,0.0,-7475.612199640435,-7475.542148929181,-7475.575880330035
Pol130_OF22+,0,1,3,0.01,0.0,0.0,0.01,0.0,0.0,0.514220674763,-7475.55081827716,-7475.484455883579,-7475.514909784605
Pol130_OF22-,0,1,3,0.01,0.0,0.0,-0.01,0.0,0.0,-0.514220674763,-7475.681177097988,-7475.565111893892,-7475.605520579558
Pol130_OH,0,2,2,0.01,0.0,0.0,0.0,0.0,0.0,0.0,-2061.0655899636945,-2061.0683429075516,-2061.0549262998447
Pol130_OH2+,0,2,2,0.01,0.0,0.0,0.01,0.0,0.0,0.514220674763,-2061.195105755212,-2061.262158238772,-2061.2185760892908
Pol130_OH2-,0,2,2,0.01,0.0,0.0,-0.01,0.0,0.0,-0.514220674763,-2060.935202149778,-2060.8803547440334,-2060.9028285697505
Pol130_P,0,4,1,0.01,0.0,0.0,0.0,0.0,0.0,0.0,-9285.67880606008,-9285.740157862414,-9286.106101432775
Pol130_P0+,0,4,1,0.01,0.01,0.0,0.0,0.514220674763,0.0,0.0,-9285.67880606008,-9285.740157862414,-9286.106101432775
Pol130_P0-,0,4,1,0.01,-0.01,0.0,0.0,-0.514220674763,0.0,0.0,-9285.67880606008,-9285.740157862414,-9286.106101432775
Pol130_P2,0,1,2,0.01,0.0,0.0,0.0,0.0,0.0,0.0,-18576.49530159323,-18576.51735891818,-18576.54516819412
Pol130_P20+,0,1,2,0.01,0.01,0.0,0.0,0.514220674763,0.0,0.0,-18576.49530159323,-18576.51735891818,-18576.54516819412
Pol130_P20-,0,1,2,0.01,-0.01,0.0,0.0,-0.514220674763,0.0,0.0,-18576.49530159323,-18576.51735891818,-18576.54516819412
Pol130_P22+,0,1,2,0.01,0.0,0.0,0.01,0.0,0.0,0.514220674763,-18576.489975236076,-18576.564204807077,-18576.59066451885
Pol130_P22-,0,1,2,0.01,0.0,0.0,-0.01,0.0,0.0,-0.514220674763,-18576.489975236076,-18576.5641280789,-18576.590606231883
Pol130_P2H4,0,1,6,0.01,0.0,0.0,0.0,0.0,0.0,0.0,-18641.410145602167,-18641.4741285515,-18641.483189804043
Pol130_P2H40+,0,1,6,0.01,0.01,0.0,0.0,0.514220674763,0.0,0.0,-18641.40494380476,-18641.516483773365,-18641.53130561857
Pol130_P2H40-,0,1,6,0.01,-0.01,0.0,0.0,-0.514220674763,0.0,0.0,-18641.40494380476,-18641.516375494073,-18641.531231817928
Pol130_P2H41+,0,1,6,0.01,0.0,0.01,0.0,0.0,0.514220674763,0.0,-18641.400176364452,-18641.543048068637,-18641.541944776236
Pol130_P2H41-,0,1,6,0.01,0.0,-0.01,0.0,0.0,-0.514220674763,0.0,-18641.400176364452,-18641.54294645695,-18641.542006822947
Pol130_P2H42+,0,1,6,0.01,0.0,0.0,0.01,0.0,0.0,0.514220674763,-18641.407892955052,-18641.40397088757,-18641.41406228705
Pol130_P2H42-,0,1,6,0.01,0.0,0.0,-0.01,0.0,0.0,-0.514220674763,-18641.407132397046,-18641.621808621534,-18641.63664353282
Pol130_PH,0,3,2,0.01,0.0,0.0,0.0,0.0,0.0,0.0,-9302.50804691587,-9302.411513068937,-9302.367943286035
Pol130_PH0+,0,3,2,0.01,0.01,0.0,0.0,0.514220674763,0.0,0.0,-9302.50804691587,-9302.411513068937,-9302.367943286035
Pol130_PH0-,0,3,2,0.01,-0.01,0.0,0.0,-0.514220674763,0.0,0.0,-9302.50804691587,-9302.411513068937,-9302.367943286035
Pol130_PH2,0,2,3,0.01,0.0,0.0,0.0,0.0,0.0,0.0,-9319.322598028848,-9319.347588401364,-9319.378876565659
Pol130_PH2+,0,3,2,0.01,0.0,0.0,0.01,0.0,0.0,0.514220674763,-9302.493123079974,-9302.473980098332,-9302.409699621823
Pol130_PH2-,0,3,2,0.01,0.0,0.0,-0.01,0.0,0.0,-0.514220674763,-9302.521921782702,-9302.369033665454,-9302.364350473928
Pol130_PH20+,0,2,3,0.01,0.01,0.0,0.0,0.514220674763,0.0,0.0,-9319.322598028848,-9319.347588401364,-9319.378876565659
Pol130_PH20-,0,2,3,0.01,-0.01,0.0,0.0,-0.514220674763,0.0,0.0,-9319.322598028848,-9319.347588401364,-9319.378876565659
Pol130_PH21+,0,2,3,0.01,0.0,0.01,0.0,0.0,0.514220674763,0.0,-9319.320457798092,-9319.367705390336,-9319.40100831869
Pol130_PH21-,0,2,3,0.01,0.0,-0.01,0.0,0.0,-0.514220674763,0.0,-9319.320457798092,-9319.367164038735,-9319.400656580467
Pol130_PH22+,0,2,3,0.01,0.0,0.0,0.01,0.0,0.0,0.514220674763,-9319.2987181316,-9319.308427821856,-9319.361004506987
Pol130_PH22-,0,2,3,0.01,0.0,0.0,-0.01,0.0,0.0,-0.514220674763,-9319.344148358461,-9319.423261013857,-9319.4283935738
Pol130_PH2OH,0,1,5,0.01,0.0,0.0,0.0,0.0,0.0,0.0,-11384.508890561761,-11384.527117638583,-11384.531784048868
Pol130_PH2OH0+,0,1,5,0.01,0.01,0.0,0.0,0.514220674763,0.0,0.0,-11384.575290659926,-11384.611231429277,-11384.623897395048
Pol130_PH2OH0-,0,1,5,0.01,-0.01,0.0,0.0,-0.514220674763,0.0,0.0,-11384.437313771214,-11384.500233909064,-11384.505659221853
Pol130_PH2OH1+,0,1,5,0.01,0.0,0.01,0.0,0.0,0.514220674763,0.0,-11384.54965902906,-11384.589386882733,-11384.583296174942
Pol130_PH2OH1-,0,1,5,0.01,0.0,-0.01,0.0,0.0,-0.514220674763,0.0,-11384.463651200187,-11384.528582953038,-11384.534677106309
Pol130_PH2OH2+,0,1,5,0.01,0.0,0.0,0.01,0.0,0.0,0.514220674763,-11384.572257371798,-11384.608460696736,-11384.621220942183
Pol130_PH2OH2-,0,1,5,0.01,0.0,0.0,-0.01,0.0,0.0,-0.514220674763,-11384.44037694548,-11384.502362607956,-11384.507818893362
Pol130_PH3,0,1,4,0.01,0.0,0.0,0.0,0.0,0.0,0.0,-9336.650168931577,-9336.638727264472,-9336.633852923509
Pol130_PH30+,0,1,4,0.01,0.01,0.0,0.0,0.514220674763,0.0,0.0,-9336.64823714896,-9336.663784005645,-9336.661731035667
Pol130_PH30-,0,1,4,0.01,-0.01,0.0,0.0,-0.514220674763,0.0,0.0,-9336.64823714896,-9336.663730303544,-9336.66169212492
Pol130_PH32+,0,1,4,0.01,0.0,0.0,0.01,0.0,0.0,0.514220674763,-9336.666915391459,-9336.721205862035,-9336.716076679328
Pol130_PH32-,0,1,4,0.01,0.0,0.0,-0.01,0.0,0.0,-0.514220674763,-9336.633357265695,-9336.591263397495,-9336.58239064163
Pol130_PH3O,0,1,5,0.01,0.0,0.0,0.0,0.0,0.0,0.0,-11384.450439623917,-11384.448983756385,-11384.437261877827
Pol130_PH3O0+,0,1,5,0.01,0.01,0.0,0.0,0.514220674763,0.0,0.0,-11384.447965801377,-11384.476482424705,-11384.465645352178
Pol130_PH3O0-,0,1,5,0.01,-0.01,0.0,0.0,-0.514220674763,0.0,0.0,-11384.44798363218,-11384.476491015625,-11384.470366481419
Pol130_PH3O2+,0,1,5,0.01,0.0,0.0,0.01,0.0,0.0,0.514220674763,-11384.796334429251,-11384.889760061282,-11384.886510705388
Pol130_PH3O2-,0,1,5,0.01,0.0,0.0,-0.01,0.0,0.0,-0.514220674763,-11384.094269766654,-11384.082192861715,-11384.074052128344
Pol130_PS,0,2,2,0.01,0.0,0.0,0.0,0.0,0.0,0.0,-20122.914381569943,-20122.928219139394,-20122.96449561355
Pol130_PS2+,0,2,2,0.01,0.0,0.0,0.01,0.0,0.0,0.514220674763,-20122.866476994972,-20122.925793075,-20122.961896257086
Pol130_PS2-,0,2,2,0.01,0.0,0.0,-0.01,0.0,0.0,-0.514220674763,-20122.948070231425,-20122.97410394675,-20123.082031974274
Pol130_S2,0,3,2,0.01,0.0,0.0,0.0,0.0,0.0,0.0,-21669.366469976278,-21669.745221890837,-21669.684579731053
Pol130_S20+,0,3,2,0.01,0.01,0.0,0.0,0.514220674763,0.0,0.0,-21669.366469976278,-21669.745221890837,-21669.684579731053
Pol130_S20-,0,3,2,0.01,-0.01,0.0,0.0,-0.514220674763,0.0,0.0,-21669.366469976278,-21669.745221890837,-21669.684579731053
Pol130_S22+,0,3,2,0.01,0.0,0.0,0.01,0.0,0.0,0.514220674763,-21669.36162255147,-21669.761475826046,-21669.723064300433
Pol130_S22-,0,3,2,0.01,0.0,0.0,-0.01,0.0,0.0,-0.514220674763,-21669.36162255147,-21669.761440648494,-21669.723156336477
Pol130_S2H2,0,1,4,0.01,0.0,0.0,0.0,0.0,0.0,0.0,-21702.785580850872,-21702.79116430643,-21702.792551780054
Pol130_S2H20+,0,1,4,0.01,0.01,0.0,0.0,0.514220674763,0.0,0.0,-21702.78407260519,-21702.807365381646,-21702.810641615833
Pol130_S2H20-,0,1,4,0.01,-0.01,0.0,0.0,-0.514220674763,0.0,0.0,-21702.78407260519,-21702.807296262865,-21702.81058845986
Pol130_S2H21+,0,1,4,0.01,0.0,0.01,0.0,0.0,0.514220674763,0.0,-21702.780689309748,-21702.8571272676,-21702.83702837385
Pol130_S2H21-,0,1,4,0.01,0.0,-0.01,0.0,0.0,-0.514220674763,0.0,-21702.780689309748,-21702.856970073404,-21702.837078651784
Pol130_S2H22+,0,1,4,0.01,0.0,0.0,0.01,0.0,0.0,0.514220674763,-21702.714043499684,-21702.686634899033,-21702.688743981842
Pol130_S2H22-,0,1,4,0.01,0.0,0.0,-0.01,0.0,0.0,-0.514220674763,-21702.855341294096,-21702.930826860513,-21702.932435755218
Pol130_SCl,0,2,2,0.01,0.0,0.0,0.0,0.0,0.0,0.0,-23356.3393864825,-23356.359715024028,-23356.344048546252
Pol130_SCl2,0,1,3,0.01,0.0,0.0,0.0,0.0,0.0,0.0,-35879.76389060868,-35879.78313943206,-35879.77362709346
Pol130_SCl2+,0,2,2,0.01,0.0,0.0,0.01,0.0,0.0,0.514220674763,-23356.313683526667,-23356.353559141495,-23356.406575418634
Pol130_SCl2-,0,2,2,0.01,0.0,0.0,-0.01,0.0,0.0,-0.514220674763,-23356.35863636356,-23356.41545021151,-23356.333415073186
Pol130_SCl20+,0,1,3,0.01,0.01,0.0,0.0,0.514220674763,0.0,0.0,-35879.76389060868,-35879.78313943206,-35879.77362709346
Pol130_SCl20-,0,1,3,0.01,-0.01,0.0,0.0,-0.514220674763,0.0,0.0,-35879.76389060868,-35879.78313943206,-35879.77362709346
Pol130_SCl21+,0,1,3,0.01,0.0,0.01,0.0,0.0,0.514220674763,0.0,-35879.756991912516,-35879.867300291364,-35879.82657479316
Pol130_SCl21-,0,1,3,0.01,0.0,-0.01,0.0,0.0,-0.514220674763,0.0,-35879.756991912516,-35879.867050963934,-35879.82657886831
Pol130_SCl22+,0,1,3,0.01,0.0,0.0,0.01,0.0,0.0,0.514220674763,-35879.67625161028,-35879.78366743116,-35879.745438899256
Pol130_SCl22-,0,1,3,0.01,0.0,0.0,-0.01,0.0,0.0,-0.514220674763,-35879.84808726543,-35879.84767886091,-35879.8502729144
Pol130_SF,0,2,2,0.01,0.0,0.0,0.0,0.0,0.0,0.0,-13550.49070545369,-13550.694277633966,-13550.658036416939
Pol130_SF2,0,1,3,0.01,0.0,0.0,0.0,0.0,0.0,0.0,-16268.909878150269,-16268.886320276586,-16268.901395092904
Pol130_SF2+,0,2,2,0.01,0.0,0.0,0.01,0.0,0.0,0.514220674763,-13550.551783933834,-13550.743650286144,-13550.795207599022
Pol130_SF2-,0,2,2,0.01,0.0,0.0,-0.01,0.0,0.0,-0.514220674763,-13550.42495749368,-13550.66679007437,-13550.554332564536
Pol130_SF20+,0,1,3,0.01,0.01,0.0,0.0,0.514220674763,0.0,0.0,-16268.909878150269,-16268.886320276586,-16268.901395092904
Pol130_SF20-,0,1,3,0.01,-0.01,0.0,0.0,-0.514220674763,0.0,0.0,-16268.909878150269,-16268.886320276586,-16268.901395092904
Pol130_SF21+,0,1,3,0.01,0.0,0.01,0.0,0.0,0.514220674763,0.0,-16268.903891046006,-16268.914519739363,-16268.923677111121
Pol130_SF21-,0,1,3,0.01,0.0,-0.01,0.0,0.0,-0.514220674763,0.0,-16268.903891046006,-16268.914296987119,-16268.923654098915
Pol130_SF22+,0,1,3,0.01,0.0,0.0,0.01,0.0,0.0,0.514220674763,-16268.788163171625,-16268.790412123788,-16268.80682873973
Pol130_SF22-,0,1,3,0.01,0.0,0.0,-0.01,0.0,0.0,-0.514220674763,-16269.028163328996,-16269.015334399699,-16269.021187698643
Pol130_SH,0,2,2,0.01,0.0,0.0,0.0,0.0,0.0,0.0,-10849.930890603751,-10849.91707541801,-10849.937593675642
Pol130_SH2,0,1,3,0.01,0.0,0.0,0.0,0.0,0.0,0.0,-10867.512175142305,-10867.514553256642,-10867.516154621815
Pol130_SH2+,0,2,2,0.01,0.0,0.0,0.01,0.0,0.0,0.514220674763,-10849.871465760949,-10849.829386042167,-10849.928207192477
Pol130_SH2-,0,2,2,0.01,0.0,0.0,-0.01,0.0,0.0,-0.514220674763,-10849.987935721347,-10850.012238136464,-10849.99204036051
Pol130_SH20+,0,1,3,0.01,0.01,0.0,0.0,0.514220674763,0.0,0.0,-10867.512175142305,-10867.514553256642,-10867.516154621815
Pol130_SH20-,0,1,3,0.01,-0.01,0.0,0.0,-0.514220674763,0.0,0.0,-10867.512175142305,-10867.514553256642,-10867.516154621815
Pol130_SH21+,0,1,3,0.01,0.0,0.01,0.0,0.0,0.514220674763,0.0,-10867.510860572014,-10867.533628726878,-10867.536131236158
Pol130_SH21-,0,1,3,0.01,0.0,-0.01,0.0,0.0,-0.514220674763,0.0,-10867.510860572014,-10867.533542662297,-10867.536078146555
Pol130_SH22+,0,1,3,0.01,0.0,0.0,0.01,0.0,0.0,0.514220674763,-10867.587745191993,-10867.631853361421,-10867.637424473065
Pol130_SH22-,0,1,3,0.01,0.0,0.0,-0.01,0.0,0.0,-0.514220674763,-10867.436211430308,-10867.427659464869,-10867.418055835364
Pol130_SO-trip,0,3,2,0.01,0.0,0.0,0.0,0.0,0.0,0.0,-12880.813735075699,-12881.025918147228,-12881.109198108601
Pol130_SO-trip0+,0,3,2,0.01,0.01,0.0,0.0,0.514220674763,0.0,0.0,-12880.813735075699,-12881.025918147228,-12881.109198108601
Pol130_SO-trip0-,0,3,2,0.01,-0.01,0.0,0.0,-0.514220674763,0.0,0.0,-12880.813735075699,-12881.025918147228,-12881.109198108601
Pol130_SO-trip2+,0,3,2,0.01,0.0,0.0,0.01,0.0,0.0,0.514220674763,-12880.978181340972,-12881.214115363837,-12881.248387656222
Pol130_SO-trip2-,0,3,2,0.01,0.0,0.0,-0.01,0.0,0.0,-0.514220674763,-12880.646753052686,-12880.842378684141,-12881.016992520603
Pol130_SO2,0,1,3,0.01,0.0,0.0,0.0,0.0,0.0,0.0,-14929.751983829383,-14929.75283731932,-14929.756195803688
Pol130_SO20+,0,1,3,0.01,0.01,0.0,0.0,0.514220674763,0.0,0.0,-14929.751983829383,-14929.75283731932,-14929.756195803688
Pol130_SO20-,0,1,3,0.01,-0.01,0.0,0.0,-0.514220674763,0.0,0.0,-14929.751983829383,-14929.75283731932,-14929.756195803688
Pol130_SO21+,0,1,3,0.01,0.0,0.01,0.0,0.0,0.514220674763,0.0,-14929.74395653379,-14929.790326331162,-14929.790327889432
Pol130_SO21-,0,1,3,0.01,0.0,-0.01,0.0,0.0,-0.514220674763,0.0,-14929.74395653379,-14929.791007340315,-14929.790814469754
Pol130_SO22+,0,1,3,0.01,0.0,0.0,0.01,0.0,0.0,0.514220674763,-14929.949395076199,-14929.957540072523,-14929.946898172528
Pol130_SO22-,0,1,3,0.01,0.0,0.0,-0.01,0.0,0.0,-0.514220674763,-14929.552067752336,-14929.56889596433,-14929.569611172137
Pol130_SiH3,0,2,4,0.01,0.0,0.0,0.0,0.0,0.0,0.0,-7923.811099175925,-7923.854100674987,-7923.875115083761
Pol130_SiH30+,0,2,4,0.01,0.01,0.0,0.0,0.514220674763,0.0,0.0,-7923.808809391129,-7923.882262022302,-7923.9054153393035
Pol130_SiH30-,0,2,4,0.01,-0.01,0.0,0.0,-0.514220674763,0.0,0.0,-7923.808809391129,-7923.881461851702,-7923.904912931681
Pol130_SiH32+,0,2,4,0.01,0.0,0.0,0.01,0.0,0.0,0.514220674763,-7923.78407417382,-7923.82091761148,-7923.87070559614
Pol130_SiH32-,0,2,4,0.01,0.0,0.0,-0.01,0.0,0.0,-0.514220674763,-7923.837764123135,-7923.89985897804,-7923.89029016011
Pol130_SiH3Cl,0,1,5,0.01,0.0,0.0,0.0,0.0,0.0,0.0,-20449.43723508563,-20449.43083828481,-20449.436284308962
Pol130_SiH3Cl0+,0,1,5,0.01,0.01,0.0,0.0,0.514220674763,0.0,0.0,-20449.434395464657,-20449.460783746403,-20449.47245485017
Pol130_SiH3Cl0-,0,1,5,0.01,-0.01,0.0,0.0,-0.514220674763,0.0,0.0,-20449.434395464657,-20449.460852209504,-20449.472523836797
Pol130_SiH3Cl2+,0,1,5,0.01,0.0,0.0,0.01,0.0,0.0,0.514220674763,-20449.546404422,-20449.62744582853,-20449.61934898839
Pol130_SiH3Cl2-,0,1,5,0.01,0.0,0.0,-0.01,0.0,0.0,-0.514220674763,-20449.317889614336,-20449.349311692968,-20449.34508974381
Pol130_SiH3F,0,1,5,0.01,0.0,0.0,0.0,0.0,0.0,0.0,-10644.73071469834,-10644.741722917252,-10644.744731785375
Pol130_SiH3F0+,0,1,5,0.01,0.01,0.0,0.0,0.514220674763,0.0,0.0,-10644.727769147536,-10644.771666751401,-10644.780535435528
Pol130_SiH3F0-,0,1,5,0.01,-0.01,0.0,0.0,-0.514220674763,0.0,0.0,-10644.727769147536,-10644.77173287436,-10644.780604699945
Pol130_SiH3F2+,0,1,5,0.01,0.0,0.0,0.01,0.0,0.0,0.514220674763,-10644.611493073895,-10644.635550076533,-10644.64523893498
Pol130_SiH3F2-,0,1,5,0.01,0.0,0.0,-0.01,0.0,0.0,-0.514220674763,-10644.84521067444,-10644.896514506994,-10644.899088754675
Pol130_SiH4,0,1,5,0.01,0.0,0.0,0.0,0.0,0.0,0.0,-7941.522452495102,-7941.528579076767,-7941.5205743705255
Pol130_SiH40+,0,1,5,0.01,0.01,0.0,0.0,0.514220674763,0.0,0.0,-7941.519832101478,-7941.559492847402,-7941.556567583971
Pol130_SiH40-,0,1,5,0.01,-0.01,0.0,0.0,-0.514220674763,0.0,0.0,-7941.519832101478,-7941.559496548058,-7941.556599772102
Pol130_SiO,0,1,2,0.01,0.0,0.0,0.0,0.0,0.0,0.0,-9924.902182920556,-9924.966156065188,-9924.975701386396
Pol130_SiO0+,0,1,2,0.01,0.01,0.0,0.0,0.514220674763,0.0,0.0,-9924.902182920556,-9924.966156065188,-9924.975701386396
Pol130_SiO0-,0,1,2,0.01,-0.01,0.0,0.0,-0.514220674763,0.0,0.0,-9924.902182920556,-9924.966156065188,-9924.975701386396
Pol130_SiO2+,0,1,2,0.01,0.0,0.0,0.01,0.0,0.0,0.514220674763,-9925.249821811994,-9925.321604112665,-9925.36308286097
Pol130_SiO2-,0,1,2,0.01,0.0,0.0,-0.01,0.0,0.0,-0.514220674763,-9924.547946543087,-9924.643861196899,-9924.639884525006
