Reaction,Dataset,Reference,wB97M-V,MACE-MP-0b3
BH28_BHDIV_1,BH28,56.95506721802172,56.86413080407168,46.79824576287076
BH28_BHDIV_2,BH28,50.09560239717492,50.716834266458974,-3.8633041540744726
BH28_BHDIV_3,BH28,65.55927318575337,63.82705380218044,37.9506007199877
BH28_BHPERI_4,BH28,35.014340274654955,36.69054973135369,17.637454013601605
BH28_BHPERI_5,BH28,30.99904394721036,30.47714864744629,-1.11724765425004
BH28_BHPERI_6,BH28,39.86615693177946,39.48993939968487,24.300708796025766
BH28_BHPERI_7,BH28,28.48948358568012,26.576102969945712,22.97866027380067
BH28_BHPERI_8,BH28,37.11759076176924,38.33297934906968,29.75319967416227
BH28_BHPERI_9,BH28,22.44263851366524,22.574181442194345,-4.026492718824987
BH28_CADBH_10,BH28,27.5573615601177,27.89880283090504,20.805772624973912
BH28_CADBH_11,BH28,20.100382218070973,20.83236794076061,11.459871862190411
BH28_CADBH_12,BH28,13.8862330801201,15.532499165234295,3.426794934906389
BH28_CADBH_13,BH28,11.63957910791783,14.350360485203048,6.062079062079742
BH28_CADBH_14,BH28,6.668260174062819,7.666197715052473,-5.346014179516036
BH28_CADBH_15,BH28,4.947418980516489,6.534567523606747,-5.186488142361561
BH28_CADBH_16,BH28,13.264818605581643,13.051730632666064,0.8058277847609155
BH28_CADBH_17,BH28,6.21414913795087,6.04798437820592,1.2241932785371958
BH28_CADBH_18,BH28,0.7170174254399184,0.1653372629932537,0.9000982025472009
BH28_CRBH_19,BH28,46.15200781227431,46.343961140616535,47.24292531935295
BH28_CRBH_20,BH28,49.88049716954295,50.2376782605027,46.21674405576486
BH28_CRBH_21,BH28,42.94933060615216,43.13554630161521,26.426652782531132
BH28_CRBH_22,BH28,44.88527702733047,47.43116447710047,41.6421184175015
BH28_CRBH_23,BH28,50.88432093764936,51.74303646565741,38.60457212637915
BH28_CRBH_24,BH28,42.710324797672186,42.60602061211368,20.172923061994418
BH28_PXBH_25,BH28,48.44646294617259,48.229959062682624,26.236484289707885
BH28_PXBH_26,BH28,26.6730400687418,25.41886813290576,11.382494493314045
BH28_PXBH_27,BH28,14.459847020472036,12.289895037312052,10.022616233447302
BH28_PXBH_28,BH28,14.388145277928045,11.915989940390316,9.654996878694876
BH76_3,BH46,42.100031673542496,37.342640132030425,-30.866593683488464
BH76_7,BH46,30.50002331305889,28.24913860922289,-0.4449981833523755
BH76_8,BH46,56.90004279476982,52.76099538668453,9.337704504927302
BH76_9,BH46,1.5000011568309202,-0.4977852562571784,-32.613930200225646
BH76_10,BH46,104.8000792760636,101.83145080456572,74.23224537790753
BH76_13,BH46,-0.6000007137361577,-1.0805197330599894,-35.68419522166473
BH76_15,BH46,13.400009874182606,12.445815328361196,-7.75761026985673
BH76_17,BH46,2.5000021372213586,2.877951971965673,-7.539612448666217
BH76_21,BH46,-12.300008984005968,-12.533766303274666,-33.23106022397943
BH76_22,BH46,19.80001476816057,20.18435108056157,-8.276084823100515
BH76_27,BH46,11.000008274256924,10.573961344338386,8.565308571744046
BH76_28,BH46,47.70003603421189,47.12074677266841,32.498738436110386
BH76_31,BH46,3.200002133234244,3.3612912071049137,-11.946115146406765
BH76_32,BH46,22.80001708182241,22.8620540489482,37.92264378485879
BH76_35,BH46,6.400004893977961,6.051155183602156,-14.967717433985818
BH76_36,BH46,33.00002482277077,33.66816271148443,33.58319432717385
BH76_39,BH46,6.100004537109882,4.873631020007609,-38.614155676387014
BH76_40,BH46,8.000005960595084,5.975475658484788,-25.560962230555436
BH76_41,BH46,5.20000409401512,3.4007113522721326,-3.6180917446788743
BH76_42,BH46,21.600016281859567,19.277367335545524,1.6126892247962703
BH76_43,BH46,11.900008717351689,10.431514246452588,0.9136250930319382
BH76_44,BH46,15.000011568309205,14.423764535453426,-2.9193938049966643
BH76_47,BH46,9.700007564507882,8.853194134174096,-3.2888907093969384
BH76_49,BH46,3.400002580316121,2.410249770904295,-11.982338513402178
BH76_50,BH46,13.700010231050683,11.728336746220046,-2.8246761119404242
BH76_51,BH46,1.800001513698999,0.9425539940694144,-20.62880063060602
BH76_52,BH46,6.800005160632242,6.036648921560808,-11.408626082803066
BH76_53,BH46,3.5000024901023226,2.358557360208688,-9.684742343650049
BH76_54,BH46,20.400015481896727,18.33180732007471,10.561381664705689
BH76_55,BH46,1.6000010666171218,-2.1231516363338336,-23.153689697117343
BH76_56,BH46,33.80002535607933,29.181932760187788,-7.256426497871519
BH76_57,BH46,14.400010854573043,11.707560472291132,-14.808724356076777
BH76_58,BH46,8.900007031199321,6.798336487436589,6.624250387011763
BH76_59,BH46,2.900002403875639,3.339371610922215,-5.70139377268133
BH76_60,BH46,24.70001850530761,23.85886853622202,25.76322295831995
BH76_65,BH46,10.400007560520766,7.628605755948749,-53.985799113769005
BH76_66,BH46,9.900007384080284,7.813476698612351,-23.332649822877592
BH76_67,BH46,8.900007031199321,7.647621301091554,2.9446987227725305
BH76_68,BH46,22.000016548513848,20.872337658714947,1.655692873238162
BH76_69,BH46,9.800007474294082,9.096762501283644,10.30562423819228
BH76_70,BH46,19.400014501506288,18.232634593309115,-2.165705752193998
BH76_71,BH46,11.300008631125005,10.710394893452024,-4.938176589112296
BH76_72,BH46,17.800013434889166,17.36555787803796,6.150285017781688
BH76_73,BH46,13.900010678132563,13.295361123209068,-2.403368798780756
BH76_74,BH46,16.9000129917944,15.861679842179246,-2.4972313327388447
BH76_75,BH46,39.700030073616816,39.44944364053168,24.173610109161945
BH9_1,BH876,11.740000076561127,11.014517548305118,-1.8807331899465083
BH9_2,BH876,9.010000000000014,10.25597807198742,4.47875901107541
BH9_3,BH876,38.50999977168731,38.27488220016119,19.4822381719242
BH9_4,BH876,6.559999999999983,7.9355993294546945,-4.644783870548265
BH9_5,BH876,17.100000261177325,17.189316445662246,-2.7652017459152893
BH9_6,BH876,15.179999999999978,16.336308179043964,8.26513069523245
BH9_7,BH876,10.800000000000004,10.0992294056565,-1.044457543000459
BH9_8,BH876,20.54000029537003,22.11455710782443,6.408907027858617
BH9_9,BH876,8.559999999999999,7.519742337652926,-2.2812733575348276
BH9_10,BH876,10.839999999999982,11.557317886951516,3.465026632034365
BH9_11,BH876,6.919999999999971,6.155443555860623,-8.97032141361998
BH9_12,BH876,26.64999980338274,26.478034659821,19.68848158655752
BH9_13,BH876,7.939999999999999,7.950193442767258,-7.49174747338091
BH9_14,BH876,24.569999797301328,25.146870888318745,16.61642323882966
BH9_15,BH876,13.670000217963238,14.155142350607788,-6.772587231952089
BH9_16,BH876,20.44999974905297,21.049408658634963,10.629564314550125
BH9_17,BH876,-0.7899999148204667,-2.190909921092836,-20.707006261861018
BH9_18,BH876,15.790000187959135,17.40610816774777,19.208600799634834
BH9_19,BH876,7.640000000000009,7.752598804282472,-1.8221861817348404
BH9_20,BH876,31.53000000000001,31.21960637372185,23.339086414042985
BH9_21,BH876,10.880000000000022,10.615634562308156,-0.8416783856864858
BH9_22,BH876,8.299999999999986,9.865239531430367,4.778965730905391
BH9_23,BH876,3.370000097342364,2.837083848715507,-3.689444208178787
BH9_24,BH876,36.53000030290157,36.44689997626489,30.239165346820894
BH9_25,BH876,14.829999798992652,15.771169256134469,-2.3900691321638265
BH9_26,BH876,20.63999999999998,21.19607418892683,16.093539783562125
BH9_27,BH876,7.960000000000019,8.15642568642285,-3.998933900376054
BH9_28,BH876,23.9499997291174,24.23733669377703,15.539711155225408
BH9_29,BH876,9.349999722633012,8.462339818111312,0.43251387993343327
BH9_30,BH876,11.720000094603888,12.173445970703307,6.458309365013096
BH9_31,BH876,17.039999999999978,17.275647128312283,0.44583785019362776
BH9_32,BH876,15.200000092711072,16.644466723856706,8.443282108317796
BH9_33,BH876,16.960000000000022,15.97346965095664,3.8847719612248057
BH9_34,BH876,3.8700002737828463,4.37478539822254,0.1120164148301181
BH9_35,BH876,7.760000000000004,7.619863105761325,-0.9887059222025802
BH9_36,BH876,19.980000173057828,20.052832750458403,9.731918336558685
BH9_37,BH876,4.249999930970413,3.740859765266594,-2.94087805438311
BH9_38,BH876,36.12000004526867,36.122617136275295,26.960074311972782
BH9_39,BH876,5.779999805718245,6.388867667578389,-2.4796100238904097
BH9_40,BH876,30.87999975239592,32.097418521080655,15.128797957388066
BH9_41,BH876,5.420000130487919,6.201834578279336,-1.8929106074765785
BH9_42,BH876,25.96999978932709,26.228995853342205,17.04642286826567
BH9_43,BH876,16.3800002832072,17.219844216795572,10.422922891587751
BH9_44,BH876,9.260000000000016,10.029724573739731,3.248781305148304
BH9_45,BH876,12.960000230971737,12.58174649339515,2.9256948554321496
BH9_46,BH876,9.630000097543851,10.78255415315269,0.8795926705374251
BH9_47,BH876,7.109999999999975,6.981056202137179,-2.34519263036178
BH9_48,BH876,24.940000091019748,25.613017681666328,17.743023975117115
BH9_49,BH876,6.750000185663349,6.887090799913686,0.5020157303705421
BH9_50,BH876,21.04999983527966,21.240176119516267,12.751678990947344
BH9_51,BH876,18.760000000000023,16.94314956181587,8.21330509117414
BH9_52,BH876,2.3999997173972605,2.993099960450321,-0.8767021554543395
BH9_53,BH876,9.779999999999976,10.547390585162669,7.141529572656095
BH9_54,BH876,18.83000000000003,19.4179226178417,12.260060030051697
BH9_55,BH876,22.45999981828405,22.05604937949662,7.944494728147727
BH9_56,BH876,9.640000000000024,10.120552616865965,4.10564083317387
BH9_57,BH876,7.919999999999978,8.796973615112016,2.9363569376883527
BH9_58,BH876,18.08000000459157,17.9845755174053,16.461467547927228
BH9_59,BH876,14.29000000000002,14.117598521483592,11.273568957503953
BH9_60,BH876,6.030000207693223,6.566806575833498,-0.43866002237876606
BH9_61,BH876,24.18000014913514,22.914684272551245,7.3278596328420385
BH9_62,BH876,7.640000000000009,8.174360032743794,1.8096306864145575
BH9_63,BH876,11.469999999999992,11.229806385238664,-3.0878800202982357
BH9_64,BH876,10.550000000000002,11.778207622419696,3.1238518055258284
BH9_65,BH876,20.070000091865406,18.818510947233182,13.368467321970193
BH9_66,BH876,3.029999776559805,2.949784738465547,-0.4912358943091169
BH9_67,BH876,13.01999999999999,11.863222856963,4.573699399301315
BH9_68,BH876,8.080000000000014,8.501608105933116,0.44773900064281064
BH9_69,BH876,9.68,9.709640964442736,4.302139821722069
BH9_70,BH876,27.800000020943006,28.853930671560963,24.33515487669563
BH9_71,BH876,7.820000000000003,8.946814970903079,3.7401731979869717
BH9_72,BH876,18.49,18.71207712008597,15.669373737616358
BH9_73,BH876,6.150000099436665,5.1812000823515785,-1.8101674264170273
BH9_74,BH876,31.910000078212736,31.415313400934185,22.95219745103857
BH9_75,BH876,6.290000000000024,5.6065028487256185,1.6084537400079644
BH9_76,BH876,30.93000000000003,30.686298182649622,20.695663032339425
BH9_77,BH876,5.3000002387444765,4.30944208369258,0.47544538413144877
BH9_78,BH876,27.450000000000024,26.796628373421004,13.92267776028482
BH9_79,BH876,5.709999868867904,4.562178615188392,-4.0589436927148235
BH9_80,BH876,24.840000181233545,24.00603331307937,7.755988776106815
BH9_81,BH876,7.580000000000011,8.022545536190963,6.345618902788257
BH9_82,BH876,20.850000015707256,20.43779575657194,11.481201923503601
BH9_83,BH876,13.30999991522344,13.34596455404049,11.465316346671667
BH9_84,BH876,13.519999725774465,14.00362259526259,2.313902721323216
BH9_85,BH876,5.45000010342378,4.765599616399443,3.5220591232587015
BH9_86,BH876,25.56000015920367,25.50032814974619,15.663508311536697
BH9_87,BH876,6.100000144543563,5.6295711011324086,4.81289709791272
BH9_88,BH876,22.210000043818543,22.177165359599744,10.315481231572903
BH9_89,BH876,10.669999999999998,9.686986240900511,0.4534302821620402
BH9_90,BH876,31.780000195490672,31.128851874805697,13.402035899105087
BH9_91,BH876,0.01,-3.3258783373559444,-1.7625695014102387
BH9_92,BH876,19.71999999999999,19.76176128882088,19.06738297890961
BH9_93,BH876,7.470000163633474,7.083960853270324,4.737903309477822
BH9_94,BH876,21.310000228233257,20.58955446754464,14.742882299277948
BH9_95,BH876,0.3700002937184199,-4.752114123982507,-6.959162848950352
BH9_96,BH876,22.45999981828405,21.50642556553845,19.1205416163587
BH9_97,BH876,8.099999999999973,6.636931261559709,-2.263206906853233
BH9_98,BH876,43.7700000465173,44.720373749883294,41.58100810186666
BH9_99,BH876,8.849999999999977,7.468701093486534,0.9302634589426414
BH9_100,BH876,43.49000029911594,44.38599396872088,43.81120802055475
BH9_101,BH876,11.449999999999973,10.15392062141737,-9.848932557846918
BH9_102,BH876,47.83000014889394,49.16700107628269,41.07087828022995
BH9_103,BH876,10.150000255941574,8.517439291491756,-12.283901711515178
BH9_104,BH876,47.06000021603071,48.09085125647069,39.40522664652674
BH9_105,BH876,26.56999987555378,27.418651218403955,1.3941728144101746
BH9_106,BH876,93.72000000000004,95.01885723915956,99.48717376258523
BH9_107,BH876,26.76999969512618,28.332677753256483,9.628081397742354
BH9_108,BH876,62.04999987068128,64.14921647590961,51.37825560072953
BH9_109,BH876,19.07000000000002,20.23450847767097,4.222952231962764
BH9_110,BH876,39.400000223803445,42.55159370353012,23.232830717254885
BH9_111,BH876,12.199999999999978,12.394364822559988,-3.008963001188825
BH9_112,BH876,36.76999999999998,37.401330904847946,25.98587193111379
BH9_113,BH876,17.83000023012607,18.07229632182018,8.640638124078002
BH9_114,BH876,47.85000013085117,50.09084656562593,38.60125625736069
BH9_115,BH876,19.74999975304009,19.48082761881946,1.4065818627471482
BH9_116,BH876,50.91999987132546,53.30307810549499,41.53719359886337
BH9_117,BH876,23.079999886467974,22.712075331352,5.907113587546945
BH9_118,BH876,45.70000018791942,47.829960490319486,38.946114280475626
BH9_119,BH876,24.510000000000005,24.25595232715577,4.312348500982603
BH9_120,BH876,44.87000030918447,47.047752109650624,37.13518661056018
BH9_121,BH876,24.90000000000002,24.59231729736988,6.921489400666958
BH9_122,BH876,60.92000026258773,62.32528212741271,58.63341073700308
BH9_123,BH876,21.97000000000001,21.99440950035937,5.323735422476594
BH9_124,BH876,60.48000003201897,62.13818245924928,57.47400872735588
BH9_125,BH876,25.28999999999997,24.995603642780047,12.273843480943608
BH9_126,BH876,60.67999985159137,62.25495513258857,52.30258482462242
BH9_127,BH876,23.42999999999998,24.29664600269084,9.947016314891302
BH9_128,BH876,53.3200002162322,54.875713797701295,42.47638398286134
BH9_129,BH876,15.270000000000008,15.817899196431442,14.137999755909066
BH9_130,BH876,59.45999969718076,60.70211447768658,51.42029111165869
BH9_131,BH876,19.860000281314388,20.359510561090616,12.761676636324204
BH9_132,BH876,70.39999999999966,71.9084700809076,54.693638385888526
BH9_133,BH876,22.040000000000013,24.40520551831607,12.79656245479928
BH9_134,BH876,59.32999981445871,61.902316645456864,47.94290538677911
BH9_135,BH876,19.099999711920304,21.049373016102805,11.720154331113587
BH9_136,BH876,56.89000013314696,59.9166385296548,45.361423717880065
BH9_137,BH876,12.399999999999991,12.856747500309138,8.6592688928574
BH9_138,BH876,62.13999978948887,63.46637516167198,49.825383331446524
BH9_139,BH876,8.83000000000002,8.638510530200234,3.206094153369677
BH9_140,BH876,68.84999999999967,70.4769364200129,65.63883562188138
BH9_141,BH876,24.810000208297684,25.302737401818234,16.93283667979409
BH9_142,BH876,57.02000001586903,58.378805579690926,49.758829360137845
BH9_143,BH876,26.619999830446883,26.552373071690912,1.9102552498108534
BH9_144,BH876,73.9499999999998,75.13221196429433,76.93865588455088
BH9_145,BH876,23.550000089972595,23.54573045275154,4.9211599172814875
BH9_146,BH876,54.519999761176095,56.25074255221381,56.90110805698659
BH9_147,BH876,27.83000000000004,27.924152519379984,12.35646244739997
BH9_148,BH876,47.790000184979455,49.48124583545063,46.3115383528826
BH9_149,BH876,29.600000000000005,29.46351458446759,16.636438571539724
BH9_150,BH876,50.219999875312574,51.77294664196653,48.08108027444466
BH9_151,BH876,21.689999885420825,24.06331036987197,16.764054384611434
BH9_152,BH876,38.31999994309353,39.73094508091143,24.83066323532616
BH9_153,BH876,1.6499997664912749,2.97607719722557,12.676426064385103
BH9_154,BH876,35.569999913935085,35.64616638636784,27.34702004223198
BH9_155,BH876,7.979999999999976,9.062514728461531,11.0830717338346
BH9_156,BH876,55.019999937616575,54.34939982723939,51.74574626078118
BH9_157,BH876,15.11999999999998,15.838969207499243,13.478025303022743
BH9_158,BH876,36.68000016758087,35.525828329793974,28.80844720079363
BH9_159,BH876,6.609999999999971,7.92185831525687,11.637691818629744
BH9_160,BH876,54.79000014510831,53.493708957631625,43.93632717133834
BH9_161,BH876,11.620000184817686,13.002350908104404,-2.999494966112319
BH9_162,BH876,53.25000027938185,54.827858168178246,32.50320462294237
BH9_163,BH876,18.27999982416398,17.59148601256856,5.666883860785839
BH9_164,BH876,30.480000113251105,31.41779331847385,31.711900921824245
BH9_165,BH876,16.5300001478865,15.821658166431698,2.76929823786961
BH9_166,BH876,29.81000009017408,30.52257217579155,25.267675019373016
BH9_167,BH876,15.48999999999998,14.973012094619564,2.176710496763339
BH9_168,BH876,33.649999763511595,34.57543580112841,29.044930357883217
BH9_169,BH876,16.99999972388165,16.581297290358005,4.537468971225787
BH9_170,BH876,34.42999968735344,35.6290819389578,34.67435967613257
BH9_171,BH876,22.73000000000002,24.1313293848602,13.957138535907914
BH9_172,BH876,36.08999999999998,37.47122862045776,24.608065612820752
BH9_173,BH876,37.42000012750824,39.26171112906816,13.944741422357058
BH9_174,BH876,39.32000029597449,40.95033378993516,21.907448642927974
BH9_175,BH876,14.25999999999999,13.978349149015587,10.306780424919195
BH9_176,BH876,27.770000048007144,28.10076957878183,15.402339590186171
BH9_177,BH876,28.060000000000016,29.10138758932811,12.126619254954102
BH9_178,BH876,31.780000195490672,32.284075983193055,13.06429033144418
BH9_179,BH876,8.580000000000018,8.637316065849856,7.231266858289439
BH9_180,BH876,47.74000023008636,48.83031927656131,46.12336486123267
BH9_181,BH876,16.35000031027134,16.871662176523426,9.056542163013367
BH9_182,BH876,48.75999993741509,50.28163341663741,45.438369824867806
BH9_183,BH876,16.640000048651324,16.84522413560688,11.307726055456673
BH9_184,BH876,53.17999971502204,54.20196101701773,39.775570626839674
BH9_185,BH876,16.97999999999998,16.64724238650332,5.081500790843166
BH9_186,BH876,59.45999969718076,60.746174867174375,56.05751303943148
BH9_187,BH876,26.4799999567462,26.362022841734035,4.328779485041817
BH9_188,BH876,51.36000010189422,53.15259618801547,47.28123041396189
BH9_189,BH876,-1.3400000461540498,-2.4520129109545823,-8.315742588669053
BH9_190,BH876,88.5100000000001,88.9395001482514,66.84425277028961
BH9_191,BH876,1.9800000962952136,0.3681992788032782,-16.31725503363228
BH9_192,BH876,86.4400000000002,88.1825350305043,68.13993530684756
BH9_193,BH876,13.94999999999999,13.031974249912876,2.955739786095539
BH9_194,BH876,47.20000008973139,49.23616849629947,42.057322391111654
BH9_195,BH876,18.44000030733137,18.258201086324167,29.01456174204658
BH9_196,BH876,35.47999999512751,37.039309582370606,26.434249070907555
BH9_197,BH876,-1.950000123359353,-3.966054027523602,0.8810408790615915
BH9_198,BH876,24.260000076964097,24.10756447149582,6.333177176469967
BH9_199,BH876,12.390000117680913,11.72460344136052,3.5621742844642665
BH9_200,BH876,36.11000005429005,38.8248766839016,39.650744447065705
BH9_201,BH876,10.450000000000026,8.002365458979082,5.7396642198073815
BH9_202,BH876,35.89000025276041,37.16954534593308,39.93284805861564
BH9_203,BH876,-0.1199998917434419,-1.9267496422913817,-10.015321377891956
BH9_204,BH876,26.38000004696,26.80119796016227,18.73074387566794
BH9_205,BH876,12.649999883125036,13.231737372858149,0.8650723390751077
BH9_206,BH876,52.780000075877226,56.22589254947966,38.428657437085924
BH9_207,BH876,11.599999999999998,12.042815754672862,4.516195686165893
BH9_208,BH876,91.8199999969409,96.30539266235223,84.14948706952914
BH9_209,BH876,8.099999999999973,8.735217521268522,2.788715506751797
BH9_210,BH876,84.95999999999995,90.13638184965588,72.55189556367036
BH9_211,BH876,15.429999885219337,16.33522578795958,3.9878488047130736
BH9_212,BH876,68.28999999999974,71.49090714181328,67.68263690430653
BH9_213,BH876,15.299999999999976,16.051167434778495,3.291131072407319
BH9_214,BH876,67.99000000000005,71.02764538605724,64.27956523066156
BH9_215,BH876,5.930000297907021,5.958272423524825,0.38290522680774336
BH9_216,BH876,86.94000000000008,91.48661193175138,70.87500182267311
BH9_217,BH876,0.4100002576329006,-0.264706965038066,-5.577845217079399
BH9_218,BH876,56.59999976725751,54.97948874173026,43.000200793314654
BH9_219,BH876,3.8700002737828463,3.867389959830401,-2.3871905031576697
BH9_220,BH876,58.42000000789479,57.306696544357145,47.444870536804125
BH9_221,BH876,16.869999841159586,17.196300375094044,10.910829160496387
BH9_222,BH876,41.500000211842114,41.32187700405636,29.048233542898515
BH9_223,BH876,5.380000166573439,5.9207460391364695,2.501557647560179
BH9_224,BH876,50.909999880346845,50.42088090640072,37.079197637673275
BH9_225,BH876,8.080000000000014,8.064652927893633,8.449403084363396
BH9_226,BH876,56.87000015118972,55.640888308216766,44.16074484581611
BH9_227,BH876,6.790000000000028,5.800217784497737,0.22216230449019259
BH9_228,BH876,55.76999988852256,53.98516916935673,41.044913607917955
BH9_229,BH876,6.930000023278511,6.738382287066531,-0.9140790934626912
BH9_230,BH876,34.08999999408035,36.8279261134688,15.884049890805073
BH9_231,BH876,8.700000000000014,8.527220093331955,-1.4158319788944247
BH9_232,BH876,35.15000029283304,37.757515510748696,17.407413723004897
BH9_233,BH876,13.34999987913792,13.401954839787962,2.8190890130399295
BH9_234,BH876,38.41999985287973,41.02847886266306,15.800310423319603
BH9_235,BH876,33.30000007925989,33.83542410675773,17.953456227973618
BH9_236,BH876,41.79999994120071,44.277624462966735,12.851003852371509
BH9_237,BH876,34.77999999999997,35.31392239650766,13.120260474378412
BH9_238,BH876,40.16000016568805,42.63100214079097,9.537262103365942
BH9_239,BH876,26.38000004696,29.46113638637925,30.88656931875845
BH9_240,BH876,51.44000002972318,53.63686965924782,30.639275370640146
BH9_241,BH876,10.06000000000001,9.419564418863263,-0.6354143334229375
BH9_242,BH876,45.52999971377341,46.32983640433132,43.98228464562088
BH9_243,BH876,27.85999996681473,27.51907206152978,16.374329341637036
BH9_244,BH876,26.23000018228069,27.03884966593633,9.508591974237975
BH9_245,BH876,9.789999953201772,9.197950286514224,3.683114715757132
BH9_246,BH876,41.82999991413657,42.65283419940928,31.96289387518233
BH9_247,BH876,20.34999983926677,20.84866844057669,11.078880023957986
BH9_248,BH876,37.370000172615136,38.04546392068897,19.81689872523741
BH9_249,BH876,6.989999999999979,6.407696465904097,5.196948866707596
BH9_250,BH876,46.28000029218886,47.66104491728172,34.90218315049206
BH9_251,BH876,19.13000000000002,19.922850877247907,14.331534058638626
BH9_252,BH876,38.269999988200425,39.19015747891245,18.154474193682244
BH9_253,BH876,1.9400001323807328,0.8396013384341233,-1.4223124196466013
BH9_254,BH876,42.250000162748094,43.03579551302524,36.20926784897158
BH9_255,BH876,28.380000000000024,29.001071289345045,15.688741733932668
BH9_256,BH876,41.24999980986713,42.187507749257215,31.33856307565274
BH9_257,BH876,11.139999999999972,10.45417317431198,2.1246251700736347
BH9_258,BH876,43.0600000595258,43.31954952420883,34.88329256297864
BH9_259,BH876,10.61,10.056374022616696,0.03206846669624632
BH9_260,BH876,37.95000027688458,38.71077343595653,20.646521592009805
BH9_261,BH876,17.649999765001432,16.90454982251597,-0.153122562475385
BH9_262,BH876,44.980000209949296,44.626667760122366,24.129267584134116
BH9_263,BH876,26.680000000000003,27.232568617698075,5.094800501426255
BH9_264,BH876,50.51000024120204,51.56358676563252,47.249384298886824
BH9_265,BH876,30.65999995086627,30.980658045122382,5.0102040795053275
BH9_266,BH876,51.430000038744566,52.672032176267294,47.04063394604843
BH9_267,BH876,27.740000075071286,27.458666116999577,6.04082058277055
BH9_268,BH876,52.70000014804827,53.1373423112029,43.71410756822521
BH9_269,BH876,30.72999988771661,30.7532750926316,8.310650424782928
BH9_270,BH876,53.64999991852666,54.96359769178736,45.89938462409162
BH9_271,BH876,24.91000011808389,25.592428531102584,4.274991942909158
BH9_272,BH876,51.36000010189422,52.40025267753708,47.33331679468753
BH9_273,BH876,28.61999990869933,28.973592398463587,3.536865660415116
BH9_274,BH876,52.87999998566344,54.276999290164994,48.560437215039904
BH9_275,BH876,27.429999727224587,27.929295524292648,7.3955820046276255
BH9_276,BH876,52.16999999867193,53.3248859422612,46.738626020110395
BH9_277,BH876,30.99999999999998,31.25928630786404,6.50594927194948
BH9_278,BH876,54.54999973411195,55.95817228406791,47.658748634692834
BH9_279,BH876,23.66000000000002,24.94535098979817,8.043628407123089
BH9_280,BH876,53.48000007189012,54.59779160870057,45.34172647455246
BH9_281,BH876,28.68999984554968,29.58783255717368,6.592375698166334
BH9_282,BH876,54.95000000076623,56.3105694310114,45.70023547465041
BH9_283,BH876,25.60000012311815,26.956780525684856,6.323771071435231
BH9_284,BH876,54.45999981530437,55.67822010184204,46.59097185785983
BH9_285,BH876,28.01999982247265,29.08710842303214,5.3816482679316175
BH9_286,BH876,55.87999978928738,57.38661307621606,46.79090036936902
BH9_287,BH876,11.389999999999972,10.857034758656669,-4.906921900616882
BH9_288,BH876,15.189999999999989,15.197934708037328,-1.390412279452924
BH9_289,BH876,43.5200002720518,44.27986743294505,7.762964029323549
BH9_290,BH876,21.75999982227116,21.568955378674293,-1.2517408559095198
BH9_291,BH876,33.08000027773024,34.014011232310814,15.478726532939673
BH9_292,BH876,45.41999981300858,45.65850110387032,29.05850483234522
BH9_293,BH876,44.2800002139364,45.9797445389651,14.770079982166791
BH9_294,BH876,54.349999914539545,55.188675864770914,28.621081087560288
BH9_295,BH876,36.07000009037557,37.232406735035575,17.226166995657337
BH9_296,BH876,19.78999971695457,19.44799500541792,12.599337291406304
BH9_297,BH876,41.79999994120071,43.67105021108141,15.515305105217417
BH9_298,BH876,45.81000008868424,47.23940197438946,29.37090180319143
BH9_299,BH876,38.73000000000002,39.70018858247898,22.8302340467519
BH9_300,BH876,36.55000028485881,38.20402922692594,13.14780004457076
BH9_301,BH876,36.24000000000001,37.00920111302451,26.40363272752594
BH9_302,BH876,36.68000016758087,38.03704337100412,14.575750119109525
BH9_303,BH876,13.10000000000001,12.34210777883972,9.390122684102058
BH9_304,BH876,40.489999867982526,41.56446520139041,18.365839495471242
BH9_305,BH876,48.24999976999598,49.87861796697034,29.97047249081958
BH9_306,BH876,42.24000017176947,44.099182104034064,13.704676384535803
BH9_307,BH876,11.529999999999989,11.334101973851109,0.49230784808490663
BH9_308,BH876,29.79000010821684,31.565368361016937,7.216825270007084
BH9_310,BH876,36.3799998107128,37.72162184333691,15.407367451739322
BH9_312,BH876,35.00999979162288,36.458533876418265,16.43349798574868
BH9_313,BH876,43.44999970769198,46.40934762778405,33.59840346708521
BH9_314,BH876,50.58000017805237,53.1195008991152,39.81728243491891
BH9_316,BH876,57.36999970012073,58.870904658861086,43.98149885760525
BH9_317,BH876,36.95999991498224,40.97117852523695,27.52537679029623
BH9_318,BH876,51.17000027330044,53.99650286897072,36.039148128072206
BH9_319,BH876,12.839999999999996,11.9679353629268,2.6538430926819294
BH9_320,BH876,31.12000016339227,32.45816882311233,11.151041033623324
BH9_322,BH876,36.750000104431216,37.48796423535909,17.9151624938844
BH9_324,BH876,37.94000028590596,39.52090862375523,19.52754928135216
BH9_325,BH876,11.82999999999998,11.82350910016103,1.3508537603804676
BH9_326,BH876,30.109999819532685,32.31373691274968,9.848157784548054
BH9_328,BH876,35.80999969742197,37.45917949730343,16.86383203113847
BH9_330,BH876,40.21000012058116,42.73796910001363,17.540414416997358
BH9_331,BH876,22.51999976415577,23.77612996883052,1.6821028711992638
BH9_332,BH876,41.610000112606926,45.89081069592679,32.05342100403727
BH9_333,BH876,18.909999883326524,20.346871955592366,1.7507183936924104
BH9_334,BH876,47.57999974691896,50.42905609997906,32.43624741655933
BH9_335,BH876,16.789999999999978,18.02937015562559,1.0805201299664677
BH9_336,BH876,43.12000000539752,46.06451159347862,29.562227526225424
BH9_338,BH876,54.32999993258231,57.19855576595564,33.00064207059295
BH9_339,BH876,19.29,20.97911385500604,2.322041605518238
BH9_340,BH876,37.46000009142272,41.82783387687245,21.011133954205693
BH9_342,BH876,41.94999980588001,46.02907927106142,26.87052749252474
BH9_343,BH876,21.679999999999964,23.32005903237136,7.8013841108364925
BH9_344,BH876,46.01999989923526,48.77973818519832,32.315862518727485
BH9_346,BH876,47.31999998147483,49.56152782878613,31.211232903367645
BH9_347,BH876,20.249999929480573,23.180189931705065,20.230051085063398
BH9_348,BH876,26.19000021836621,27.71838620148613,20.61321159120032
BH9_349,BH876,20.94999999999997,23.111160500960587,21.066314563954695
BH9_350,BH876,32.15999985267824,34.245148448441405,24.504908795316993
BH9_351,BH876,32.739999956947685,33.30197322007057,25.580612242721394
BH9_352,BH876,41.45000025694901,44.25513540202854,35.72605333150992
BH9_353,BH876,34.419999696374816,35.28755218928281,25.166764094199056
BH9_354,BH876,40.15000017470944,42.6365763702053,36.366242802109745
BH9_355,BH876,35.39999999999998,36.41880123153832,32.240541632766536
BH9_356,BH876,43.319999824969926,46.13087410898291,35.132615865070015
BH9_357,BH876,32.39,32.225016987772314,24.808162192013963
BH9_358,BH876,43.37999977084165,45.943458113328745,36.284417567480666
BH9_359,BH876,32.91999999999997,33.62293007154812,23.795521279875338
BH9_360,BH876,41.09999994518783,43.995724805208994,37.465824604503766
BH9_361,BH876,33.840000000000025,34.74782645891484,31.923205649665547
BH9_362,BH876,44.82999971776052,48.05167866379475,36.790497048123804
BH9_363,BH876,32.080000000000005,33.01698088176006,29.502604082093583
BH9_364,BH876,49.60999979810727,50.50330797816607,45.42369930199796
BH9_365,BH876,28.35000015227659,29.54093287557556,28.077424918230836
BH9_366,BH876,44.42000008763709,45.74302292771013,45.10049225702065
BH9_367,BH876,29.79000010821684,30.797158963702,21.476636768390073
BH9_368,BH876,45.83000007064148,46.82410315224751,35.22940588547764
BH9_369,BH876,25.979999999999983,27.3290214046808,19.365828133343847
BH9_370,BH876,41.349999719653326,42.71190932185272,36.052946270845396
BH9_371,BH876,31.9400000511486,32.80158593303367,21.517053701333264
BH9_372,BH876,28.08999975932299,28.96199702741963,33.73497495639109
BH9_373,BH876,34.36999974148172,35.72411912733574,23.25067591652985
BH9_374,BH876,50.95999983523994,52.83486536272786,41.464703315540625
BH9_375,BH876,54.84000010000141,55.905690529162975,24.422260667629615
BH9_376,BH876,144.39000000000013,150.12845793680836,149.57939750251194
BH9_377,BH876,47.61999971083344,43.916218037090616,31.304384107073233
BH9_378,BH876,11.459999701650288,10.615508872155676,0.42615555960113394
BH9_379,BH876,45.08000011973549,41.34368277004894,16.464040299522765
BH9_380,BH876,13.689999999999978,12.096581393920813,-5.013684825391372
BH9_381,BH876,15.390000000000002,15.209454464159997,-4.074647437480008
BH9_382,BH876,4.08000008433387,5.449123786451972,4.993985771372013
BH9_383,BH876,15.91000007970258,15.863029991581712,-0.23396968066470633
BH9_384,BH876,13.979999938300464,15.164096322407673,11.673316338368284
BH9_385,BH876,4.2299999490131714,4.403944571166647,-0.46022928351429787
BH9_386,BH876,4.650000197624693,5.192004352235338,8.3121955935074
BH9_387,BH876,-1.3500000371326697,-2.2114409642945376,-3.5197994851212693
BH9_388,BH876,1.8000002586800508,1.848740049074125,5.015586871715323
BH9_389,BH876,42.38000004547016,39.092134725950345,28.825640588465188
BH9_390,BH876,17.76000029327573,17.55789681098393,8.234177865276669
BH9_391,BH876,42.36000006351292,39.102205248975466,28.797920231931954
BH9_392,BH876,17.419999999999984,17.04891452665409,8.047236162605104
BH9_393,BH876,9.159999999999975,10.292330762594052,18.981709117897438
BH9_394,BH876,10.109999999999996,9.46329749948932,4.325929144945003
BH9_395,BH876,41.33999972867471,36.95240297151998,7.8937365638365975
BH9_396,BH876,7.919999999999978,6.305392152999581,-4.4654264548450575
BH9_397,BH876,0.500000176440482,0.5710987568662375,-4.824808637030911
BH9_398,BH876,5.209999692427422,5.809856267253241,6.0291536257955425
BH9_399,BH876,43.96999986608971,39.63163310974301,29.47413543436455
BH9_400,BH876,20.129999999999963,19.48718159159976,9.283173536562996
BH9_401,BH876,3.2300002236416816,4.743088655284048,6.06610511990128
BH9_402,BH876,11.599999999999998,11.590041313717832,-10.304304463774642
BH9_403,BH876,3.4799999981071856,4.575834162657888,6.29921209084619
BH9_404,BH876,11.590000211881826,11.457525871082664,-10.71764703682323
BH9_405,BH876,41.93999981490139,38.66942878197903,28.389757265306404
BH9_406,BH876,16.759999940394767,16.588912117873914,7.89488630036365
BH9_407,BH876,12.279999999999994,13.623400799610794,20.004676713989785
BH9_408,BH876,12.199999999999978,11.93620973886713,5.073099536899706
BH9_409,BH876,9.219999839910953,9.16974668500048,8.491325442126445
BH9_410,BH876,14.72999988920645,14.261665095927288,-10.302728829419591
BH9_411,BH876,2.9499998487308434,4.1800907319111085,6.105835719350545
BH9_412,BH876,11.099999999999994,11.051353107357114,-10.100671588699514
BH9_413,BH876,11.429999728714428,12.631366365855744,19.720288855876802
BH9_414,BH876,11.370000000000015,11.22217624657504,4.9639275762525585
BH9_415,BH876,2.409999708375881,3.258248315593099,6.048878364303567
BH9_416,BH876,10.550000000000002,10.15105340500273,-10.109180305986069
BH9_417,BH876,12.960000230971737,12.07869210285294,-3.765355629007438
BH9_418,BH876,23.34000027942157,23.883352261640283,15.772555482165151
BH9_419,BH876,10.469999999999985,10.940585386113472,3.0193692739127047
BH9_420,BH876,18.3,18.40046137465864,-5.186276573591438
BH9_421,BH876,18.659999999999982,18.60250467876448,-10.29899014258894
BH9_422,BH876,10.800000000000004,11.469035838034433,4.781061979854461
BH9_423,BH876,41.73999999532899,36.93335015229127,13.478331840549803
BH9_424,BH876,8.440000000000001,6.51575529151469,-1.7008401694620265
BH9_425,BH876,26.26000015521656,26.62503684898805,1.2766787478108796
BH9_426,BH876,34.42999968735344,36.800011291743054,22.315302835616603
BH9_427,BH876,5.839999751589966,5.720172613272946,-2.6200643757829987
BH9_428,BH876,26.05,26.348197992343795,11.573563220181068
BH9_429,BH876,53.8999996929921,50.63173375341679,26.824640917266326
BH9_430,BH876,10.310000000000011,8.841647897132294,-12.664150538464813
BH9_431,BH876,56.1000002183265,53.11998037912728,34.5151901406297
BH9_432,BH876,11.620000184817686,10.4140088029495,-6.7723441736978796
BH9_433,BH876,26.76999969512618,24.46349054345403,33.56530492991383
BH9_434,BH876,1.3600000281112898,-0.7267711189652053,-2.810925998915193
BH9_435,BH876,14.710000000000006,13.008554592278545,12.815617323136816
BH9_436,BH876,34.2099998858238,35.2431391395618,32.37569797600401
BH9_437,BH876,51.56999991244525,48.777306523204736,29.307861656343952
BH9_438,BH876,12.399999999999991,10.991876127987137,-7.980777781473464
BH9_439,BH876,52.030000124971245,49.22482795682608,30.279968262681418
BH9_440,BH876,12.749999792911238,11.36896307446385,-6.852033881418695
BH9_441,BH876,6.220000036287007,6.092139584283886,-4.228939994986711
BH9_442,BH876,25.319999748207312,25.759038508686807,13.42846480763448
BH9_443,BH876,12.79000000000001,11.354715283488128,-6.994537099639557
BH9_444,BH876,22.59999969198473,22.665556171441263,14.129034165173334
BH9_445,BH876,16.869999841159586,16.398190527835297,-9.251855569394806
BH9_446,BH876,8.880000146637865,9.04886407552844,0.07122326296111259
BH9_447,BH876,16.65000000000002,15.82038187491939,-14.614050056964835
BH9_448,BH876,8.640000000000017,8.79742535922757,1.5834169568041887
BH9_449,BH876,7.999999999999996,6.38744799016949,-1.4162447716379634
BH9_450,BH876,47.09000018896656,45.02250437596798,36.91787010005015
BH9_451,BH876,10.669999999999998,9.215622584874952,-5.41795584231595
BH9_452,BH876,31.39,31.0205343270142,16.676714082605546
BH9_453,BH876,11.000000116633762,9.360873520523771,-7.63823564893867
BH9_454,BH876,24.569999797301328,24.742601737437703,21.289184417684883
BH9_455,BH876,10.039999999999988,9.702510574254134,-9.64781723536789
BH9_456,BH876,20.94999999999997,22.043283452202967,19.225058977727898
BH9_457,BH876,7.960000000000019,7.305999119360367,-11.295397504072515
BH9_458,BH876,35.39999999999998,36.152352865012006,27.526021247142676
BH9_459,BH876,21.33000021019049,20.457070776759945,10.041704326965533
BH9_460,BH876,10.28999999999999,8.633887228545452,-11.03244225217099
BH9_461,BH876,46.53000006665437,44.2804306854064,39.58594675749011
BH9_462,BH876,-3.190000259727201,-5.5685036360621485,-3.0188990823521427
BH9_463,BH876,16.419999999999977,14.861069989330376,6.230672571806974
BH9_464,BH876,12.360000144745053,13.232733544153728,-0.25271760010184585
BH9_465,BH876,11.88999994124043,9.055275904680345,-7.7909258650045485
BH9_466,BH876,19.470000005638724,17.118487192316064,16.330824281480307
BH9_467,BH876,4.800000062303996,4.531991581680857,-11.018736852501226
BH9_468,BH876,4.580000260774352,4.483396745967415,-7.685085789543917
BH9_469,BH876,16.439999999999998,14.640129551101415,2.8390354362384524
BH9_470,BH876,12.669999865082277,13.326359714729705,-2.76932980284827
BH9_471,BH876,13.930000000000032,13.851937177331193,-26.453159236351947
BH9_472,BH876,0.1699998466365427,-2.22402064673413,-18.15134096189891
BH9_473,BH876,6.439999837816649,5.322047407632421,-12.896290950196368
BH9_474,BH876,2.440000308821215,1.6766965295530103,-12.106722161359563
BH9_475,BH876,4.000000156504909,2.507516374885367,-13.334513082371252
BH9_476,BH876,4.610000233710212,3.735760435025854,-11.384148486316
BH9_477,BH876,12.360000144745053,12.728276544461728,9.95478174398323
BH9_478,BH876,21.110000000000014,21.34704261450728,7.809533728264638
BH9_479,BH876,17.450000000000014,15.251184408955243,11.158426585942202
BH9_480,BH876,17.150000000000027,16.32559182324591,-4.768306071473904
BH9_481,BH876,16.28999999999997,14.274385842392396,9.764754974455677
BH9_482,BH876,17.83999999999997,17.069416390670636,-0.5036318022160077
BH9_483,BH876,34.09999998505897,29.942792703842272,25.823463512764413
BH9_484,BH876,12.509999999999977,10.908987711334213,-17.733761763687045
BH9_485,BH876,12.970000000000002,11.07461155791795,2.7932658562320833
BH9_486,BH876,15.740000233066034,13.874076276366145,-18.79088224766871
BH9_487,BH876,30.510000086186967,26.281407138915103,1.4083162519191028
BH9_488,BH876,19.77999972597595,17.639568549500535,3.6005274297044143
BH9_489,BH876,27.86999995779335,23.27225247409101,-1.7171003843807662
BH9_490,BH876,18.89000000000003,16.363324218934732,5.876226804854022
BH9_491,BH876,23.979999702053263,18.842537406567992,-11.94286105974346
BH9_492,BH876,16.309999718847386,11.92602174609441,-15.408180637405891
BH9_493,BH876,14.52,12.936008472994123,-8.60745149197891
BH9_494,BH876,13.490000000000029,11.80806314266806,9.701538977287314
BH9_495,BH876,9.08000000000002,7.333810778488835,-20.185751596905618
BH9_496,BH876,9.37,6.198150909440034,-12.935317361456656
BH9_497,BH876,12.839999999999996,12.345787180609788,-1.4207787035746016
BH9_498,BH876,3.2300002236416816,3.872687834116372,-1.1314245659769693
BH9_499,BH876,10.350000075513975,11.490822653312902,3.707606593607218
BH9_500,BH876,9.71999999999998,10.87810307558808,7.332635380523339
BH9_501,BH876,12.19000029810851,12.945580878990969,12.175293469286837
BH9_502,BH876,19.250000000000018,19.527741984169467,4.772826168898425
BH9_503,BH876,11.810000000000022,12.343118884877626,8.162344540729322
BH9_504,BH876,20.880000000000035,21.190077269149302,4.877506378825593
BH9_505,BH876,13.469999770881364,11.98470643213084,-10.102752043508916
BH9_506,BH876,6.040000198671843,7.255391421548883,-3.0145559757472293
BH9_507,BH876,11.289999999999996,9.976820818860274,-9.095662543340625
BH9_508,BH876,6.859999999999973,7.971322251603602,0.9638965840934567
BH9_509,BH876,18.51000024418172,17.224064468993756,-7.111884887404412
BH9_510,BH876,15.799999999999978,14.116793238552374,12.869421900489959
BH9_511,BH876,14.119999812001147,12.809727148688255,-16.340900814927185
BH9_512,BH876,12.729999810953997,9.694660932765007,-7.417773959234403
BH9_513,BH876,14.829999798992652,12.857039417754,-0.4592154311817048
BH9_514,BH876,20.50999969492469,16.762200678895045,6.38260580445982
BH9_515,BH876,13.199999999999983,11.390061511674164,-7.504705826309973
BH9_516,BH876,18.89000000000003,15.295368543379528,-0.6636699303848567
BH9_517,BH876,10.100000301048471,10.137607194934036,-5.984508349768746
BH9_518,BH876,8.710000000000024,9.829142425472618,7.486103818065458
BH9_519,BH876,11.339999809906848,10.278119430114629,-7.34564514145001
BH9_520,BH876,5.159999737534321,6.192205131750182,-0.22572538790804825
BH9_521,BH876,3.4799999981071856,2.393644991700117,-15.018927408715117
BH9_522,BH876,35.559999922956465,35.30936605015832,10.120267269666883
BH9_523,BH876,10.130000000000017,11.08419651400722,2.8841535363557402
BH9_524,BH876,11.959999999999988,13.405306995332428,12.115543933085926
BH9_525,BH876,24.85000017221216,19.05144786063969,-7.270391172320622
BH9_526,BH876,14.470000123762327,10.18852764341301,-13.690754898956108
BH9_527,BH876,25.19,18.74152231194113,-6.653934113146506
BH9_528,BH876,14.87999999999999,10.222787652629638,-15.020576815509822
BH9_529,BH876,25.68000005094711,19.786780091352224,-7.440594461792318
BH9_530,BH876,14.580000024527148,10.233879572924694,-13.659819972065511
BH9_531,BH876,12.230000262022989,9.221726306762656,-6.549601484697771
BH9_532,BH876,7.139999833829535,7.318973630816,-6.24443216494076
BH9_533,BH876,21.30000023725464,20.924164732939225,13.873123875856859
BH9_534,BH876,19.970000182079207,20.092080895232225,7.129108645351864
BH9_535,BH876,21.56999999999998,21.138165732194103,11.278990626440303
BH9_536,BH876,19.910000236207487,20.00063557115806,7.237992094530951
BH9_537,BH876,6.679999999999978,5.549315086617715,-16.12137892953854
BH9_538,BH876,17.920000148933653,16.216380890154536,5.554861998360193
BH9_539,BH876,13.2399999783731,11.52989678964501,-7.40706694019892
BH9_540,BH876,3.2800001785347828,3.7686651493131778,-8.529303160127006
BH9_541,BH876,23.68999996367328,17.24389941602431,-7.203954744150041
BH9_542,BH876,15.220000074668311,10.725755007686423,-14.288703274342415
BH9_543,BH876,18.430000000000003,19.0710476797851,2.9021415713811636
BH9_544,BH876,18.659999999999982,18.643073605579666,0.38079088279916445
BH9_545,BH876,12.149999999999988,12.31132498785287,0.2737688798945776
BH9_546,BH876,16.10000000000003,16.97747878532318,12.371523484497889
BH9_547,BH876,13.679999999999968,13.948004673522926,11.80663557201966
BH9_548,BH876,18.760000000000023,19.36118239550544,4.250333235918655
BH9_549,BH876,22.680000247323168,15.949479712700768,-8.156298369209615
BH9_550,BH876,15.830000000000007,11.02645058218599,-14.73413404742425
BH9_551,BH876,7.330000000000009,6.262031185587084,-6.68586821752443
BH9_552,BH876,22.37999989045509,18.96684471154748,-2.2457562725249627
BH9_553,BH876,11.459999701650288,10.866353462620152,-3.739760177944694
BH9_554,BH876,6.319999999999991,5.959199882457086,-16.73211027669476
BH9_555,BH876,5.599999968103082,1.986928930420928,-12.840950128124085
BH9_556,BH876,11.329999999999975,10.4536318219565,-1.641063410916802
BH9_557,BH876,5.930000297907021,2.538597546628412,-14.09332682359203
BH9_558,BH876,11.610000000000008,11.2064784067249,-2.9343827023877287
BH9_559,BH876,12.579999999999986,9.420280846472355,-8.233427716938728
BH9_560,BH876,18.270000000000028,18.08826574769507,2.9253539383694354
BH9_561,BH876,12.729999810953997,10.176317375749992,-7.289136370474845
BH9_562,BH876,18.6500001178824,14.591461359532188,11.810443784212689
BH9_563,BH876,11.990000000000016,8.232631754746683,-13.699753662294318
BH9_564,BH876,-0.3399996932730854,-1.8492588738565725,-19.373133629909862
BH9_565,BH876,4.820000044261236,1.2537516299898732,-14.431135473010329
BH9_566,BH876,9.919999835923836,9.050869282177466,-3.7228480067405294
BH9_567,BH876,12.350000000000003,9.346145684883291,-10.649391164517624
BH9_568,BH876,7.340000280911412,6.608720318134351,3.2018837639342523
BH9_569,BH876,19.940000000000023,19.50270893690993,4.304633073871061
BH9_570,BH876,2.7100000652439595,1.20968709895481,-19.068841260461568
BH9_571,BH876,6.939999999999991,2.61878654316586,-16.36055222820612
BH9_572,BH876,12.939999999999973,11.118807740435958,-4.929229663145982
BH9_573,BH876,12.910000000000004,13.620621434717057,13.46617618830925
BH9_574,BH876,18.25000000000001,18.744373777720647,0.8821162002074682
BH9_575,BH876,14.379999999999985,9.873165038840137,-20.568886788531895
BH9_576,BH876,12.669999865082277,7.625420831694073,-6.756962548868144
BH9_577,BH876,12.420000090616773,10.749841519527926,-14.454340907254185
BH9_578,BH876,2.7100000652439595,1.4659988030076945,1.0824034552637474
BH9_579,BH876,5.019999863833639,1.43944028022649,-15.600249149429137
BH9_580,BH876,10.6599997958512,9.76376058183324,-4.456290578105291
BH9_581,BH876,6.679999999999978,2.3864239891493373,-14.727419285903064
BH9_582,BH876,12.219999999999995,10.623605689623677,-3.8961212935846596
BH9_583,BH876,11.909999999999997,12.796851783786774,11.143494593896811
BH9_584,BH876,18.999999802134106,19.501931264495948,2.194177899222466
BH9_585,BH876,25.05999999999999,23.35367778972489,5.760119071749695
BH9_586,BH876,34.50000025171325,34.85698995229942,20.36329316100985
BH9_587,BH876,12.43000000000002,11.31844774605459,-8.242895771322274
BH9_588,BH876,20.690000160049333,20.984794008090773,5.747910802985522
BH9_589,BH876,14.370000213976123,15.176154858247244,2.066888778670385
BH9_590,BH876,17.60999999999999,17.647808752972136,4.4155325607335785
BH9_591,BH876,3.460000016149946,0.7747565174448502,-22.98637192845517
BH9_592,BH876,3.340000124406504,0.6300833297441455,-20.01138340942314
BH9_593,BH876,12.910000000000004,8.625118097502847,-0.2633206710310512
BH9_594,BH876,5.360000184616199,3.418592736766791,-13.281693012749505
BH9_595,BH876,3.549999934957527,0.3551157062165525,-19.294698662179513
BH9_596,BH876,5.230000301894136,2.677377228174976,-22.71852912495227
BH9_597,BH876,3.619999871807868,1.1335946726183923,-21.09727329118779
BH9_598,BH876,2.750000029158441,-0.128619738368282,-17.137796148764174
BH9_599,BH876,11.969999869069392,12.846629412055254,11.14282426662055
BH9_600,BH876,19.19000000000002,19.66944215752111,2.359500917063745
BH9_601,BH876,5.159999737534321,2.640736949989372,-6.839421300963526
BH9_602,BH876,19.310000000000013,16.637075477988247,3.3040207864257987
BH9_603,BH876,16.880000000000003,14.73767633813154,-6.55724442111692
BH9_604,BH876,8.080000000000014,5.14333798044931,1.8251760803028898
BH9_605,BH876,11.570000229924585,12.022204452977151,10.838675480374059
BH9_606,BH876,19.48,19.35909310262005,1.1888463326242562
BH9_607,BH876,30.000000000000032,28.734382335583984,26.567287962346757
BH9_608,BH876,12.729999810953997,11.139591732592706,5.329625415865888
BH9_609,BH876,14.370000213976123,11.94410506311217,-5.986341111300417
BH9_610,BH876,7.109999999999975,3.713670658277544,3.304106446365626
BH9_611,BH876,2.35999975348278,-2.972226736334198,-23.32989195378364
BH9_612,BH876,5.2700002658086165,0.1424409482991323,-18.296720412441992
BH9_613,BH876,13.850000000000014,13.98921560508334,2.5470571074692043
BH9_614,BH876,18.380000000000013,18.888210495292327,10.887291012194927
BH9_615,BH876,12.930000258035871,8.739621445494928,-6.415524613991695
BH9_616,BH876,5.400000148530679,2.697754155153022,-5.887850341789645
BH9_617,BH876,13.540000000000015,13.918281745886915,3.9891533177844893
BH9_618,BH876,29.68000000000002,29.89313455324486,15.99358230610578
BH9_619,BH876,18.599999999999987,16.2372046037724,1.3219817071887332
BH9_620,BH876,11.779999999999992,10.718675320214016,-9.595774003735109
BH9_621,BH876,2.2599998436965785,-0.705430462912891,-12.922574003507577
BH9_622,BH876,16.09000000000002,11.50006141251596,3.7330757712536644
BH9_623,BH876,-0.1099999007648217,-2.6973918310479417,-13.965785491229644
BH9_624,BH876,14.460000000000004,9.742742716779183,2.0706312787271806
BH9_625,BH876,16.39000000000001,14.830474949193698,-6.068693239641299
BH9_626,BH876,25.480000231374703,23.739356784067123,1.6821242512254186
BH9_627,BH876,15.830000000000007,14.235794637213134,-5.834488386735157
BH9_628,BH876,25.03000000982733,23.175799122277265,4.329147935954086
BH9_629,BH876,11.86000000000001,12.723241659443731,10.509750386447173
BH9_630,BH876,18.3399997700357,18.64849164785404,1.5449892984228069
BH9_631,BH876,15.580000000000007,13.894706089520415,-4.795279079505985
BH9_632,BH876,27.21999999999998,25.594927148241087,11.55469321094057
BH9_633,BH876,15.319999984454515,9.755708066415158,-13.039846416830992
BH9_634,BH876,20.29999988437368,14.344963025169797,11.42033585620545
BH9_635,BH876,3.840000300846986,0.6109174333412092,-1.8613986789890324
BH9_636,BH876,18.140000000000025,13.651070641706776,1.248253379977011
BH9_637,BH876,19.800000000000008,18.971464938395552,5.905450377965492
BH9_638,BH876,26.48999994772482,25.355537241343125,4.10640613918633
BH9_639,BH876,13.469999770881364,11.739398608711832,-2.722424371175566
BH9_640,BH876,22.18999999999998,20.151583414345804,10.764582443544828
BH9_641,BH876,0.2799997474013645,-4.23177329075509,-12.142720837343173
BH9_642,BH876,28.61999990869933,26.05185965529948,19.780060748968335
BH9_643,BH876,0.8499998606921877,-1.229986089238584,10.890074709818338
BH9_644,BH876,6.499999999999986,4.8549546437335005,20.286621841968792
BH9_645,BH876,22.01000022424614,19.99146031583432,21.881293216500005
BH9_646,BH876,23.809999999999985,21.91489281757488,22.219339336598402
BH9_647,BH876,14.749999999999984,12.862261802596064,12.824192303218739
BH9_648,BH876,18.57000019005344,17.170080079980785,22.661973578136784
BH9_649,BH876,5.49000006733826,4.365401056791618,16.690126992150347
BH9_650,BH876,25.24999981135697,23.06196438569292,38.17625952592147
BH9_651,BH876,1.5099998927905922,3.16036041449612,-2.7698288174295915
BH9_652,BH876,15.069999999999991,16.40861408773089,3.7807354988103383
BH9_653,BH876,10.000000000000012,8.362118522992457,25.860674228779526
BH9_654,BH876,11.940000000000028,10.15281162386666,25.05365545401362
BH9_655,BH876,16.809999999999995,18.70036026321561,4.123150829975419
BH9_656,BH876,-0.500000176440482,1.1546186872858692,-2.5353084166936815
BH9_657,BH876,1.0399996892859706,2.111609352575711,16.411647907084355
BH9_658,BH876,8.070000000000004,7.508615716186978,15.809055274996567
BH9_659,BH876,-2.4600002907784555,-1.64809119645634,22.21820682604037
BH9_660,BH876,8.580000000000018,7.281424028572955,27.047560252034184
BH9_663,BH876,14.990000282160048,16.132413784744607,1.9671097408239213
BH9_664,BH876,-4.209999967055932,-2.91084256724296,-24.415976370204607
BH9_667,BH876,17.060000297262846,17.053392685176046,11.266975711974922
BH9_668,BH876,10.359999999999998,12.25586431999373,9.470798148919842
BH9_669,BH876,7.580000000000011,8.404815397110394,7.379804022629266
BH9_670,BH876,16.78000000000003,20.215043824035103,-1.3835001590544196
BH9_673,BH876,16.05999999999999,16.92073360560035,10.351026486351795
BH9_674,BH876,18.89000000000003,21.14664489111485,11.728998579201056
BH9_675,BH876,14.019999999999998,16.246173722220206,9.813358083193947
BH9_676,BH876,3.4300000432140854,4.859760613347757,1.1548599140267348
BH9_677,BH876,20.63000021417761,20.65745231035088,9.994685420352107
BH9_678,BH876,-96.25999975650508,-97.10759042008024,-11.138720222768974
BH9_679,BH876,12.540000000000008,13.40503697806477,8.352902367491597
BH9_680,BH876,14.67999993431335,17.991751150969417,-1.067071553155913
BH9_681,BH876,5.380000166573439,6.198265869051432,1.565687910434912
BH9_682,BH876,16.10000000000003,18.526180324925093,2.3898286043181987
BH9_683,BH876,3.599999889850628,4.353078904341745,6.972914101759814
BH9_684,BH876,19.569999915424926,23.32431969631232,-2.4612410210934996
BH9_685,BH876,21.769999813249783,22.654882423645915,10.166164221311293
BH9_686,BH876,13.810000091663923,15.604923045712102,10.511414493590529
BH9_687,BH876,12.529999999999996,13.523659361052095,13.45483811842449
BH9_688,BH876,21.749999831292545,24.447147812281404,17.885911961288816
BH9_689,BH876,14.189999999999982,13.22408100434761,0.5717396648430493
BH9_690,BH876,5.330000211680338,5.708219310786453,-1.9078160801218718
BH9_691,BH876,9.500000214821789,9.274161249320954,10.660296023347776
BH9_692,BH876,23.83999982835258,25.1945019321256,11.865260931692042
BH9_693,BH876,4.489999714457296,3.908367646406547,2.3569664117681683
BH9_694,BH876,17.529999873257992,18.96401188287334,9.205597668040927
BH9_695,BH876,1.5399998657264526,2.432069153819039,-1.7316983396040322
BH9_696,BH876,18.70999999999997,21.182981141072226,5.914830212228821
BH9_701,BH876,8.700000000000014,8.903339922283282,10.655489140688028
BH9_702,BH876,19.2100002401946,20.58921191013564,9.549480324802524
BH9_703,BH876,15.270000000000008,16.301121903032758,8.961192218141784
BH9_704,BH876,18.26000000000002,20.25751975202108,1.929824481062152
BH9_705,BH876,4.560000278817111,5.500966924991454,6.3720263597527085
BH9_706,BH876,19.64000000000004,22.2920272665372,14.36433031291509
BH9_707,BH876,1.9700001053165936,0.0256336993109245,1.47355705081708
BH9_708,BH876,19.13000000000002,20.458641056490748,11.818283022775184
BH9_709,BH876,1.1400002265816462,1.655623192634562,4.633106723258431
BH9_710,BH876,20.969999907450696,24.44506774381616,-4.004890058215901
BH9_711,BH876,0.739999959927366,-0.462761567971956,2.0786568912302323
BH9_712,BH876,20.870000000000022,21.98863409136649,8.986703489677359
BH9_713,BH876,10.150000255941574,11.20900124585818,0.8602065734820639
BH9_714,BH876,10.190000000000015,10.482722910022291,-3.131614384960882
BH9_717,BH876,8.260000000000009,9.06364204915218,8.66344510446765
BH9_718,BH876,17.27000000000002,19.08675932462633,7.997392612797927
BH9_719,BH876,5.340000202658958,6.043950684622136,6.3978387195933895
BH9_720,BH876,18.83999999999998,20.829666637985024,7.914460751962411
BH9_721,BH876,-1.1600002085388867,-1.74299968261824,-5.987762802373214
BH9_722,BH876,7.89000000000001,6.170894470704485,2.489474233412913
BH9_723,BH876,15.48999999999998,15.230799449962271,12.480871681134907
BH9_724,BH876,19.550000000000004,20.979858520599528,12.975330958394464
BH9_725,BH876,7.359999999999976,7.427722654081765,-1.1837055068242943
BH9_726,BH876,18.179999914377778,17.51966077617408,2.830903465103612
BH9_727,BH876,15.720000000000022,14.961945274848224,-7.363838418305654
BH9_728,BH876,10.680000000000009,6.719674221595915,2.910160310785986
BH9_729,BH876,2.2399998617393377,0.8537347970872665,-13.288659434629457
BH9_730,BH876,28.35000015227659,29.551383794837434,30.665940401731255
BH9_731,BH876,4.810000053282615,2.660501678642662,-12.153563628521374
BH9_732,BH876,25.86999987954089,26.4247974463237,29.434010055117525
BH9_733,BH876,4.620000224688832,2.709876885153568,-16.326864455176423
BH9_734,BH876,29.540000000000006,30.200350014137022,26.400740785648484
BH9_735,BH876,14.749999999999984,15.748194063625576,-2.6196960522490222
BH9_736,BH876,-1.060000298752685,-1.5397282167745177,9.317563343777914
BH9_737,BH876,4.040000120419389,1.7470954996874537,-14.528078892550374
BH9_738,BH876,19.529999999999987,20.071008750647643,20.756682842688637
BH9_739,BH876,3.890000255740087,3.1353189586557515,-11.73806580467737
BH9_740,BH876,19.12000000000001,15.1980490402529,4.043688615518051
BH9_741,BH876,3.3600001063637444,0.2729978084024549,-13.615991407533935
BH9_742,BH876,21.6299999395491,22.39740675223014,19.943852564460837
BH9_743,BH876,5.779999805718245,2.495686378044137,-20.025604784073497
BH9_744,BH876,21.110000000000014,22.260985941598896,20.417978254897182
BH9_745,BH876,3.489999989085806,2.2738192966330386,-9.463836544874438
BH9_746,BH876,52.86999999468481,51.84322456558364,48.14751249939377
BH9_747,BH876,1.310000073218189,-0.1988548030635853,-9.576821932312688
BH9_748,BH876,50.2299998662912,48.85057139182665,42.78547036212754
BH9_749,BH876,20.31999986633091,18.93209744116944,10.948657192566502
BH9_750,BH876,14.770000000000003,14.075373534493522,18.03232824994987
BH9_751,BH876,11.810000000000022,9.34736550060514,-7.626739143160212
BH9_752,BH876,16.75,15.811998348294347,19.40192830278419
BH9_753,BH876,13.620000000000031,12.00656308909582,8.372086429582161
BH9_754,BH876,10.810000288039978,10.134664175448911,18.207267608383066
BH9_755,BH876,1.3300000551754294,-0.7714444596598883,-13.533456518845187
BH9_756,BH876,27.06000000000001,28.66203469761948,30.300282340157153
BH9_757,BH876,18.86,20.94078024254181,4.8041743539585635
BH9_758,BH876,53.60999995461218,54.92991103789197,38.09008385048009
BH9_759,BH876,20.99000000000002,22.1693432028562,0.17047169897543352
BH9_760,BH876,54.730000199236585,56.14832547585082,37.64242063223437
BH9_761,BH876,7.600000046355536,4.673884024049353,-11.412336617054805
BH9_762,BH876,15.41000000000002,15.74097651235824,-7.0124839697127195
BH9_763,BH876,4.389999804671095,2.6697148983161383,-9.873064184158162
BH9_764,BH876,13.7500001457922,14.825345874972443,9.650310170125396
BH9_765,BH876,4.000000156504909,1.7239033770005558,-10.374778904568593
BH9_766,BH876,14.179999999999971,14.924831666174784,5.304932490979294
BH9_767,BH876,-1.6899997304057552,-2.934678326460688,-15.60894188708036
BH9_768,BH876,2.540000218607417,1.1177337430970724,-4.607749098441895
BH9_769,BH876,2.979999821666704,0.8318818423961623,-11.037997811244901
BH9_770,BH876,12.740000000000022,13.812394416853872,8.172235698307459
BH9_771,BH876,1.0700002897313052,-1.9237464447775936,-14.686702131019976
BH9_772,BH876,26.520000000000024,27.56827853073695,28.68405187631845
BH9_773,BH876,7.840000000000023,6.180100222873037,-20.94587865498839
BH9_774,BH876,61.88000002404474,60.100600336633086,26.888761987335535
BH9_775,BH876,8.109999999999982,6.781744383891395,-2.74942559176193
BH9_776,BH876,56.3999999476851,55.75656396933808,51.866035264120455
BH9_777,BH876,8.679999999999994,6.975187106064585,-2.913464583757182
BH9_778,BH876,55.38000024035637,54.04967394309104,47.798131016505074
BH9_779,BH876,21.410000000000007,19.128312876659912,-0.6269300996251472
BH9_780,BH876,15.509999813048296,14.00132007461576,8.603083797112426
BH9_781,BH876,20.080000082844027,18.575317140532523,13.182859654789647
BH9_782,BH876,15.350000000000025,14.580021736301305,19.35690689677341
BH9_783,BH876,18.58000018103205,17.504444173500918,22.25061966607184
BH9_784,BH876,20.490000000000013,19.71013388791152,27.652704142363305
BH9_785,BH876,13.880000028514264,12.832174982347569,19.354291328332096
BH9_786,BH876,15.609999722834498,14.526858506216133,24.210319957360415
BH9_787,BH876,2.2099998888034778,-0.1137877989297656,-11.106154420122136
BH9_788,BH876,13.329999999999991,14.817283695967856,8.45778914137869
BH9_789,BH876,2.610000155457758,-0.0072565195788029,-9.060174235462355
BH9_790,BH876,13.620000000000031,14.589682746594171,8.791075308645688
BH9_791,BH876,1.4299999649616308,-0.3398065459117163,-14.958902587319399
BH9_792,BH876,17.739999999999995,14.732187198879627,0.9676751724290965
BH9_793,BH876,1.4099999830043908,-0.8651684589520156,-12.8776855420957
BH9_794,BH876,13.670000217963238,15.096174759623192,12.328330316595379
BH9_795,BH876,5.789999796696865,2.9333614977728084,-6.271242428201556
BH9_796,BH876,13.340000000000002,14.37587897377838,5.689404762410228
BH9_797,BH876,37.29000024478617,36.9604795204537,36.56914265338034
BH9_798,BH876,38.20000005135009,38.00668308215101,30.931279685296722
BH9_799,BH876,0.8399998697135674,0.7931354541635159,-1.5439965229881356
BH9_800,BH876,0.749999950905986,0.9199164015472814,2.579447546928919
BH9_801,BH876,37.38000016359376,36.99946982162906,36.39410745873617
BH9_802,BH876,37.1399997525974,36.82556736811112,31.824152768771544
BH9_803,BH876,12.729999810953997,10.616026002694728,0.6107377505868922
BH9_804,BH876,0.0799999278289612,0.4205116688481319,0.7940054433015087
BH9_805,BH876,11.940000000000028,13.62948180574952,16.773726661617353
BH9_806,BH876,71.11999999999976,70.79604814269874,46.33567351439533
BH9_807,BH876,30.60000000000001,29.748639640983765,15.346673186580968
BH9_808,BH876,3.1400003048341003,3.3299867047316045,6.040823282635728
BH9_809,BH876,3.0799997314529053,3.231202908287728,5.351912457120523
BH9_810,BH876,32.749999947926305,32.163232969678,22.925347863121367
BH9_811,BH876,-31.629999703301905,-31.84090802197427,-19.149370331983473
BH9_812,BH876,-30.510000086186967,-30.621330306969856,-16.337011673454715
BH9_813,BH876,4.730000125453654,3.836131516680822,-2.7039043397064404
BH9_814,BH876,5.639999932017563,4.882366704849328,-8.341827293916946
BH9_815,BH876,17.32000000000001,16.504795163059878,2.548751194347995
BH9_816,BH876,-0.4700002035046215,-1.445557556346706,-14.308226380608948
BH9_817,BH876,-3.2100002416844418,-7.634959665932392,-26.24089758868456
BH9_818,BH876,15.069999999999991,15.014915420326936,17.004369643033197
BH9_819,BH876,14.280000295168543,13.42992833367111,-4.945859155005705
BH9_820,BH876,-0.0500000176440482,-0.6029921768862067,13.26327491905035
BH9_821,BH876,13.62999999999998,10.967775999089715,2.278353493769899
BH9_822,BH876,28.03999980442989,27.101127847687604,26.32262908669212
BH9_823,BH876,23.739999999999977,25.60695926582595,21.51887805894437
BH9_824,BH876,29.959999954853384,32.56370349191216,27.872058355443606
BH9_825,BH876,-4.000000156504909,-5.822253658192256,0.5550240572683415
BH9_826,BH876,4.560000278817111,2.852141566043572,-12.434684872784079
BH9_827,BH876,20.980000000000008,19.838119904486422,17.972406430376722
BH9_828,BH876,10.61,9.91904037391925,19.84626182206802
BH9_829,BH876,9.09999999999998,9.138256377001907,8.567582226554528
BH9_830,BH876,11.86000000000001,11.93657614166932,16.021329872402948
BH9_831,BH876,17.890000000000022,18.85769345464658,11.80328183130845
BH9_832,BH876,15.799999999999978,15.287440149392502,22.423264260055035
BH9_833,BH876,3.0799997314529053,1.4541747047181095,-2.7009091285357854
BH9_834,BH876,-5.699999877889284,-7.010742294693147,4.867139429841679
BH9_835,BH876,3.1400003048341003,5.216243160820488,0.7278602035578845
BH9_836,BH876,6.090000153564944,8.391695240826428,2.7914859667379526
BH9_837,BH876,-2.9899998126453244,-3.198702686620788,-3.8784858610744313
BH9_838,BH876,19.74000000000001,19.500738243630384,0.13654988755861575
BH9_839,BH876,14.75999986214231,15.64967965694652,23.267234630858614
BH9_840,BH876,6.600000000000024,5.090324097573358,16.06927189610686
BH9_841,BH876,12.460000054531251,12.73534675647007,10.7322364037038
BH9_842,BH876,18.94000000000001,17.031957840205834,28.52959138621737
BH9_843,BH876,32.379999999999995,35.92886618158346,29.508095460204245
BH9_844,BH876,-2.3299997805469195,2.8733404676282013,-8.10973423993885
BH9_845,BH876,18.14999999999997,15.383202111145875,20.325583148470162
BH9_846,BH876,2.8699999209018823,0.1625052499533089,16.7718917454544
BH9_847,BH876,-0.9399997794997692,-1.229691159721245,-18.949120728150476
BH9_848,BH876,4.810000053282615,3.4247979896980265,15.805142923695527
BH9_849,BH876,-4.349999840756614,-5.361093745387275,-15.933295884779056
BH9_850,BH876,6.350000000000022,5.320252165762191,17.971988424536676
BH9_851,BH876,20.110000000000007,19.196127699988192,-6.108457545954058
BH9_852,BH876,29.2599999588405,30.118000879065946,31.7711341488939
BH9_853,BH876,17.01000000000001,15.9867083438536,-5.068359404930609
BH9_854,BH876,24.609999761215807,25.41068246007996,30.260852238936558
BH9_855,BH876,18.7500000276686,18.40229652609459,-6.472099662463142
BH9_856,BH876,25.99999976226296,25.66407291923161,21.20563669575116
BH9_857,BH876,7.220000000000024,7.1399756119495015,-11.79001991532226
BH9_858,BH876,32.2899997354003,32.78502420098074,38.073990501832064
BH9_859,BH876,2.72000005622258,2.32841820564566,-6.477430247944438
BH9_860,BH876,17.070000288241467,19.22716689135621,18.65766460086358
BH9_861,BH876,1.9000001684662529,2.066513133217043,-0.03752629466224883
BH9_862,BH876,15.439999999999992,16.114080091401455,23.726387247404666
BH9_863,BH876,7.299999999999978,7.514036142986395,-10.64595416494618
BH9_864,BH876,32.99999999999999,34.1798260300199,37.17717466829389
BH9_865,BH876,0.2199998015296435,0.9205040014183634,0.574096409749537
BH9_866,BH876,7.330000000000009,6.629725256530073,12.965845185294665
BH9_867,BH876,31.220000073178472,29.69023074542302,-22.495315654834585
BH9_868,BH876,14.119999812001147,15.371645018238738,7.035085676420324
BH9_869,BH876,13.769999999999996,12.154440089164847,-12.17382914917269
BH9_870,BH876,0.3399996932730854,0.3469003522068958,2.55611692506669
BH9_871,BH876,7.179999999999983,4.925444163433465,-1.0239346682870274
BH9_872,BH876,9.500000214821789,8.78221427845097,4.833392607515509
BH9_873,BH876,4.889999981111576,4.706882676442491,-8.013791307383885
BH9_874,BH876,13.689999999999978,16.19688423351724,19.072656065490236
BH9_875,BH876,5.420000130487919,5.4042393515482905,-8.254920414402543
BH9_876,BH876,8.249999999999998,10.68087076097652,22.30604462955238
BH9_877,BH876,3.819999691380272,4.274634384099255,-1.4996055502990697
BH9_878,BH876,12.729999810953997,13.754828140892888,22.677114106537974
BH9_879,BH876,9.950000000000022,10.389481779371714,-11.151869035906152
BH9_880,BH876,30.330000248571807,31.85483415157812,38.590518655800274
BH9_881,BH876,6.919999999999971,7.145654572664705,-10.734697130295544
BH9_882,BH876,24.1100002122848,24.4410870746948,28.106654757048798
BH9_883,BH876,20.06000000000002,19.141427636390937,6.268059210031512
BH9_884,BH876,9.650000000000032,10.517287575219676,9.901683644266592
BH9_885,BH876,1.4599999378974915,2.3941158747770728,5.75322748671031
BH9_886,BH876,11.030000089569622,10.522459006239185,12.029469077374056
BH9_887,BH876,1.2300001453892278,-0.2189987356554299,-7.503317047874364
BH9_888,BH876,11.92999990515491,11.540409706914934,18.08473107708472
BH9_889,BH876,12.209999999999988,12.168630776668923,0.6653268631792826
BH9_890,BH876,3.509999971043046,2.9486389061558227,6.718173778007294
BH9_891,BH876,6.350000000000022,7.409699138758614,-0.9713287718769748
BH9_892,BH876,13.37999999999998,14.28240447221136,12.207049532393054
BH9_893,BH876,7.580000000000011,6.930862660586089,0.14695148758058968
BH9_894,BH876,22.449999827305422,23.74543804119628,22.695001966153228
BH9_895,BH876,3.759999745508551,3.701214532473649,-1.1987527710376988
BH9_896,BH876,8.690000000000003,7.939488821400683,8.353405172457013
BH9_897,BH876,6.409999864880788,5.074402989916364,-6.669227531866287
BH9_898,BH876,5.530000031252741,5.1646185837452405,10.591465976206957
BHDIV10_1,BHDIV7,25.650019530804947,23.98125691729845,12.377269444434976
BHDIV10_3,BHDIV7,36.53002728580896,35.1764130451251,27.427639824444608
BHDIV10_4,BHDIV7,96.17007262879648,95.89657770735325,47.194415336504136
BHDIV10_5,BHDIV7,15.940011975318448,15.263407289507349,-6.130834091857937
BHDIV10_6,BHDIV7,13.640010285178963,12.321592423351646,-2.07884013074564
BHDIV10_7,BHDIV7,27.490021008418424,26.494234130547664,9.981844223415333
BHDIV10_10,BHDIV7,64.93004935581024,60.910884683465056,70.52797779470744
BHPERI_3,BHPERI11,28.10002108562373,28.90165584184576,17.84590093749405
BHPERI_8,BHPERI11,18.000013881971043,18.764189020887432,5.052463395749463
BHPERI_9,BHPERI11,14.500010764359246,16.783522697770643,-3.256514875721808
BHPERI_10,BHPERI11,26.400020109220407,30.357565986739488,-0.31388091993250516
BHPERI_20,BHPERI11,18.100013791757245,18.9284022889426,4.296164556460034
BHPERI_21,BHPERI11,16.600012634926326,17.370273423465985,1.032391573151894
BHPERI_22,BHPERI11,22.90001699160861,23.67491865201167,6.806220253212578
BHPERI_23,BHPERI11,27.800020728755648,29.127508424207136,8.657764229544371
BHPERI_24,BHPERI11,21.300015924991488,22.25197722735462,-0.6020751861977203
BHPERI_25,BHPERI11,21.600016281859567,22.575324262467262,2.368289899396248
BHPERI_26,BHPERI11,31.30002384636745,32.560194898255126,10.59752474575574
BHROT27_1,BHROT27,2.7300019297296223,2.57164050131224,0.639791970340543
BHROT27_2,BHROT27,7.010005598692739,7.002843958562896,4.648686181542462
BHROT27_3,BHROT27,3.460002526187841,3.433158737652592,2.720679456917849
BHROT27_4,BHROT27,3.72000291914144,3.656618814668316,3.4297585632383063
BHROT27_5,BHROT27,1.0100009713690583,0.9558918961834189,0.8287243434723138
BHROT27_6,BHROT27,2.280001708182241,2.1301916651150266,-0.5233440370720228
BHROT27_7,BHROT27,1.0100009713690583,1.0821061397599734,0.80309726676579
BHROT27_8,BHROT27,7.170005454350663,7.136860090179288,2.392890957331529
BHROT27_9,BHROT27,5.790004189263184,5.879475807844478,0.005323681647465347
BHROT27_10,BHROT27,8.030005933530944,7.988834911416078,4.374689305196646
BHROT27_11,BHROT27,1.620001048574362,1.554079672301638,1.1364703566563243
BHROT27_12,BHROT27,8.410006218227984,8.605493491665401,4.232726316073224
BHROT27_13,BHROT27,6.910005061397063,6.915696948831819,2.3464896282701107
BHROT27_14,BHROT27,2.680001974836521,2.7708908235575964,0.4628319061806569
BHROT27_15,BHROT27,17.240013312576963,17.54928857322773,11.0776739915353
BHROT27_16,BHROT27,14.520010746316489,14.705564670291745,14.62033822807686
BHROT27_17,BHROT27,2.100001870567078,2.466663625615243,1.846241542849772
BHROT27_18,BHROT27,3.890002765777983,3.7429601022661263,1.029885579963435
BHROT27_19,BHROT27,2.0900018795884576,2.0127685782891684,2.2026373769537066
BHROT27_20,BHROT27,1.7800015317417588,1.433702270823648,-1.1614086374154513
BHROT27_21,BHROT27,1.3900012560660984,1.0164963219532794,2.646579915680304
BHROT27_22,BHROT27,6.30000498419176,5.793222559854342,0.6125032570389828
BHROT27_23,BHROT27,3.35000262542302,3.095761953682095,5.035489033382691
BHROT27_24,BHROT27,10.360007596606286,10.938963148616212,9.547981656650087
BHROT27_25,BHROT27,10.240007704862844,10.915468252635415,9.615768647294983
BHROT27_26,BHROT27,17.20001272115301,17.708027197642597,13.372887087060318
BHROT27_27,BHROT27,17.080012829409565,17.684532301661804,13.440674077705214
CRBH20_3,CRBH14,48.40983145311486,48.36501365973888,43.00126286675987
CRBH20_4,CRBH14,49.90856943337449,49.15548019059605,42.04427461754961
CRBH20_5,CRBH14,47.65633062685309,46.48559366843459,42.741944794252646
CRBH20_6,CRBH14,43.74768706463868,42.395197383681,26.353839027748826
CRBH20_7,CRBH14,33.712027192494006,32.32903433876572,25.448472152138628
CRBH20_8,CRBH14,50.58019909855565,49.02459369974208,37.28421500962123
CRBH20_9,CRBH14,45.18265062954012,43.72924230216447,39.306380609631425
CRBH20_13,CRBH14,49.54649458431345,49.38827635353229,36.18513096644897
CRBH20_14,CRBH14,52.41704985109988,52.25566445454816,37.395645741291126
CRBH20_15,CRBH14,48.78880513231234,47.022554654935405,35.55828093206644
CRBH20_16,CRBH14,41.404097311412045,39.95019130626149,18.373411063871828
CRBH20_17,CRBH14,34.44293328512329,32.352106795320246,18.085639056615413
CRBH20_18,CRBH14,45.641876495375136,45.356793732979845,30.998243996582417
CRBH20_19,CRBH14,45.915798186010754,43.58908172325536,31.96026064810517
DBH24_1,DBH22,17.189999552475435,15.778235452072929,-19.544524732924064
DBH24_2,DBH22,17.59999918259886,18.16271861723118,-35.92971826330458
DBH24_3,DBH22,6.899999422833177,5.271085543413262,-20.80692500601251
DBH24_4,DBH22,13.529999716753084,13.452835378772551,13.754490846186814
DBH24_5,DBH22,3.4999999800644264,2.938498917796073,-1.7651690087134435
DBH24_6,DBH22,-2.3999997173972605,-2.8249730413402223,0.7435042690387587
DBH24_7,DBH22,14.31999963157355,12.869066138812675,-6.944403322207999
DBH24_8,DBH22,1.830000231615912,2.816794773124601,-11.007768933574418
DBH24_9,DBH22,48.13999798670274,44.25389010947567,59.343879850453014
DBH24_10,DBH22,6.129999489969951,5.155472821438326,-7.190448546394825
DBH24_11,DBH22,10.649999804872582,9.210923229123583,-8.692282296312879
DBH24_12,DBH22,3.76999973648717,4.152327767584279,-15.397526857664419
DBH24_13,DBH22,82.13999680695656,81.82618854337312,31.122913569189397
DBH24_15,DBH22,59.32999730442081,56.81259878482429,27.350932114083722
DBH24_17,DBH22,29.52999908775377,29.55211885944489,13.661684366549634
DBH24_18,DBH22,17.7699990292354,17.597335530370696,-22.35062804337082
DBH24_19,DBH22,10.699999759765682,11.56980199967804,9.128090553312516
DBH24_20,DBH22,41.87999798650125,43.64833273660442,47.04074665640447
DBH24_21,DBH22,32.9199985395439,32.074947344062515,37.07256621073261
DBH24_22,DBH22,19.35999947736443,17.039878327468053,1.8733491235811264
DBH24_23,DBH22,12.89999965759054,10.127897301485238,-26.292237817201705
DBH24_24,DBH22,17.089999015179757,16.63470587672803,11.805218305196714
INV24_1,INV23,31.70002411302173,30.0037494761296,27.513705662321765
INV24_2,INV23,69.30005231607146,69.77373537266747,32.418275914620025
INV24_3,INV23,60.60004573195402,63.99273625812492,47.973029789214664
INV24_4,INV23,37.000028116823046,34.8767472135548,37.13852758711395
INV24_5,INV23,74.2000560532185,75.05491302549598,77.08699143311628
INV24_6,INV23,9.700007564507882,8.495715164502993,2.387819056306944
INV24_7,INV23,18.900014325065808,15.006554107612684,-1.1655096213300973
INV24_8,INV23,43.200032563719134,43.17908748971898,23.263456329708436
INV24_10,INV23,31.20002330907177,31.53318120376891,26.919024261020265
INV24_11,INV23,29.30002188558657,30.843223367469285,23.64964643010171
INV24_12,INV23,10.300007650734566,10.544609525972032,7.7972423848588575
INV24_13,INV23,4.500003470492761,4.679891109429926,5.53325891082039
INV24_14,INV23,24.70001850530761,25.363836995304887,18.761425590281757
INV24_15,INV23,37.60002820304973,38.306777628175965,24.913322031683183
INV24_16,INV23,4.10000320383848,4.343946319567673,6.375858754876661
INV24_17,INV23,13.100010144824004,13.863215342355469,12.40977293332417
INV24_18,INV23,11.2000087213388,10.38187692930074,14.327557165718567
INV24_19,INV23,6.200004446896084,6.352270373800889,-0.6087296548999349
INV24_20,INV23,21.300015924991488,19.957406129688703,39.55164354211214
INV24_21,INV23,42.30003212062437,41.09123884620831,59.9110430503758
INV24_22,INV23,27.20002064252897,27.604844637280976,14.993611965673985
INV24_23,INV23,8.400006227249364,7.54141990341034,14.723446566013202
INV24_24,INV23,68.6000516925491,67.38840180667094,80.00645633538808
ORBH35_VO_1,ORBH35,42.13161924544773,43.17733623630777,20.44787257566872
ORBH35_VO_2,ORBH35,24.146134717839068,26.061329839971137,6.195977420127555
ORBH35_VO_3,ORBH35,38.53467156167893,26.06266888242713,6.19208267354488
ORBH35_VO_4,ORBH35,-0.958646223521462,0.898449804423392,-17.25554620723353
ORBH35_VO_5,ORBH35,2.601341152225204,4.777180743036238,-7.403318836105826
ORBH35_VO_6,ORBH35,0.2277671137995582,0.2406955032244029,-0.34337140249710946
ORBH35_VO_7,ORBH35,1.2128063857999838,1.8071276367785376,3.9151874256075234
ORBH35_VO_8,ORBH35,41.812505577509256,41.98818457314586,34.660280392985676
ORBH35_VO_9,ORBH35,14.173683875016454,14.176989783188311,-1.8830383531254526
ORBH35_VO_10,ORBH35,12.802581949290094,13.021532178469547,-2.7716281002570744
ORBH35_VO_11,ORBH35,18.6203421376099,5.846329125901772,-0.5296866170093945
ORBH35_VO_12,ORBH35,46.27688470765016,50.97397440846544,46.37846902814311
ORBH35_VO_13,ORBH35,67.49216740084984,69.99794086819449,46.23656681061524
ORBH35_VO_14,ORBH35,28.432370183389075,26.921567454977875,15.201217737237192
ORBH35_VO_15,ORBH35,10.297325047732958,9.775821062870971,-3.8331059332176887
ORBH35_VO_16,ORBH35,43.402451432314045,42.86916369804263,34.054063659975654
ORBH35_CO3_17,ORBH35,21.755060067691364,20.76767623205109,-31.27307605214014
ORBH35_CO3_18,ORBH35,76.69131949350411,73.94892858146382,-0.6496360080043923
ORBH35_CO3_19,ORBH35,62.554614751794006,60.34271677235232,-1.306838952807222
ORBH35_CO3_20,ORBH35,7.395821641195368,7.389579678955797,3.712718852935333
ORBH35_CO3_21,ORBH35,-0.5185487289842217,-0.9319566768117176,2.877416046885246
ORBH35_CO3_22,ORBH35,-0.2275851360520808,-0.3269586658984902,5.7243225639189
ORBH35_CO3_23,ORBH35,5.50185309379378,13.485772660767491,-13.57336153848136
ORBH35_CO3_24,ORBH35,72.80987783948072,71.35755510348253,36.90264549314486
ORBH35_CO3_25,ORBH35,12.592127821879853,11.146163764892036,20.75461263698435
ORBH35_CO3_26,ORBH35,4.1967337892648295,5.945253107931395,20.057049127640187
ORBH35_CO3_27,ORBH35,17.86027756224947,18.94296615629377,-6.4014929608023365
ORBH35_CO3_28,ORBH35,3.271973077342607,4.173252949520364,-6.014313593180269
ORBH35_CO3_29,ORBH35,6.944221897998608,6.226078281293882,4.757101165360231
ORBH35_CO3_30,ORBH35,48.05546681296159,47.24943014050932,-6.670284108478724
ORBH35_CO3_31,ORBH35,48.798030149090486,49.017929549084464,-4.867759903869968
ORBH35_CO3_32,ORBH35,27.7114182735468,36.8701199132254,25.02629623017416
ORBH35_CO3_33,ORBH35,3.0353078792008783,1.4077862550895677,6.894076083775652
ORBH35_CO3_34,ORBH35,7.125051303138478,7.2466721773385885,-5.371419770631511
ORBH35_CO3_35,ORBH35,15.849046319430286,15.697777505097552,-18.673088333368344
PX13_1,PX9,59.300045022204976,58.340181367548496,42.43369084878835
PX13_2,PX9,46.900035500903336,46.58780209783895,30.31607313936513
PX13_4,PX9,48.60003647730666,46.762072083696296,36.08935554165453
PX13_5,PX9,29.80002268953653,28.66173857586637,18.300393823348205
PX13_7,PX9,30.100023046404605,28.57846217007464,9.128598061230592
PX13_8,PX9,35.10002669333785,33.25691898105126,8.657110907102988
PX13_9,PX9,42.30003212062437,39.217848781716064,8.861341781899672
PX13_10,PX9,20.7000158387648,18.189283289554464,11.256081457815915
PX13_13,PX9,16.600012634926326,13.457137646451292,8.49996781987838
WCPT27_1,WCPT26,36.75908079403034,36.50629399898923,29.534590563037025
WCPT27_2,WCPT26,47.012426212764325,47.14147824244169,46.09402818790166
WCPT27_3,WCPT26,70.100379781816,68.37528834110178,53.53492994991368
WCPT27_4,WCPT26,47.514338410572265,47.46618841635829,42.98029950780857
WCPT27_5,WCPT26,68.61854376924018,67.38889270738093,50.90854872422852
WCPT27_7,WCPT26,31.1424461772794,31.41551727886055,25.043267337349697
WCPT27_8,WCPT26,40.10516085773101,41.124976077289006,38.35176710444569
WCPT27_9,WCPT26,61.23326679724691,60.23876022707769,42.544792588353296
WCPT27_10,WCPT26,5.401529389118963,4.673702485493326,-7.735047938366818
WCPT27_11,WCPT26,13.479923205704148,13.186379105566015,5.67030279671489
WCPT27_12,WCPT26,37.93020862807273,35.73608372495357,23.690695260713
WCPT27_13,WCPT26,8.675907710275643,8.185293820549129,-3.045572934228055
WCPT27_14,WCPT26,36.830782536574326,34.69837588852658,16.900725605728823
WCPT27_15,WCPT26,59.63192850794057,56.50213345242925,42.83866711269984
WCPT27_16,WCPT26,4.971318933855012,4.328244463826001,-9.404370538560997
WCPT27_17,WCPT26,14.674951620594536,14.736718005672635,8.031762924133924
WCPT27_18,WCPT26,35.65965407502246,33.230092574545935,17.416843855710773
WCPT27_19,WCPT26,-6.381453203886852,-7.407232461717879,-25.193787434522488
WCPT27_20,WCPT26,2.676864427466221,2.061234586282436,-12.304873478445652
WCPT27_21,WCPT26,23.70936804359014,21.484691837724164,1.8263579659241143
WCPT27_22,WCPT26,-4.086998069988587,-4.811469429474988,-20.389423837858864
WCPT27_23,WCPT26,20.913001339393407,18.852768634757084,-0.7110489442134339
WCPT27_24,WCPT26,49.474185412598565,45.804739927755854,19.870704121303195
WCPT27_25,WCPT26,-4.63671080198305,-5.590151583396689,-27.44673005778072
WCPT27_26,WCPT26,6.285850880494863,5.954875400974568,-10.53025235037131
WCPT27_27,WCPT26,20.43498972243346,18.27099889104378,-4.688958928263769
