Dataset,Datatype,wB97M2,B3LYP,BMK,CAMB3LYP,CF22D,M052X,M062X,M08HX,MN15,PBE0,PW6B95,SOGGA11X,r2SCAN0,wB97M-V,wB97X-V,revDSD-PBEP86-D4
BH28,Barrier Height,0.49857241401894303,3.0497515717397663,1.9058879154541724,2.3027075225768865,0.7105964072846832,2.6112205990203874,2.044938200168906,1.8535647894766552,1.2997621264239878,2.403046190155933,1.4560291679263209,2.075681758020027,2.1015281874735106,0.8384106060722647,1.9552302697184716,1.7087197462006318
BH46,Barrier Height,0.5221185506694862,3.4212080192105025,1.0598236910925651,2.3047330638190577,1.071284012565039,1.1084112492773395,0.9799654371368083,0.6987775464054549,0.9433624259721236,3.086863035251439,2.4509563756034236,1.224138010304623,2.46206027964749,1.0803362811026826,1.4345822599771243,0.8143785105405227
BH876,Barrier Height,0.8225829850120343,2.8467409740647707,1.5055462494004268,1.7605278092604697,0.9715505950831059,0.9783425319054774,0.961141330643474,0.9993183970795891,1.2195270251922588,1.6609073883917653,1.7737722032525942,1.7083038424787917,1.3841037851617957,0.848268800659164,1.3512607229933769,1.9684468547134593
BHDIV7,Barrier Height,0.6783669240714751,2.3509157956364635,0.9629661650737606,1.458756488948767,1.1863265017583,1.1471821683303258,0.9764817513734362,0.9099340348702262,1.5823125302458134,3.5989290922475012,1.9485508518105312,1.0532803895906582,2.4675416495548586,1.2740121364530268,0.7247929743752153,0.6611858748190715
BHPERI11,Barrier Height,0.41435828940910097,5.865996902065131,3.6543374735751852,5.977819539906395,1.031854703797854,1.1782475654327618,1.002749187796939,1.0897566327047337,0.9915157820228632,0.8586177001992965,1.8537072687697878,4.117645666687216,1.0472615912388423,1.2119100569926402,2.4366317619885094,1.87568759533231
BHROT27,Barrier Height,0.5013898007252675,1.37482287285945,1.9075994209562903,1.3875157661001911,0.8056228294372194,1.580984640017629,1.1776864512193097,1.4016487773375592,1.5817584308601733,1.9378758645455199,1.858700619229625,1.2672510159407262,2.6336818169273775,0.7354679730594978,1.013639977224516,0.337628041603531
CRBH14,Barrier Height,1.6458923893414463,10.227322440902244,3.3045097768161953,1.830166526057467,2.635292825509909,2.804647216034432,1.4108946655082935,1.0098643938661904,0.9521081967063877,1.1555061315276327,5.086055999557649,1.390688426432548,0.868417123591766,1.3216114838153898,3.2707637552416267,0.5832429290317643
DBH22,Barrier Height,0.4192689237362768,3.272886184965232,1.0951984046391603,2.064309698996269,1.1748068409769936,1.1710022329205816,0.7376298612770712,0.8731758598348955,1.151299516081487,2.873417452279204,2.118257089260532,1.0584496399458074,2.635788379791445,0.9736130445095043,1.153283108917928,0.8170871979443505
INV23,Barrier Height,0.5962844887829729,1.6794842981138605,1.3311138566199,1.445382512719489,1.0919446495277776,1.2667998472021416,1.1769525970899315,1.3283609813953823,2.188973179900715,1.3871920226956025,1.3740645306113939,1.2899052337485235,1.175284888615684,0.9405961158171395,1.1087084316225313,1.8214264647113663
ORBH35,Barrier Height,1.0318060942367093,1.2619985869579577,1.02135298883618,0.999581854797538,0.9524864633803864,1.1155603288270306,1.3037999169169767,1.4350949586387065,1.1658075444242548,1.3132904469160405,1.152514323245595,1.040923449367623,1.0148105264445961,0.9694827994126672,1.0980943810257788,2.113185975597496
PX9,Barrier Height,0.4137351997842058,3.058163004143388,0.7939848213164019,3.8040657436379086,0.8543208237503614,6.194539853449533,4.397133131529443,2.304107344649905,1.8667033349472248,5.33169238612632,1.154295062189007,1.080525913680795,4.085568027664477,1.5839662390173554,2.10370169197927,1.149628009412969
WCPT26,Barrier Height,0.47438575221146245,1.105572231869897,1.036463733594254,1.8037965549075714,0.9184738380344669,2.6051643668078257,2.291981222392465,1.1423826467719786,1.4713686267227752,3.558643346748379,1.0446974179727437,1.1552240470346715,3.034431167486238,0.9612580015019109,1.1648066415768883,0.7479776774014846
Dip146,Electric field,0.7463368442022478,1.1987825296278767,1.2390920710358317,1.0481084879825264,1.1181677151854692,1.3045308593651246,1.04935393498075,1.0819511066585565,1.3269085298544465,1.0486634286461174,0.9512518240274743,0.9271196251611495,1.205539746034708,1.0503602273993005,1.0006396879899992,0.8910494521073509
HR46,Electric field,1.2672264498513706,2.7495023795072284,0.8969153509593311,1.6372510454665927,2.6830047872824645,0.9853987730670876,1.052745243781235,1.1521948636295165,1.8693081168469583,1.7908584735266198,1.8156130842095557,1.0186086497795952,0.9959925582139939,2.5593817292663745,1.108144576358908,1.2235134135808343
OEEF,Electric field,0.5268034585671838,1.7742293895147239,1.0443659154678293,0.9747501611625091,1.717320604662226,0.9813726939099616,1.043737569953217,1.5311530040913666,1.621177764882515,1.9788689863969147,1.5248410153791832,1.4997932072691142,1.5717348150585169,1.1343278864269963,0.8748788691588728,1.3600509040640363
Pol130,Electric field,1.424348416077898,1.9470789487318765,1.0894401976700958,1.374627156689838,1.9855400533248773,1.0792215340348281,0.9917286342446935,1.1102516769593755,1.298968894792157,1.277510532230261,1.2940873607460968,0.9290498317200578,0.7302304851959338,2.0229118344112877,1.1450602738992979,3.153184909110916
T144,Electric field,1.2298139621867226,2.674844031033581,0.9554764532435989,1.4589020017654126,2.404084302623032,0.9611228529154566,0.9670186288628992,1.1541257091472767,1.5695554044871156,1.7467853498954484,1.7765529948943533,1.0718585182216587,1.0771970940238795,2.2692151543226418,1.0757420814321592,2.8092168221800615
V30,Frequency,0.8761390189108855,1.0608306486768087,1.0997132772211318,1.0621306778387134,2.8605313815236433,1.3228522173473678,1.0135706487174443,1.2513330033502676,1.7628506980672671,0.7235033584737633,1.4556338226884624,1.3628244421169182,1.6660205353769828,0.9247261666417657,1.1907053288404932,0.3264042308091426
ACONF,Intramolecular Noncovalent,1.4301666807509474,19.93385223592767,4.139524644947636,14.525982825297591,0.7617233545979875,1.7262437456265256,5.18290411682968,8.438493495735253,11.036742151848962,13.323550128006195,4.2793265443319,9.389740512462797,8.919466627622324,1.21539252681123,0.3703988927287928,0.6691017742178809
Amino20x4,Intramolecular Noncovalent,0.439624615705147,3.407116957108588,1.625978410481669,2.6757106799302566,1.4826219285300044,1.4883657021433587,1.5611476563966311,2.0080252548263946,2.6987110205718707,2.497595385179377,1.967179620380065,2.0189183618804614,1.6086773075847443,0.9786336448968752,0.9603931033904063,0.6438717768953922
BUT14DIOL,Intramolecular Noncovalent,0.6093947749520886,4.7323968937493595,1.3580984162021053,2.1483547987829255,2.8716823786525287,3.1231258922198695,1.4628975329367628,3.2608724876599755,4.564234456386424,2.9812269902712325,6.2682903096670035,2.1362690088906695,1.281769364270943,0.3372936167269974,0.36917639436756045,0.505736151106167
ICONF,Intramolecular Noncovalent,0.5347980852991181,2.5273162120873987,1.6536222422552582,2.29512472202088,1.14021365918075,1.2039138925737671,1.2857347189260637,2.2106497585390312,2.336853617131337,1.7536619608230075,1.1186273190375358,1.8563579580090679,1.630592675225201,0.60864288486409,1.1213500144864803,0.5134387901418491
IDISP,Intramolecular Noncovalent,0.9248681126376985,10.545455274321684,4.353060839592395,7.171729320656563,1.1046805405560043,1.3221546136357654,1.28283754425956,1.905778855893677,2.3469958080746878,6.176750729781137,4.634301106802986,6.224752668426354,3.9160070523854733,1.0724253763237868,1.6917877775945576,4.192351884148201
MCONF,Intramolecular Noncovalent,1.5475212019636768,10.88918901277009,3.995707336061187,7.756732865972096,0.8586200390737183,0.78855165128182,1.5502216316148718,2.1474116490309934,2.377254957227896,7.316761994239082,4.3260753209583624,6.462628590867011,3.277173616363162,1.5739308733711141,1.0080778837309365,0.6404005578839863
PCONF21,Intramolecular Noncovalent,1.347831413884843,13.404345534692682,4.562462752098448,10.109345710950064,0.9536854280225959,1.834244469386993,3.1279982420242827,2.91052372200403,4.011380364106787,10.86386234564281,4.628597911450193,7.0183751535275745,4.6521650959937695,2.0304351428149006,1.0235179769112914,0.548065892838318
Pentane13,Intramolecular Noncovalent,1.6616882286881656,5.100348404783663,1.6579972929106281,4.419986814941899,1.3567945990966337,2.2035571600831445,1.3454602842620813,3.090339573754124,3.457000553676469,3.7388247931572236,1.7801314843712057,2.7924436497433196,5.829619108758672,1.1017862113802164,0.5645557211493449,0.751247036123108
SCONF,Intramolecular Noncovalent,0.9729100259389,4.838866201295156,1.5373193076940066,2.1756585940746422,1.0752456441652112,1.395735687449909,1.6600196397241362,1.894918905046609,3.2201612232470604,1.9898863853293942,1.85657809099289,2.3184045255600854,0.7228567247037303,0.8464333684266634,1.063631414135295,0.6504092935755614
UPU23,Intramolecular Noncovalent,0.7439414966572705,5.318253474414135,3.722309823689784,4.281833711751817,0.9370173648228164,1.9893140786339125,1.2840124972057674,1.7800686076047716,1.1285293303410286,4.077906290764321,3.140904290857867,4.432887461811414,2.4116881075739687,0.9426322967259866,1.1258568713730985,0.9168907674048116
AlkIsomer11,Isomerization,0.25291489520883026,24.32821261739683,9.83174427773091,17.496706086326736,0.5619147994793365,0.9586799626968987,1.1337932227184735,1.3239528836402998,3.949271135962286,17.364352998025005,13.445385075893483,17.319470200197873,8.870628121301479,1.2991933746302007,4.365188357521112,2.251856211753102
C20C246,Isomerization,0.4589672455028953,5.3029727463157,1.2967929269109375,3.2708025604310524,1.7040148805736008,2.0971736201331375,2.760420977168845,2.3406204766167398,1.2506991417417295,1.3823001365084422,2.172383262475796,1.3435811978092178,1.5622705443678693,0.7322319620929384,0.7111615606961041,3.544732944291887
C60ISO7,Isomerization,1.0915691011975686,0.9261573478875382,2.3254536553791256,5.070197454908396,2.1626481333265266,4.84082425501379,3.8270151734152735,4.138080481936394,0.967237889558392,1.1344816107138134,0.9980269952163265,3.4286477238314057,2.298456503230887,5.751657163363962,6.595107467781309,18.4302497819959
DIE60,Isomerization,0.4501680749419493,2.499130272168239,1.1250372463062497,1.2529539542121,1.161985649858338,0.7681815828593015,1.0642188788483966,1.343895108720692,1.4278722812093245,2.7453395450849025,2.445879087919636,2.020473314724828,2.5892393854471645,1.0839148881460552,1.2022516688684233,0.6500619574008721
EIE22,Isomerization,0.6856976538032602,5.074541089477249,2.148557508773365,2.556463648560418,1.6984537293387456,1.28340322246031,1.0244450659239108,1.356440815957883,2.2796797587535766,4.492785763238139,4.194466231828855,3.2925666205463147,4.465964353821872,0.6217270336836163,0.7134405360202953,1.3444700771216471
ISO34,Isomerization,0.41338326887300536,2.6051107314000745,1.3835126566723355,1.4979903029498087,0.6943245559811565,1.2256097236080836,1.4209687029021116,1.1037860480985147,1.7186328671698348,1.8932450354602939,1.6458668139146677,1.6677369531400643,1.5971951175307573,0.706048960438124,1.3315640530014448,0.40178508352604475
ISOL23,Isomerization,0.5376788890472041,5.404899563570063,2.094816322059618,3.0586854522606353,0.9998248992676616,1.5197710270889815,1.6235308711873724,1.2640251493802659,1.5158730729756562,2.243833071742418,2.9491508629299936,1.9973800521072478,1.8286036671855055,0.7977113986246873,1.5239153837327921,2.1046223862118207
ISOMERIZATION20,Isomerization,0.5947355851477752,1.339474859012897,1.3736232082289976,1.147145803616294,0.9889584562981617,1.1844056541562042,0.8609932158220457,1.154965245864217,1.1387275699575792,1.3078727636735852,1.0255773845233869,1.1488934010244147,1.729904588794117,1.1658823073474402,0.9709051905282113,1.5313527260852378
PArel,Isomerization,0.6513834651754608,1.7323649911726833,1.0605827388555036,1.0747995797680459,1.4512973781884795,1.5101185994095807,1.429957049870161,1.366193789834524,1.9730090583720052,1.7995266631067492,1.4458407109792957,1.481909306089035,1.8330538101306444,0.8733111998623364,0.9242678078717671,0.5478912458190376
Styrene42,Isomerization,0.5469600586741301,3.042553192192318,1.3038700817511006,1.7507847256993327,0.6729906973858615,2.0572262299843658,1.2802167267968632,1.0359644451956702,1.291283778413383,1.554966677210605,1.3394011277897202,1.3309670843042278,1.8161593642133484,0.7584361327049371,1.444065669270666,2.05953808878753
TAUT15,Isomerization,0.4267190162785686,1.871852896874986,1.8030187615805653,1.4577905186025635,1.3298404933164059,1.9300081149477868,1.2704819746174247,1.113421796548777,1.940928057895878,1.8771477075774485,1.4781694754442465,0.743622113024532,1.8001510088509267,0.5387674269273355,1.1621131508810576,0.8643071781048854
3B-69,Noncovalent,1.0993258659414302,1.2175172048829166,8.155026043516543,0.7134557457477427,1.3466466400802686,1.6922082205421973,2.6393497477868357,2.748848415200158,3.4585225771734796,0.711170450582798,1.2758237189880148,4.593471618457119,1.158592262777696,1.776517052482926,1.5413085428343403,16.321388932084805
3BHET,Noncovalent,0.629207144862769,1.3302301543158874,5.637291906532882,0.8546803355434313,1.0820697878589953,1.2982601875559812,2.125121989081386,1.9871713486359532,2.235214356053994,1.0274549219169642,1.287866789692205,3.026953692864803,0.9752277937864634,1.1103450034501223,0.8568541079176969,0.38018153402724847
A19Rel6,Noncovalent,0.7930099081382942,7.8389800271139,7.815856671460514,4.308159139754876,1.5962720206623011,1.8432085964199159,2.4702788201113486,2.5916214130977715,2.6833009242778565,3.7620271376054144,3.7602388227517443,6.653774132455179,2.675738452571125,0.7468882078340024,0.5681144279190072,0.631049247611976
A24,Noncovalent,0.9880327281505408,9.79929200134357,11.515186911740983,5.820896786741707,1.2698183662158091,2.139468516580733,2.066722175406927,1.665677741695015,1.9349820360495067,4.65840172867436,4.144197846938159,9.384508220304783,3.106168147988669,0.7771432690872333,0.5953962554234993,0.4558971241312852
ADIM6,Noncovalent,2.8743904650295855,43.82502138247978,33.408208902631216,31.160606525168884,0.480604043241901,7.583793743228838,3.1205139621177858,4.368952983655041,11.986366177780026,30.092955395724108,17.036886318167173,36.46304799657645,18.927739779619113,0.9167674417443316,1.1598371089090667,1.4945560939932365
AHB21,Noncovalent,0.8244891561775817,2.543384521372583,2.5529427307328563,2.208725843764152,0.7784890056592259,3.5317636025072807,3.043016821226713,1.545387478653893,1.1040187711976912,3.1750095379188457,1.57016219878314,2.0409040710878084,4.4171321349849055,0.7400590237027972,1.1129712719630551,0.7630188335600127
Bauza30,Noncovalent,0.7842098820186278,2.2866102000384725,2.0020150533622245,1.9288218806898498,0.7538042389699658,2.5856250807535632,1.6149365788058805,1.5357492603800538,1.0828515847312594,3.0653383985258413,1.9750013642513455,1.9424275512767906,3.4513640510705983,0.7808775203770134,1.1365448816843227,2.276783772384096
BzDC215,Noncovalent,0.8901939408599377,11.381664101471937,9.096659263326213,7.36795469254509,1.1439048748972365,1.7346204847776383,1.5650778960108478,2.4714017120381557,2.9498997791472634,5.726858302909913,3.5266980334434086,8.5896488956132,2.462269334563186,0.9632863915435401,1.055922091313359,1.2321286714548658
CARBHB8,Noncovalent,0.7514365377701782,5.749788149423365,7.057446203623786,2.895307135226261,1.893285107411281,1.7072432571657965,0.8891496822424192,1.813732887768893,1.8330540004836682,2.4314579935791136,3.1005299546927376,4.5169975222566485,2.5720713111310913,1.2551270118854223,1.1941486680620055,1.5803048139224698
CHB6,Noncovalent,15.091327646635735,2.0991787204306607,2.900920746606459,2.631810727617835,0.9614788562412437,3.403187659411548,2.3878080382056512,4.127027054787706,0.4482526636532635,1.9295154134169992,2.106160069832262,2.028318983856952,1.3184804574045237,1.4553254944635556,1.3439260899760441,0.9588309286735346
CT20,Noncovalent,1.174061894830045,7.325774456979268,15.156151508221665,3.5623836688392996,1.2492653207360038,1.3301058791103346,2.198601960823901,3.510826396199938,1.70903355235225,4.188280715453076,3.123124528444957,11.807048373452398,2.3924974805449546,0.8168029996176235,0.8811943945967124,1.1154019682736334
DS14,Noncovalent,1.047851251783292,14.708123738397365,13.344941161153475,9.24439724162704,1.5646956435608927,2.4109420960440215,1.8074290716394925,1.3385070545563729,1.7856232980614721,7.5752047145308445,7.574714148836277,11.717864762021508,4.116706719409214,1.1716017130099645,0.7939516397418195,0.4806719322319286
FmH2O10,Noncovalent,0.15181470829845836,15.813437015525368,7.884366613451288,0.424371998004401,2.0885924409338497,7.152266662684682,8.355307960904968,2.896362574554382,3.3421005182024404,3.5539618967812077,10.2208178541761,5.776973571731004,8.150107499315968,0.40794986435208624,0.1279779721227879,1.283906370036489
H2O16Rel4,Noncovalent,1.0906580841509572,11.311444357608465,6.218744810306424,7.5760327593922785,0.20097255967412953,1.541761260874852,7.185598806462238,3.9833299067656016,4.219399549364986,10.297396777484629,6.703650630832261,0.7903748787526829,2.5112329194661567,0.14592906130585104,1.4039354452027981,2.395229918227587
H2O20Rel9,Noncovalent,0.7831530935332406,7.369060291613737,9.366483849124405,4.912792726529391,1.1969173989157,2.6415871458263167,8.269209959182572,5.857650647137242,5.67383199762127,6.227828981489052,4.7116351518789825,5.9752986562866806,1.8155020137645868,0.7805062971243122,0.5921418056633014,1.547067695745205
HB262,Noncovalent,0.5065612170503098,12.795352041988025,10.591486598163556,6.876526425400927,2.2411619849057502,2.2073816307647096,1.8382521566728072,2.540503456444352,2.4873608484087364,7.353147998649153,8.073700459571436,9.750622482705824,3.549854066809319,0.863769974028892,0.7743438302631952,0.7528939829261911
HB49,Noncovalent,0.5218472086466077,4.849349543838013,5.334427586171993,2.6072256126889015,1.2428248767536931,1.738939220410706,1.4634531913190902,1.6022483930718652,1.7795281729469294,3.0433573128312355,3.898341666998486,4.325814796539075,1.968472057642561,0.7415467542210044,0.8223951361283488,0.4846529892701253
HCP32,Noncovalent,1.0319848658036415,2.0204488630651203,1.8305297434807686,1.270837108662215,1.856239934206846,1.5679961300561622,1.0558944781950794,0.970890952663696,1.5066167346694128,2.750437621020669,1.7161595776149334,1.6004231600515928,2.7670835576815924,0.8786470060229522,0.7833675695841514,1.127587014788405
HEAVY28,Noncovalent,1.5901897124032192,6.900345921962796,6.636766470299814,5.099521200526792,1.2192672974957204,1.8943713788331955,1.8162854588771982,1.5747882885001343,1.7045457506276178,3.2398602762024824,3.3865271829941124,5.482149529089715,2.793425496352312,0.9455152408386444,0.9196889248230391,0.5527320961447119
HSG,Noncovalent,1.0840162702800493,20.675040044032407,19.31517762794112,13.774450901744693,1.2261541585141649,4.446012072831121,3.826190419796988,4.760015395655631,1.7406291451661537,13.355772497167758,11.712934058177611,17.925757679545782,7.817616184455523,0.6874702509780405,0.9414493521474445,0.5473579392084851
HW30,Noncovalent,0.7002198404540096,7.633696794286791,7.7794365925576905,3.555765028155066,1.4918832541680804,1.8379205001383991,2.1413178777819373,1.8824619401989588,2.352896494570152,3.1313894481368107,2.963121641411213,6.7329083105501,1.3801551762603292,1.0061058442396569,0.7955648163264355,0.6767679428387977
HW6Cl5,Noncovalent,0.7943614964537388,15.092061487535537,9.244718893243178,2.0326020008162113,2.232756811949519,7.00359519940807,8.00272443946291,6.485172957065951,5.822834852409427,2.4796614514104376,7.2756904776716365,7.541942472654127,5.619420665181217,0.5606136650784055,0.9332798808805662,0.40215578943672453
HW6F,Noncovalent,0.6119626062914159,9.424697488994648,3.6020206279694036,1.8918839028749175,2.4962355790887805,8.701449389915627,8.621948379544401,4.050387370367598,4.737290792157103,2.2990406182828997,4.906965239108324,2.3553704070847763,8.625337236156556,0.2727809234274805,0.23584121757629792,0.945661816449278
He3,Noncovalent,0.5887253390007807,1.3189510379519382,3.4301126932771475,1.4128612785625152,2.6617464979506065,2.0721579352667634,1.7477007408843321,1.1590229037130426,1.4755988131919457,0.9524999355866574,1.0081253646651296,1.3297162203665802,2.675437941421136,1.0384393456809746,0.8098202787205553,0.45904423711806436
IHB100,Noncovalent,0.4308790547275674,4.951288332814471,5.143329960592731,2.530535342362283,1.4556844302577046,1.9579084483991787,1.4689890388263245,1.8732761449394597,1.9612413193168232,2.3712352422744205,3.4408408836525894,3.6030068978342364,1.9498449872545847,0.8117852125892414,0.8619357139563536,0.9881404385377426
IHB100x2,Noncovalent,0.46773755493613534,3.7530882499979805,4.660638059301147,1.9091778634765177,1.4308969742066542,1.4944243553634282,1.1873893189407085,1.6153133785080285,1.688944165612265,1.7740514214645853,2.32059027355136,3.2149601085018333,1.989823752084051,0.8617030069918789,0.9429826078925153,0.8445622294473804
IL16,Noncovalent,0.6685572954703164,10.390858531417477,9.423641802038707,6.8074861628384244,2.262346878549756,3.8389462701192816,1.4360255623134737,3.3822342295551473,2.665289477096531,4.50457323383218,6.593497605323131,7.1417194050494786,1.7391522114532567,2.12783237189849,2.479655936759495,0.9524486047425559
NBC10,Noncovalent,0.44513515433047995,23.037089839489617,17.514609399172706,17.79443470702656,2.4180562139124366,5.857956392803827,2.8917474445333813,3.650867107443422,1.8200148174847757,15.591931025433743,11.768850052225481,17.5872034817357,9.43891996917037,0.6656578494657139,1.1962921068149044,1.4843670820979158
NC11,Noncovalent,0.5993998593320401,4.586687424189695,13.548550097934152,2.826404055216694,1.058034501402201,1.4269872695330186,1.940587551470972,2.0322791412749517,1.4335411432504563,1.8027432110100967,1.8137854225185213,8.01926870089354,2.2647409860890875,0.8334983089222473,0.7025600722865905,0.567581322141248
O24,Noncovalent,0.5809289939773761,8.619952766498137,16.526660189405884,4.860740465891324,0.9472081773577135,1.4036427987525602,2.1659301947880745,3.188673995519147,1.2608471506326975,4.169128138477452,2.9026058201842786,12.385993976599453,2.7318542489624686,0.9122362485516136,0.6245170089249696,0.43085319942433714
O24x4,Noncovalent,0.5004830842412784,7.074477054833004,11.144065797592352,4.072279911195256,1.051708415908215,2.0762019624387595,1.8507598575347197,2.049130305661766,1.7765673919439307,3.654176203713487,2.605312326453828,8.217447103431141,2.4500955324717237,0.8586849099268208,0.7193949977692726,0.631410608214674
PNICO23,Noncovalent,0.8567269150832673,8.438865116819173,7.054635121689207,5.875092824277625,1.50671202025642,1.4398791504114345,1.056012788779937,1.9224193264390361,1.3017356836766512,3.2220417446256726,3.784719188722973,5.669910367499437,2.2271426392467624,1.0593236133542328,0.8575106290987844,0.2927814205503886
RG10N,Noncovalent,0.5021086688788787,3.4071530444082687,5.80283514642251,2.0058780662984517,1.3091298623999226,1.5382723583454327,0.9599051396555711,1.5655236204868277,1.470223103372141,1.524931210879535,1.5870054855167415,3.340136305779631,1.3956163096227787,0.8731266986616919,1.198515715609194,0.6204798166070774
RG18,Noncovalent,0.9484523732581216,11.362208864094375,28.462098916929857,6.364564911926717,1.7472033614762628,1.701932081689204,3.2345195222150465,5.643063004060062,1.1441094632762026,4.98562230340013,3.533013708671194,18.87019832331093,3.034654823037522,0.8512391494539949,0.9893626346363885,1.13153537938571
S22,Noncovalent,0.6537979105326347,15.961916948710197,10.985318665247558,10.762785044470684,2.2756745895003068,3.344035027153552,1.6023838892670466,1.9575130324337506,2.37686615107339,10.136098448618544,8.51134197739627,11.094889274972703,5.470019451606016,0.9179496986302909,0.8979127345668743,0.772486311166638
S66,Noncovalent,0.6203599457596065,19.29219405780833,14.14319153000729,12.542584290871307,1.7726946752372053,3.317965097851965,1.5370646284029237,1.894004138786836,3.170842653343855,12.229241299601505,9.778295311447987,14.216261001286638,6.510713636261966,0.7218486030240614,0.5750706853839577,0.8606393915818165
S66Rel7,Noncovalent,0.43438816004084363,12.063308134897373,5.39944402269838,7.6368352531572805,1.4577788458025895,1.5428342285621741,1.9255124185824282,2.8651836693954817,2.910575037421385,7.601323325230669,6.070976581748217,6.210747134843122,3.6009045670489495,0.5784289797813739,0.9918535884517488,0.7204633996042311
SW49Bind22,Noncovalent,1.4554873983820575,12.520433441676946,7.980748480123546,3.776623220691471,1.0165222771322895,0.17038560131555908,2.138069824669043,2.164893304413958,0.6062660987986168,5.825676374688199,10.26730269151518,7.532537325781714,0.9015390417107231,0.9721477147310007,1.0113300081367054,1.2827249311021316
SW49Rel28,Noncovalent,0.43594405537056746,2.5092774617913296,1.6609489449303954,3.1367252618677606,0.8905346281462222,0.5223439275393382,1.5710224333833085,2.148515194015937,1.2395228012563373,2.6992490941547502,2.3233167294562977,1.7080536751188888,2.502244763124005,1.0005428397563438,1.6473091178200625,1.2235013629771863
Shields38,Noncovalent,0.2821727464258844,8.057917955959724,9.287794416300567,4.312994575537365,1.0523848519289765,3.514748967987589,3.0730335396476796,0.8960998273975614,0.932354167423821,1.3394854680033055,7.9837507230527756,7.2443732687458136,3.979822589591673,0.6934431818699742,1.0547760701236946,0.6160509288032395
TA13,Noncovalent,0.4944845705418663,1.5110719673615276,1.0014808804738555,1.5329407054510342,1.202842240762912,1.18006698318943,0.7816124068288242,0.7644251899011444,1.1542822200239216,1.4776239196537122,1.3354548755971594,1.086359049635237,1.2099075178575884,1.2279167753617801,1.29132062371975,0.4256219393071539
WATER27,Noncovalent,0.5249283467375215,6.859560725984114,7.344319290795799,2.613069671994796,0.9066510946882907,2.998230023303019,2.6578443607700333,1.712111348287928,1.364189518222762,2.6501407847831913,6.527284838369314,5.95483774595122,2.8463398411983487,0.43503900374694976,0.9266309685509008,0.6723936246269185
X40,Noncovalent,0.7423916969294795,10.828485663856648,9.741701814195721,7.382060815946415,1.2938025287272459,2.3777680094806084,1.5172930715888764,2.1778217010171126,1.5123638122971441,6.795737533718017,5.651639906036688,9.151251414590181,4.218659471860308,0.8029588842897416,0.9062112890940291,0.7803488434476422
X40x5,Noncovalent,0.7905186098217907,8.27979868704692,6.465781213877149,5.513276238194703,1.0847786082042437,1.7503016687499466,1.1557597315903694,1.4479723322585765,1.4066428277786431,4.531481397829122,3.906457779585418,6.1738132101117875,2.9447394174733432,0.7367081016684426,1.2913946074243965,0.7770361983275325
XB25,Noncovalent,0.5473964839716037,3.5181741013007057,4.122385259661632,2.6163387444653394,0.9726772314380979,1.5401319298094842,1.6268843414679954,2.0005629459881042,1.1280556381670752,2.2497754143281763,2.3667379324883955,3.7091863507537353,1.696554962536162,1.3016476015750098,1.4900747105513297,0.5019883114807234
AE11,Thermochemistry,3.5061297624245937,1.337762502679444,24.585683304007528,0.40489399694230566,1.1753208075371764,0.48691668978337965,1.3776526952357377,1.6654850681697313,5.846832702282353,3.4954446809325708,9.893410769312334,2.2168240003056874,1.6108804188556511,3.1535663227733206,3.5761492687519576,4.298300074739995
AE18,Thermochemistry,2.859700577165466,3.688319974513225,4.112410777050872,2.312791409807089,1.5197775568745802,1.957363893665391,0.4099097968396769,0.8398670002129504,1.5527842341129248,8.419047311658376,21.636192102891545,1.0880555080704462,1.3193898925389198,1.0720774917172566,2.2218084197286165,6.646778667836977
AL2X6,Thermochemistry,1.4736154358446938,9.282140517840554,3.5013665209338694,6.279281434986513,1.2773531909810996,0.7535841205740146,0.9090790035751228,2.223510509340789,1.5060333378574444,2.889207042430065,2.5030824348619376,5.288425944577914,0.9460092642052242,1.3702902223269215,1.2664138485895016,1.7528480899640801
ALK8,Thermochemistry,0.920413322485257,2.5403640595302286,1.3485100510741537,2.117364446668093,1.6031907838823287,0.97552415145688,1.001253007258649,0.9888309596659748,1.6427362545946766,0.8360379355532119,0.9251433628632213,0.8283572293923933,1.0723567691338074,1.0919371761650278,0.40101330746996033,1.495742037786077
ALKBDE10,Thermochemistry,1.657828075311546,1.292456230037186,1.1162701503804755,1.2717642736994963,0.9622127181402549,1.3486003463313745,1.2243385552548427,1.0652242700071002,0.8355224204415377,1.6074688039928586,1.0992531772156116,1.996853043554336,2.148332108129218,1.1004148387312833,1.1374510138816862,3.517487671359825
AlkAtom19,Thermochemistry,0.1253775952899782,9.772256914057321,3.178382055324474,1.2795148438906025,1.905185645657205,2.5751570908194346,5.40092400456609,4.8849516426634505,9.832724529088562,0.9437393829901691,3.9199772418108236,5.231469308925872,9.34256880412909,0.6117153470893505,1.1402333318163793,2.1239440459449326
AlkIsod14,Thermochemistry,0.7494481178960896,7.3272103214169215,4.396419667859618,5.39507757922565,0.632980401885798,1.5678985819417217,1.9630777274550926,2.2133879492851873,1.3840747208022213,5.544149926519082,5.336951794166505,6.138073093384831,2.8894683561629155,1.2038966217652338,2.0907608943016442,1.5068116496148098
BDE99MR,Thermochemistry,0.9439474877364874,1.101421069017212,1.7728581628144986,1.7335525028434462,1.038755076732015,2.322267969908292,1.9065244425680326,1.973096831183669,1.1463913802832313,1.0052735498889496,1.131317881451817,2.2266443094814257,3.0131062102724844,1.1171121298759064,1.227526650159835,2.8766174856466944
BDE99nonMR,Thermochemistry,0.5862663212026247,1.6501892578501032,1.16149383753325,1.3717765548852339,0.9044862181746934,1.2390667276829122,0.9453428050062985,1.1503572771329538,1.227534646873344,1.8797533199628191,1.2201861835737544,1.4932848768734088,3.361299083582926,0.7903699820687758,1.1632480472058304,1.2119569694767331
BH76RC,Thermochemistry,0.7529158953201767,2.017598062767915,1.4250721946871647,1.569986409757255,0.9965718532546122,1.174404766674557,0.9105648475799135,1.0915866291502998,1.3962153655464944,2.0668669274912763,1.0993704124273418,1.8938880817084827,2.6676464376237314,0.8465567540569148,1.4830528789289783,0.8193268171587004
BSR36,Thermochemistry,0.75619369610975,17.942875292447717,8.334204227553801,13.491237833447824,0.30195420156557556,2.8871995088155873,5.018795899670181,3.9972123662800696,0.85279415267239,12.76313227718932,10.285378299981565,14.723553051422645,6.238680917721437,0.8080424663180241,3.4170117042429093,2.1215250469827462
CR20,Thermochemistry,0.5371392678172544,12.141009226109388,6.8312129122205265,5.155334699068738,0.6791808402789803,0.9165962227905056,1.9883074008255495,2.711797807188475,1.6339122079802681,1.4457466235731027,6.330706640597992,1.797626477961649,1.1559464481309794,0.5012328313284661,3.2045874134461556,3.2170518740818252
DARC,Thermochemistry,1.1202269137518517,11.326735202547907,1.4016576085852366,5.42937962634093,1.0592937986808764,0.9972467663411733,1.7267411399208947,1.244619074266781,1.2524696393898536,2.2786162954049063,4.483650337003109,2.1392941190567702,1.604781400104191,0.5170714747885085,3.147243479743122,0.3583953283701853
DC13,Thermochemistry,0.3859649562607703,2.781173655362349,1.582225445026213,1.8783440537787992,0.7594582663601492,1.4759340576872813,1.30803895728911,1.315154791429778,0.9115967250534105,1.5776614501080424,1.4832536886894978,1.2998954544024295,1.4073044292903947,0.9475281665210065,1.1385455271349443,1.7899245283437861
DIPCS9,Thermochemistry,0.7630027832991618,1.4565210712342183,1.6161474030771137,1.4167063934715312,1.720893760456693,1.3319288399195928,0.9755620577748664,1.0548540023868451,1.3516396950631717,0.9707819175869613,0.883561099909199,1.5684183613951344,1.3560001810815965,1.5095758882535828,1.2744783751812183,1.5723064127597464
EA50,Thermochemistry,1.1558393421359767,1.1029565567333082,1.3248753542444822,1.051875539339578,0.899650019625397,1.318687463355086,1.049725530348083,1.868433530064045,0.9872304633831102,1.550927880112557,0.9630440062688059,1.1570160996735208,2.358771872961576,1.118109755363704,1.4115693620957683,1.8249153927486927
FH51,Thermochemistry,0.5048707594594897,3.384030606102705,1.4165408745963657,1.8483051874708045,0.9250035175105414,1.5117169221250288,1.001979697590871,1.037922986853921,1.3892423521901913,2.1365667101999213,1.7514966424168943,1.668955266386138,2.1650938236618473,0.8343656078739712,1.9524589334077118,1.1864225713528818
G21EA,Thermochemistry,1.1527975845645,1.89626896445755,1.2399800926372158,1.6260259955806127,0.9513921936929507,1.2668159549887943,1.3171690255984208,1.399084886885221,1.0480308568196541,1.9177729881799757,0.9388276896973892,1.3900983296049527,3.3749654906905606,1.0005757969609244,1.3591252555295297,1.7881112386104097
G21IP,Thermochemistry,0.6327171249575856,1.3639437393077616,1.1876242591014727,1.404825436597295,1.0681696744222537,1.1922461575351146,0.943155779515984,1.1219953209913298,0.9097531891723457,1.342933822871089,0.991715835231645,1.066503288900624,1.789075348565478,1.1289217443142003,1.0969203186945102,0.8422644070411431
G2RC24,Thermochemistry,0.5254266224096449,1.0402085497132993,1.6333008013269037,1.3885911081385107,0.9326599330247674,1.8257011606273574,0.809910246590066,1.511629883782357,1.1415643763669723,2.688583439285809,1.2319060561138346,1.9853114589400203,2.501982199075513,0.9254824690872377,1.7151330727770744,0.6089644128017051
HAT707MR,Thermochemistry,0.7684174217342419,0.9852683433465445,1.6580384601327691,1.1705233875334218,1.0479719006670098,1.8434001358557661,1.5496424864935836,1.5816277382508819,1.389730029373431,1.0317766225796274,0.9538186366404527,1.3467329216744952,1.5388300308471003,1.03134241207057,1.2311168780140929,2.508115780315345
HAT707nonMR,Thermochemistry,0.5623540888232362,1.3034684368901757,1.2733109141771917,1.3919931424220435,0.8040198064873345,1.3977696101728831,1.0578393310726217,1.1853878438020002,1.1369506219062642,1.7104168814065066,1.1365926469988945,1.293170001884399,2.6515951124883075,0.8047477255677024,1.2774409563425633,1.180171730968203
HEAVYSB11,Thermochemistry,0.31856384483764016,3.846737853164972,1.8515403168272428,3.6799031617209317,1.1851505160086178,1.7549353234232712,4.210331943575891,1.6028074728551145,2.564756675593596,1.8339305887466861,1.6617456851796941,1.8238907239167876,3.0226269028747104,1.3599363261793675,0.7236138914240712,0.9052512689668237
HNBrBDE18,Thermochemistry,0.25166752918607005,4.283227480174398,2.0647220060596583,3.7763659135336094,1.072549581381352,1.4901456875399643,1.7969040446807494,0.4683519401390876,1.3761691826901954,2.060637449492067,1.8708063412727909,2.998030149741204,4.8571401402173695,1.5198353205367738,1.4363902853268486,0.7524984257785768
IP23,Thermochemistry,0.6369974717784823,0.9783920584527318,1.3168056411836098,1.2666472216576403,1.084737140609005,1.5702947010652255,1.1908434501281981,1.7341513812445106,1.0059691279879035,1.3438948847891876,1.0156388135593684,1.294093355380693,1.9623395646990835,1.0492072036866746,0.9427319277957773,1.4734314245937734
IP30,Thermochemistry,0.7323072941843357,1.6635786911373598,1.0878738786821416,1.2122210484719915,1.2402591241911678,1.0065962407650484,0.7048581577282401,0.9055298805528106,1.2060116509552798,1.9261882083239383,1.4268821079194944,1.1023862776573452,2.1072348755415486,1.575194107275932,1.5057941160500858,0.9840558241417021
MB08-165,Thermochemistry,0.8600541425304542,1.7679142527886416,1.2207046654460798,1.9319211740268325,0.8643971205791219,1.4927636972396994,1.0411701945029375,1.087550293512436,1.4734058031347463,1.8857701859004463,1.0453055456647122,1.771741278952115,1.9496102189263105,0.8288018223061444,1.6803937064040553,0.8516425411146059
MB16-43,Thermochemistry,1.8789985257037582,4.830173533590038,0.9548753797387834,4.083933488645625,0.7074282533668882,1.996205925478309,1.2016551252313485,1.3435144968982164,1.6240444571419745,1.5175175926984983,1.113274357134459,3.14131555789754,1.1463484314019365,1.2847709077262837,2.8325432719637065,1.6683743369125583
MX34,Thermochemistry,3.5318369750632774,3.8950877325357687,1.8350985055196314,2.367520557558754,1.3950243812065282,0.9019794617694438,1.3996735941707097,0.8573531693849045,0.7111942479653742,2.8250884105152263,1.8592084541513754,3.1497936280362455,2.4504615669788494,1.3161945900537322,1.2248411824236047,1.8516494610165102
NBPRC,Thermochemistry,0.555122442093942,4.160247565773467,1.2885052293960877,2.757218791127601,1.0683157109206223,1.3367964810919526,0.7925989615419194,1.6410648857384187,1.4517466021046879,2.079649820938634,1.8089835112563362,2.1143739164495825,1.6031845493709722,0.7721681094521564,1.2095454602494768,0.6072967305532362
P34AE,Thermochemistry,0.21609200451311344,2.830560766011683,1.1247339615919738,1.908938384872988,1.123675348148517,1.546666485861684,2.9813167907085227,1.2301974259063506,2.841975997129321,1.6041137004426063,1.254552738805342,2.2516244924636126,2.8825862069046604,1.1618051330676276,0.5439611086081051,1.9802944865979624
P34EA,Thermochemistry,0.6748328161756191,1.5888737554265664,2.526077130615111,1.5564554702363698,1.206724781835344,1.3166493721680328,2.363970072919987,2.4750534008444647,1.3772488091899506,0.819537602575584,1.4239609050620423,0.9737376155890711,0.7721857730486,1.7714907948001473,2.2391772842659603,0.6999284072380733
P34IP,Thermochemistry,0.5311729706094466,1.3089285834209203,2.564271318663045,1.2097159664442194,0.9560072492601486,0.8282238798715889,2.139763831484404,1.980331192740094,1.9480344896338593,1.1597173469537416,1.27689706945351,0.878614734659231,1.2265947528684777,1.5356126315113987,1.5270369268078248,0.99401441884252
PA26,Thermochemistry,0.7876117184485012,1.826725476930199,1.5759432886651825,1.061584061520482,1.0515204884070681,0.9239734186626571,1.0306918689349043,0.7567887191958572,1.3032009223059176,1.943037821237884,1.783358930160526,2.6872884826991728,1.9762606528426312,1.2036142233159552,2.0243036989640566,1.4129985152638929
PlatonicRE18,Thermochemistry,0.5317062752647316,4.565984676809343,3.1224375686350774,3.830477946957606,0.6923839539325286,2.701629117348035,1.8339437944513937,2.122077351308651,2.305467350101875,2.858318408733605,3.2359364137564324,3.3739942699281893,2.35268908543197,0.7170951716436663,0.9409272004703966,0.6736271528789706
PlatonicTAE6,Thermochemistry,0.8118069170639562,8.765343892307685,1.911576795254791,3.236828798066811,0.9235864510444414,1.4145300691805693,2.3304533183777068,3.118259853062885,2.0811770234647913,6.2735255148623805,1.8075983784873173,1.0864888517583446,4.552591757431591,0.8520114796928728,1.5420469472003757,1.144360044704724
RC21,Thermochemistry,0.7008264351239697,1.381756442533407,1.3561447457132842,1.2186591782423846,0.9518156588706096,1.5771821068899048,0.973642678656625,0.9117190329861461,1.059821441013993,2.570476791017339,1.4250749496848847,1.7802341144478029,2.4553458791934135,1.1186903244037183,2.1524275794814254,1.054752332547492
RSE43,Thermochemistry,0.5611029433380832,2.7150746497211387,1.6517192120156683,1.8837616414271199,1.0601208987324613,1.1531045591539106,0.8777133765264057,0.7883217055898718,1.8392753923052296,2.173479097113295,3.0398861898286516,1.9960523335480909,1.1138176392539378,1.064996082738444,1.3468202106228337,1.2620960504926353
SIE4x4,Thermochemistry,0.5651762489199006,1.90292760430902,1.0979830734490108,1.4618074288210707,1.1843092881026998,0.9360184004173198,0.9305374118347188,0.9223097624618186,1.2286868847685382,1.5262544927293158,1.6431314333636622,1.111125329557576,1.1766512053274836,1.1564415134056831,1.2392151450477387,0.4315785501473581
SN13,Thermochemistry,1.299904728900298,3.5866499943628605,1.060411478865876,2.901728597938563,0.9040912129031669,1.8957738844296543,1.1015718364459464,1.2078766553281155,4.453778060579997,1.4806518400975128,1.1103372335410135,3.662228071645472,3.013354375215351,0.7991689783856298,1.2985086310237055,1.7423108869655528
TAE_W4-17MR,Thermochemistry,1.0564290931787197,1.4399093829000893,2.4206119736768987,1.9883638011216205,1.0010910108268982,2.548181113064112,2.054792280421643,2.3685789569719655,1.2659402582799462,0.894334750533862,0.7912724353499654,3.3031002693397804,5.097330593955831,1.2887495715132515,1.1617652410438368,3.840880619249686
TAE_W4-17nonMR,Thermochemistry,0.4810864128113634,2.161038429679074,1.0715856960700998,1.4301440441175786,1.0458039297015553,1.3058455510707943,1.0142439605000924,1.1449165073690981,1.2869227386827207,1.7370582662100624,0.9233008727306564,1.7932220846582372,5.104769712566054,0.7380740631479931,0.9418814822133823,1.456567035564509
WCPT6,Thermochemistry,0.6761416687304861,1.4438916410468479,2.1148590707729102,1.3194425501986,0.8628121584236285,1.7262649849927603,1.2040942432281683,1.0895676223560682,1.791946543808861,1.4212984840587546,1.2292138439211853,1.0331410210212801,1.4813486456823552,0.5166762948855892,1.3236692091544868,0.8187400267690257
YBDE18,Thermochemistry,0.5844054519715273,4.775890308828063,2.9665851079004066,3.1552715626628536,1.5175393381557998,0.5871249818582747,1.4649597962754726,1.281997797674702,1.971737292183786,1.5019460246483056,2.4188705156398513,2.075394184212134,2.3192914191717424,1.724269709716174,1.1941327485765614,0.9097439615077723
3d4dIPSS,Transition Metal,1.1113881048350798,1.436868997042665,1.5914112549044623,1.022981930824326,0.9510071107454686,1.8892464563158666,1.5707986157934986,0.9939153639053795,1.3396837527955887,1.6842515655169572,1.1173383882912051,1.0620125034995254,3.280825252136624,0.9831027052702946,1.2010381842321693,0.8327558543785674
CUAGAU83,Transition Metal,0.6905608301179141,1.584883513019072,1.1832303666015351,1.4674571586450367,0.7908187865370548,1.780561249194701,3.018195489617831,2.8863806108740704,0.8912470314586024,1.4408045948126897,1.4088611503489694,1.7632203028769313,1.2624571272699423,1.5305354919204581,1.6168521637477689,0.9597537744844128
DAPD,Transition Metal,1.6591936349405516,0.9580273837354079,4.295516573389118,1.714687548459076,0.8904655116925153,3.038947552164071,4.644488920563009,5.759437020117308,0.9412582221010856,1.00572100335877,0.7935864927804508,2.6398800387581822,1.5205560581927957,2.2561601354970553,2.1081003885811174,2.2658935401520797
MME52,Transition Metal,1.1429719204497824,1.9179715697887978,1.3733857033546448,1.4580076845110777,0.989823132665238,1.0786831966584904,1.202369773330921,1.2159303287562941,1.1627270441604993,1.4093372549060743,1.1651164101851448,1.1986101048976756,1.1567537535944798,0.9369338122218104,0.9526388892258956,1.0634593285240794
MOBH28,Transition Metal,0.6629025743349918,1.8451263667759623,1.465632819261803,1.5139721478771653,0.9857900779087555,1.1784312014264686,1.447013910556371,1.5134205644238603,0.971187297636611,1.3158581512694631,1.052422108260264,1.6004466621277333,1.1231431558109881,0.9830165126780652,1.241003623645779,1.7040354316533326
MOR13,Transition Metal,1.7321918838250088,4.884183660816665,2.539394176489411,3.747735472007233,1.3419430038794244,1.71660573640686,2.988094126221895,2.4873065336151243,1.1133062469761648,2.874626601833259,2.784770609909062,3.7611743043744665,1.7451779090768498,0.9098879732520235,1.0248878863418316,1.5713276776056648
ROST61,Transition Metal,0.6609264583855045,3.5732520288145535,2.2194079289434625,2.865420077953192,1.4658531869382134,1.8111866636756855,2.3580444092964425,1.9901732233529499,1.4486998661531107,2.2457549991541184,1.8569105871200937,2.6969444031677927,1.5454289235037728,1.0118998332381388,1.0165425095665657,0.7570676907493163
TMB11,Transition Metal,0.5352355195479049,1.86008074944204,1.9811081841664753,1.7219790258819099,1.0410391503584033,0.9624064177308236,1.4740334837062896,1.571620859423454,1.0808200927780904,1.2470961896310164,1.0125034418038794,1.7183844782076234,1.1759518712850796,0.9314699021128227,1.2917131355231741,0.8045424886347805
TMD10,Transition Metal,1.2714808687256653,1.0976722878404421,1.256238938650932,1.1415890987351718,0.8965006169881455,2.2435685354734862,1.8402833717582094,1.5885153563161873,0.9863231618047625,1.2683411382176955,1.0807235868863843,1.8726149562718608,2.1014367680374857,1.1459524322600723,0.9602274370851526,2.218453259214888
